ISO-10303-21;
HEADER;
/* Generated by software containing ST-Developer
 * from STEP Tools, Inc. (www.steptools.com) 
 */
/* OPTION: using custom renumber hook */

FILE_DESCRIPTION(
/* description */ ('STEP AP242 Edition 2',
'CAx-IF Rec.Pracs.---Representation and Presentation of Product Manufa
cturing Information (PMI)---4.0---2014-10-13',
'CAx-IF Rec.Pracs.---3D Tessellated Geometry---0.4---2014-09-14','2;1',
'CAx-IF Rec.Pracs.---User Defined Attributes---1.5---2016-08-15'),
/* implementation_level */ '2;1');

FILE_NAME(
/* name */ 'Part Studio 1 - Part 1',
/* time_stamp */ '2026-08-30T20:49:30Z',
/* author */ (''),
/* organization */ (''),
/* preprocessor_version */ 'ST-DEVELOPER v20',
/* originating_system */ 'ONSHAPE BY PTC INC, 1.220',
/* authorisation */ '  ');

FILE_SCHEMA (('AP242_MANAGED_MODEL_BASED_3D_ENGINEERING_MIM_LF { 1 0 10303 442 3 1 4 }'));
ENDSEC;

DATA;
#10=SHAPE_REPRESENTATION_RELATIONSHIP('','',#315,#11);
#11=ADVANCED_BREP_SHAPE_REPRESENTATION('',(#313),#1425);
#12=PLANE('',#317);
#13=PLANE('',#318);
#14=PLANE('',#319);
#15=PLANE('',#320);
#16=PLANE('',#321);
#17=PLANE('',#322);
#18=PLANE('',#323);
#19=B_SPLINE_CURVE_WITH_KNOTS('',3,(#424,#425,#426,#427,#428,#429,#430,
#431,#432),.UNSPECIFIED.,.F.,.F.,(4,1,1,1,1,1,4),(0.,0.0811675548670466,
0.243835501224545,0.445605477183738,0.697687703925088,0.910421070139665,
1.),.UNSPECIFIED.);
#20=B_SPLINE_CURVE_WITH_KNOTS('',3,(#436,#437,#438,#439,#440,#441,#442,
#443,#444),.UNSPECIFIED.,.F.,.F.,(4,1,1,1,1,1,4),(0.,0.0811675548670466,
0.243835501224545,0.445605477183738,0.697687703925088,0.910421070139665,
1.),.UNSPECIFIED.);
#21=B_SPLINE_CURVE_WITH_KNOTS('',3,(#482,#483,#484,#485,#486,#487,#488),
 .UNSPECIFIED.,.F.,.F.,(4,1,1,1,4),(0.,0.270252517891965,0.345342798196164,
0.516730431613147,0.590737753821395),.UNSPECIFIED.);
#22=B_SPLINE_CURVE_WITH_KNOTS('',3,(#489,#490,#491,#492,#493,#494,#495),
 .UNSPECIFIED.,.F.,.F.,(4,1,1,1,4),(0.,0.270252517891965,0.345342798196164,
0.516730431613147,0.590737753821395),.UNSPECIFIED.);
#23=B_SPLINE_CURVE_WITH_KNOTS('',3,(#532,#533,#534,#535,#536,#537,#538,
#539,#540,#541,#542,#543,#544,#545,#546,#547,#548,#549,#550,#551,#552,#553,
#554,#555,#556,#557),.UNSPECIFIED.,.F.,.F.,(4,1,1,1,1,1,1,1,1,1,1,1,1,1,
1,1,1,1,1,1,1,1,1,4),(0.137754239321346,0.162738817902347,0.187723396483347,
0.212707975064347,0.225200264354848,0.237692553645348,0.250184842935849,
0.262677132226348,0.275169421516849,0.287661710807349,0.31264628938835,
0.33763086796935,0.36261544655035,0.387600025131351,0.412584603712351,0.425076893002852,
0.437569182293352,0.443815326938601,0.450061471583852,0.462553760874352,
0.475046050164852,0.487538339455352,0.512522918036353,0.537507496617353),
 .UNSPECIFIED.);
#24=B_SPLINE_CURVE_WITH_KNOTS('',3,(#562,#563,#564,#565,#566,#567,#568,
#569,#570,#571,#572,#573,#574,#575,#576,#577,#578,#579,#580,#581,#582,#583,
#584,#585,#586,#587),.UNSPECIFIED.,.F.,.F.,(4,1,1,1,1,1,1,1,1,1,1,1,1,1,
1,1,1,1,1,1,1,1,1,4),(0.137754239321346,0.162738817902347,0.187723396483347,
0.212707975064347,0.225200264354848,0.237692553645348,0.250184842935849,
0.262677132226348,0.275169421516849,0.287661710807349,0.31264628938835,
0.33763086796935,0.36261544655035,0.387600025131351,0.412584603712351,0.425076893002852,
0.437569182293352,0.443815326938601,0.450061471583852,0.462553760874352,
0.475046050164852,0.487538339455352,0.512522918036353,0.537507496617353),
 .UNSPECIFIED.);
#25=B_SPLINE_CURVE_WITH_KNOTS('',3,(#614,#615,#616,#617,#618,#619,#620,
#621,#622,#623,#624,#625,#626,#627,#628,#629,#630,#631),.UNSPECIFIED.,.F.,
 .F.,(4,1,1,1,1,1,1,1,1,1,1,1,1,1,1,4),(0.869406251145339,0.891092083342134,
0.901934999440531,0.912777915538929,0.934463747735723,0.956149579932518,
0.966992496030915,0.977835412129312,0.98867832822771,0.994099786276908,
0.999521244326107,1.00494270237531,1.0103641604245,1.0212070765229,1.0320499926213,
1.0428929087197),.UNSPECIFIED.);
#26=B_SPLINE_CURVE_WITH_KNOTS('',3,(#633,#634,#635,#636,#637,#638,#639,
#640,#641,#642,#643,#644,#645,#646,#647,#648,#649,#650),.UNSPECIFIED.,.F.,
 .F.,(4,1,1,1,1,1,1,1,1,1,1,1,1,1,1,4),(0.869406251145339,0.891092083342134,
0.901934999440531,0.912777915538929,0.934463747735723,0.956149579932518,
0.966992496030915,0.977835412129312,0.98867832822771,0.994099786276908,
0.999521244326107,1.00494270237531,1.0103641604245,1.0212070765229,1.0320499926213,
1.0428929087197),.UNSPECIFIED.);
#27=B_SPLINE_CURVE_WITH_KNOTS('',3,(#699,#700,#701,#702,#703,#704,#705,
#706,#707,#708,#709,#710,#711,#712,#713,#714,#715,#716,#717,#718,#719,#720,
#721,#722,#723,#724,#725,#726,#727,#728,#729,#730,#731,#732),
 .UNSPECIFIED.,.F.,.F.,(4,1,1,1,1,1,1,1,1,1,1,1,1,1,1,1,1,1,1,1,1,1,1,1,
1,1,1,1,1,1,1,4),(-0.0189752074510607,0.0133209063060258,0.0456170200631124,
0.110209247577285,0.174801475091459,0.207097588848545,0.239393702605632,
0.271689816362718,0.303985930119805,0.320133986998348,0.336282043876891,
0.352430100755435,0.368578157633978,0.384726214512521,0.400874271391065,
0.417022328269608,0.433170385148151,0.449318442026694,0.465466498905238,
0.481614555783781,0.497762612662324,0.530058726419411,0.562354840176497,
0.594650953933584,0.62694706769067,0.659243181447757,0.691539295204843,
0.756131522719016,0.820723750233189,0.885315977747363,0.949908205261536,
1.01450043277571),.UNSPECIFIED.);
#28=B_SPLINE_CURVE_WITH_KNOTS('',3,(#734,#735,#736,#737,#738,#739,#740,
#741,#742,#743,#744,#745,#746,#747,#748,#749,#750,#751,#752,#753,#754,#755,
#756,#757,#758,#759,#760,#761,#762,#763,#764,#765,#766,#767),
 .UNSPECIFIED.,.F.,.F.,(4,1,1,1,1,1,1,1,1,1,1,1,1,1,1,1,1,1,1,1,1,1,1,1,
1,1,1,1,1,1,1,4),(-0.0189752074510607,0.0133209063060258,0.0456170200631124,
0.110209247577285,0.174801475091459,0.207097588848545,0.239393702605632,
0.271689816362718,0.303985930119805,0.320133986998348,0.336282043876891,
0.352430100755435,0.368578157633978,0.384726214512521,0.400874271391065,
0.417022328269608,0.433170385148151,0.449318442026694,0.465466498905238,
0.481614555783781,0.497762612662324,0.530058726419411,0.562354840176497,
0.594650953933584,0.62694706769067,0.659243181447757,0.691539295204843,
0.756131522719016,0.820723750233189,0.885315977747363,0.949908205261536,
1.01450043277571),.UNSPECIFIED.);
#29=B_SPLINE_CURVE_WITH_KNOTS('',3,(#830,#831,#832,#833,#834,#835,#836,
#837,#838,#839,#840,#841,#842,#843,#844,#845,#846,#847,#848,#849,#850,#851,
#852,#853,#854,#855,#856,#857,#858,#859,#860,#861,#862,#863,#864,#865,#866,
#867,#868,#869,#870,#871,#872),.UNSPECIFIED.,.F.,.F.,(4,1,1,1,1,1,1,1,1,
1,1,1,1,1,1,1,1,1,1,1,1,1,1,1,1,1,1,1,1,1,1,1,1,1,1,1,1,1,1,1,4),(-0.0076913976619062,
0.0254906513608924,0.058672700383691,0.0918547494064896,0.125036798429288,
0.158218847452087,0.174809871963486,0.191400896474885,0.207991920986284,
0.224582945497684,0.241173970009083,0.249469482264783,0.257764994520483,
0.266060506776182,0.274356019031882,0.282651531287582,0.290947043543281,
0.299242555798981,0.30753806805468,0.31583358031038,0.32412909256608,0.332424604821779,
0.340720117077479,0.349015629333179,0.357311141588879,0.373902166100277,
0.390493190611677,0.407084215123077,0.423675239634476,0.440266264145875,
0.456857288657274,0.465152800912974,0.473448313168673,0.481743825424373,
0.490039337680073,0.498334849935772,0.506630362191472,0.510778118319322,
0.514925874447172,0.519073630575021,0.523221386702871),.UNSPECIFIED.);
#30=B_SPLINE_CURVE_WITH_KNOTS('',3,(#873,#874,#875,#876,#877,#878,#879,
#880,#881,#882,#883,#884,#885,#886,#887,#888,#889,#890,#891,#892,#893,#894,
#895,#896,#897,#898,#899,#900,#901,#902,#903,#904,#905,#906,#907,#908,#909,
#910,#911,#912,#913,#914,#915),.UNSPECIFIED.,.F.,.F.,(4,1,1,1,1,1,1,1,1,
1,1,1,1,1,1,1,1,1,1,1,1,1,1,1,1,1,1,1,1,1,1,1,1,1,1,1,1,1,1,1,4),(-0.0076913976619062,
0.0254906513608924,0.058672700383691,0.0918547494064896,0.125036798429288,
0.158218847452087,0.174809871963486,0.191400896474885,0.207991920986284,
0.224582945497684,0.241173970009083,0.249469482264783,0.257764994520483,
0.266060506776182,0.274356019031882,0.282651531287582,0.290947043543281,
0.299242555798981,0.30753806805468,0.31583358031038,0.32412909256608,0.332424604821779,
0.340720117077479,0.349015629333179,0.357311141588879,0.373902166100277,
0.390493190611677,0.407084215123077,0.423675239634476,0.440266264145875,
0.456857288657274,0.465152800912974,0.473448313168673,0.481743825424373,
0.490039337680073,0.498334849935772,0.506630362191472,0.510778118319322,
0.514925874447172,0.519073630575021,0.523221386702871),.UNSPECIFIED.);
#31=B_SPLINE_CURVE_WITH_KNOTS('',3,(#928,#929,#930,#931,#932,#933),
 .UNSPECIFIED.,.F.,.F.,(4,1,1,4),(0.,0.346806826698751,0.481671783256617,
1.),.UNSPECIFIED.);
#32=B_SPLINE_CURVE_WITH_KNOTS('',3,(#934,#935,#936,#937,#938,#939),
 .UNSPECIFIED.,.F.,.F.,(4,1,1,4),(0.,0.346806826698751,0.481671783256617,
1.),.UNSPECIFIED.);
#33=B_SPLINE_CURVE_WITH_KNOTS('',3,(#945,#946,#947,#948,#949,#950,#951,
#952,#953,#954,#955,#956,#957,#958,#959,#960,#961,#962,#963,#964,#965,#966,
#967,#968,#969,#970,#971,#972,#973,#974,#975,#976,#977,#978,#979,#980,#981,
#982,#983,#984,#985,#986,#987,#988,#989,#990,#991,#992,#993,#994,#995,#996,
#997,#998,#999,#1000,#1001,#1002,#1003,#1004,#1005,#1006),.UNSPECIFIED.,
 .F.,.F.,(4,1,1,1,1,1,1,1,1,1,1,1,1,1,1,1,1,1,1,1,1,1,1,1,1,1,1,1,1,1,1,
1,1,1,1,1,1,1,1,1,1,1,1,1,1,1,1,1,1,1,1,1,1,1,1,1,1,1,1,4),(-0.06641322607871,
-0.0315018279289071,0.00340957022089573,0.0383209683706986,0.0732323665205014,
0.108143764670304,0.143055162820107,0.17796656096991,0.212877959119713,
0.247789357269515,0.265245056344417,0.282700755419319,0.30015645449422,
0.30888430403167,0.317612153569122,0.326340003106572,0.335067852644023,
0.339431777412748,0.343795702181473,0.348159626950199,0.352523551718924,
0.356887476487649,0.361251401256375,0.369979250793825,0.374343175562551,
0.378707100331277,0.383071025100002,0.387434949868727,0.391798874637452,
0.396162799406177,0.400526724174903,0.402708686559266,0.404890648943629,
0.413618498481079,0.42234634801853,0.43107419755598,0.435438122324706,0.439802047093431,
0.444165971862157,0.448529896630882,0.452893821399607,0.457257746168333,
0.465985595705783,0.474713445243234,0.479077370011959,0.483441294780685,
0.492169144318136,0.509624843393037,0.527080542467938,0.561991940617741,
0.596903338767544,0.631814736917347,0.66672613506715,0.701637533216952,
0.736548931366755,0.771460329516558,0.841283125816164,0.91110592211577,
0.980928718415375,1.05075151471498),.UNSPECIFIED.);
#34=B_SPLINE_CURVE_WITH_KNOTS('',3,(#1010,#1011,#1012,#1013,#1014,#1015,
#1016,#1017,#1018,#1019,#1020,#1021,#1022,#1023,#1024,#1025,#1026,#1027,
#1028,#1029,#1030,#1031,#1032,#1033,#1034,#1035,#1036,#1037,#1038,#1039),
 .UNSPECIFIED.,.F.,.F.,(4,1,1,1,1,1,1,1,1,1,1,1,1,1,1,1,1,1,1,1,1,1,1,1,
1,1,1,4),(0.188003079068427,0.205076394151038,0.213613051692343,0.222149709233648,
0.230686366774954,0.234954695545606,0.239223024316259,0.247759681857565,
0.25629633939887,0.264832996940175,0.273369654481481,0.281906312022786,
0.290442969564091,0.307516284646702,0.324589599729313,0.341662914811923,
0.358736229894535,0.375809544977145,0.392882860059755,0.409956175142366,
0.418492832683672,0.427029490224977,0.435566147766282,0.439834476536935,
0.444102805307588,0.448371134078241,0.452639462848893,0.461176120390199),
 .UNSPECIFIED.);
#35=B_SPLINE_CURVE_WITH_KNOTS('',3,(#1041,#1042,#1043,#1044,#1045,#1046,
#1047,#1048,#1049,#1050,#1051,#1052,#1053,#1054,#1055,#1056,#1057,#1058,
#1059,#1060,#1061,#1062,#1063,#1064,#1065,#1066,#1067,#1068,#1069,#1070,
#1071,#1072,#1073,#1074,#1075,#1076,#1077,#1078,#1079,#1080,#1081,#1082,
#1083,#1084,#1085,#1086,#1087,#1088,#1089,#1090,#1091,#1092,#1093,#1094,
#1095,#1096,#1097,#1098,#1099,#1100),.UNSPECIFIED.,.F.,.F.,(4,1,1,1,1,1,
1,1,1,1,1,1,1,1,1,1,1,1,1,1,1,1,1,1,1,1,1,1,1,1,1,1,1,1,1,1,1,1,1,1,1,1,
1,1,1,1,1,1,1,1,1,1,1,1,1,1,1,4),(-0.0269198918166713,0.00586811176110737,
0.0386561153388861,0.0714441189166648,0.104232122494443,0.137020126072222,
0.153414127861111,0.169808129650001,0.186202131438891,0.20259613322778,
0.218990135016669,0.235384136805559,0.243581137700003,0.251778138594448,
0.259975139488893,0.264073639936115,0.268172140383337,0.27227064083056,
0.276369141277782,0.280467641725004,0.284566142172227,0.288664642619449,
0.292763143066671,0.296861643513893,0.298910893737505,0.300960143961116,
0.303009394184727,0.305058644408338,0.307107894631949,0.308132519743755,
0.309157144855561,0.313255645302783,0.315304895526394,0.317354145750005,
0.321452646197228,0.32555114664445,0.329649647091672,0.331698897315284,
0.333748147538894,0.337846647986117,0.341945148433339,0.346043648880561,
0.350142149327784,0.358339150222229,0.366536151116673,0.382930152905563,
0.399324154694452,0.415718156483341,0.432112158272231,0.44850616006112,
0.464900161850009,0.473097162744454,0.481294163638899,0.485392664086121,
0.489491164533344,0.491540414756955,0.493589664980566,0.497688165427788),
 .UNSPECIFIED.);
#36=B_SPLINE_CURVE_WITH_KNOTS('',3,(#1105,#1106,#1107,#1108,#1109,#1110,
#1111,#1112,#1113,#1114,#1115,#1116,#1117,#1118,#1119,#1120,#1121,#1122,
#1123,#1124,#1125,#1126,#1127,#1128,#1129,#1130,#1131,#1132,#1133,#1134,
#1135,#1136,#1137,#1138,#1139,#1140,#1141,#1142,#1143,#1144,#1145,#1146,
#1147,#1148,#1149,#1150,#1151,#1152,#1153,#1154,#1155,#1156,#1157,#1158,
#1159,#1160,#1161,#1162,#1163,#1164),.UNSPECIFIED.,.F.,.F.,(4,1,1,1,1,1,
1,1,1,1,1,1,1,1,1,1,1,1,1,1,1,1,1,1,1,1,1,1,1,1,1,1,1,1,1,1,1,1,1,1,1,1,
1,1,1,1,1,1,1,1,1,1,1,1,1,1,1,4),(-0.0269198918166713,0.00586811176110737,
0.0386561153388861,0.0714441189166648,0.104232122494443,0.137020126072222,
0.153414127861111,0.169808129650001,0.186202131438891,0.20259613322778,
0.218990135016669,0.235384136805559,0.243581137700003,0.251778138594448,
0.259975139488893,0.264073639936115,0.268172140383337,0.27227064083056,
0.276369141277782,0.280467641725004,0.284566142172227,0.288664642619449,
0.292763143066671,0.296861643513893,0.298910893737505,0.300960143961116,
0.303009394184727,0.305058644408338,0.307107894631949,0.308132519743755,
0.309157144855561,0.313255645302783,0.315304895526394,0.317354145750005,
0.321452646197228,0.32555114664445,0.329649647091672,0.331698897315284,
0.333748147538894,0.337846647986117,0.341945148433339,0.346043648880561,
0.350142149327784,0.358339150222229,0.366536151116673,0.382930152905563,
0.399324154694452,0.415718156483341,0.432112158272231,0.44850616006112,
0.464900161850009,0.473097162744454,0.481294163638899,0.485392664086121,
0.489491164533344,0.491540414756955,0.493589664980566,0.497688165427788),
 .UNSPECIFIED.);
#37=B_SPLINE_CURVE_WITH_KNOTS('',3,(#1166,#1167,#1168,#1169,#1170,#1171,
#1172,#1173,#1174,#1175,#1176,#1177,#1178,#1179,#1180,#1181,#1182,#1183,
#1184,#1185,#1186,#1187,#1188,#1189,#1190,#1191,#1192,#1193,#1194,#1195),
 .UNSPECIFIED.,.F.,.F.,(4,1,1,1,1,1,1,1,1,1,1,1,1,1,1,1,1,1,1,1,1,1,1,1,
1,1,1,4),(0.188003079068427,0.205076394151038,0.213613051692343,0.222149709233648,
0.230686366774954,0.234954695545606,0.239223024316259,0.247759681857565,
0.25629633939887,0.264832996940175,0.273369654481481,0.281906312022786,
0.290442969564091,0.307516284646702,0.324589599729313,0.341662914811923,
0.358736229894535,0.375809544977145,0.392882860059755,0.409956175142366,
0.418492832683672,0.427029490224977,0.435566147766282,0.439834476536935,
0.444102805307588,0.448371134078241,0.452639462848893,0.461176120390199),
 .UNSPECIFIED.);
#38=B_SPLINE_CURVE_WITH_KNOTS('',3,(#1199,#1200,#1201,#1202,#1203,#1204,
#1205,#1206,#1207,#1208,#1209,#1210,#1211,#1212,#1213,#1214,#1215,#1216,
#1217,#1218,#1219,#1220,#1221,#1222,#1223,#1224,#1225,#1226,#1227,#1228,
#1229,#1230,#1231,#1232,#1233,#1234,#1235,#1236,#1237,#1238,#1239,#1240,
#1241,#1242,#1243,#1244,#1245,#1246,#1247,#1248,#1249,#1250,#1251,#1252,
#1253,#1254,#1255,#1256,#1257,#1258,#1259,#1260),.UNSPECIFIED.,.F.,.F.,
(4,1,1,1,1,1,1,1,1,1,1,1,1,1,1,1,1,1,1,1,1,1,1,1,1,1,1,1,1,1,1,1,1,1,1,
1,1,1,1,1,1,1,1,1,1,1,1,1,1,1,1,1,1,1,1,1,1,1,1,4),(-0.06641322607871,-0.0315018279289071,
0.00340957022089573,0.0383209683706986,0.0732323665205014,0.108143764670304,
0.143055162820107,0.17796656096991,0.212877959119713,0.247789357269515,
0.265245056344417,0.282700755419319,0.30015645449422,0.30888430403167,0.317612153569122,
0.326340003106572,0.335067852644023,0.339431777412748,0.343795702181473,
0.348159626950199,0.352523551718924,0.356887476487649,0.361251401256375,
0.369979250793825,0.374343175562551,0.378707100331277,0.383071025100002,
0.387434949868727,0.391798874637452,0.396162799406177,0.400526724174903,
0.402708686559266,0.404890648943629,0.413618498481079,0.42234634801853,
0.43107419755598,0.435438122324706,0.439802047093431,0.444165971862157,
0.448529896630882,0.452893821399607,0.457257746168333,0.465985595705783,
0.474713445243234,0.479077370011959,0.483441294780685,0.492169144318136,
0.509624843393037,0.527080542467938,0.561991940617741,0.596903338767544,
0.631814736917347,0.66672613506715,0.701637533216952,0.736548931366755,
0.771460329516558,0.841283125816164,0.91110592211577,0.980928718415375,
1.05075151471498),.UNSPECIFIED.);
#39=ORIENTED_EDGE('',*,*,#123,.T.);
#40=ORIENTED_EDGE('',*,*,#124,.T.);
#41=ORIENTED_EDGE('',*,*,#125,.F.);
#42=ORIENTED_EDGE('',*,*,#126,.F.);
#43=ORIENTED_EDGE('',*,*,#127,.T.);
#44=ORIENTED_EDGE('',*,*,#128,.T.);
#45=ORIENTED_EDGE('',*,*,#123,.F.);
#46=ORIENTED_EDGE('',*,*,#129,.F.);
#47=ORIENTED_EDGE('',*,*,#130,.T.);
#48=ORIENTED_EDGE('',*,*,#131,.T.);
#49=ORIENTED_EDGE('',*,*,#127,.F.);
#50=ORIENTED_EDGE('',*,*,#132,.F.);
#51=ORIENTED_EDGE('',*,*,#133,.F.);
#52=ORIENTED_EDGE('',*,*,#134,.F.);
#53=ORIENTED_EDGE('',*,*,#135,.T.);
#54=ORIENTED_EDGE('',*,*,#136,.T.);
#55=ORIENTED_EDGE('',*,*,#137,.F.);
#56=ORIENTED_EDGE('',*,*,#136,.F.);
#57=ORIENTED_EDGE('',*,*,#138,.T.);
#58=ORIENTED_EDGE('',*,*,#139,.T.);
#59=ORIENTED_EDGE('',*,*,#140,.F.);
#60=ORIENTED_EDGE('',*,*,#139,.F.);
#61=ORIENTED_EDGE('',*,*,#141,.T.);
#62=ORIENTED_EDGE('',*,*,#142,.T.);
#63=ORIENTED_EDGE('',*,*,#143,.F.);
#64=ORIENTED_EDGE('',*,*,#142,.F.);
#65=ORIENTED_EDGE('',*,*,#144,.T.);
#66=ORIENTED_EDGE('',*,*,#145,.T.);
#67=ORIENTED_EDGE('',*,*,#146,.F.);
#68=ORIENTED_EDGE('',*,*,#145,.F.);
#69=ORIENTED_EDGE('',*,*,#147,.T.);
#70=ORIENTED_EDGE('',*,*,#134,.T.);
#71=ORIENTED_EDGE('',*,*,#125,.T.);
#72=ORIENTED_EDGE('',*,*,#148,.T.);
#73=ORIENTED_EDGE('',*,*,#130,.F.);
#74=ORIENTED_EDGE('',*,*,#149,.F.);
#75=ORIENTED_EDGE('',*,*,#135,.F.);
#76=ORIENTED_EDGE('',*,*,#147,.F.);
#77=ORIENTED_EDGE('',*,*,#144,.F.);
#78=ORIENTED_EDGE('',*,*,#141,.F.);
#79=ORIENTED_EDGE('',*,*,#138,.F.);
#80=ORIENTED_EDGE('',*,*,#126,.T.);
#81=ORIENTED_EDGE('',*,*,#149,.T.);
#82=ORIENTED_EDGE('',*,*,#132,.T.);
#83=ORIENTED_EDGE('',*,*,#129,.T.);
#84=ORIENTED_EDGE('',*,*,#150,.F.);
#85=ORIENTED_EDGE('',*,*,#151,.F.);
#86=ORIENTED_EDGE('',*,*,#152,.F.);
#87=ORIENTED_EDGE('',*,*,#153,.F.);
#88=ORIENTED_EDGE('',*,*,#154,.F.);
#89=ORIENTED_EDGE('',*,*,#146,.T.);
#90=ORIENTED_EDGE('',*,*,#133,.T.);
#91=ORIENTED_EDGE('',*,*,#137,.T.);
#92=ORIENTED_EDGE('',*,*,#140,.T.);
#93=ORIENTED_EDGE('',*,*,#143,.T.);
#94=ORIENTED_EDGE('',*,*,#128,.F.);
#95=ORIENTED_EDGE('',*,*,#131,.F.);
#96=ORIENTED_EDGE('',*,*,#148,.F.);
#97=ORIENTED_EDGE('',*,*,#124,.F.);
#98=ORIENTED_EDGE('',*,*,#155,.T.);
#99=ORIENTED_EDGE('',*,*,#156,.T.);
#100=ORIENTED_EDGE('',*,*,#157,.T.);
#101=ORIENTED_EDGE('',*,*,#158,.T.);
#102=ORIENTED_EDGE('',*,*,#159,.T.);
#103=ORIENTED_EDGE('',*,*,#150,.T.);
#104=ORIENTED_EDGE('',*,*,#160,.F.);
#105=ORIENTED_EDGE('',*,*,#155,.F.);
#106=ORIENTED_EDGE('',*,*,#161,.T.);
#107=ORIENTED_EDGE('',*,*,#154,.T.);
#108=ORIENTED_EDGE('',*,*,#162,.F.);
#109=ORIENTED_EDGE('',*,*,#156,.F.);
#110=ORIENTED_EDGE('',*,*,#160,.T.);
#111=ORIENTED_EDGE('',*,*,#153,.T.);
#112=ORIENTED_EDGE('',*,*,#163,.F.);
#113=ORIENTED_EDGE('',*,*,#157,.F.);
#114=ORIENTED_EDGE('',*,*,#162,.T.);
#115=ORIENTED_EDGE('',*,*,#152,.T.);
#116=ORIENTED_EDGE('',*,*,#164,.F.);
#117=ORIENTED_EDGE('',*,*,#158,.F.);
#118=ORIENTED_EDGE('',*,*,#163,.T.);
#119=ORIENTED_EDGE('',*,*,#151,.T.);
#120=ORIENTED_EDGE('',*,*,#161,.F.);
#121=ORIENTED_EDGE('',*,*,#159,.F.);
#122=ORIENTED_EDGE('',*,*,#164,.T.);
#123=EDGE_CURVE('',#165,#166,#193,.T.);
#124=EDGE_CURVE('',#166,#167,#19,.T.);
#125=EDGE_CURVE('',#168,#167,#194,.T.);
#126=EDGE_CURVE('',#165,#168,#20,.T.);
#127=EDGE_CURVE('',#169,#170,#195,.T.);
#128=EDGE_CURVE('',#170,#166,#21,.T.);
#129=EDGE_CURVE('',#169,#165,#22,.T.);
#130=EDGE_CURVE('',#171,#172,#196,.T.);
#131=EDGE_CURVE('',#172,#170,#197,.T.);
#132=EDGE_CURVE('',#171,#169,#198,.T.);
#133=EDGE_CURVE('',#173,#174,#23,.T.);
#134=EDGE_CURVE('',#175,#173,#199,.T.);
#135=EDGE_CURVE('',#175,#176,#24,.T.);
#136=EDGE_CURVE('',#176,#174,#200,.T.);
#137=EDGE_CURVE('',#174,#177,#25,.T.);
#138=EDGE_CURVE('',#176,#178,#26,.T.);
#139=EDGE_CURVE('',#178,#177,#201,.T.);
#140=EDGE_CURVE('',#177,#179,#27,.T.);
#141=EDGE_CURVE('',#178,#180,#28,.T.);
#142=EDGE_CURVE('',#180,#179,#202,.T.);
#143=EDGE_CURVE('',#179,#181,#203,.T.);
#144=EDGE_CURVE('',#180,#182,#204,.T.);
#145=EDGE_CURVE('',#182,#181,#205,.T.);
#146=EDGE_CURVE('',#181,#173,#29,.T.);
#147=EDGE_CURVE('',#182,#175,#30,.T.);
#148=EDGE_CURVE('',#167,#172,#31,.T.);
#149=EDGE_CURVE('',#168,#171,#32,.T.);
#150=EDGE_CURVE('',#183,#184,#206,.T.);
#151=EDGE_CURVE('',#185,#183,#33,.T.);
#152=EDGE_CURVE('',#186,#185,#207,.T.);
#153=EDGE_CURVE('',#187,#186,#34,.T.);
#154=EDGE_CURVE('',#184,#187,#35,.T.);
#155=EDGE_CURVE('',#188,#189,#208,.T.);
#156=EDGE_CURVE('',#189,#190,#36,.T.);
#157=EDGE_CURVE('',#190,#191,#37,.T.);
#158=EDGE_CURVE('',#191,#192,#209,.T.);
#159=EDGE_CURVE('',#192,#188,#38,.T.);
#160=EDGE_CURVE('',#189,#184,#210,.T.);
#161=EDGE_CURVE('',#188,#183,#211,.T.);
#162=EDGE_CURVE('',#190,#187,#212,.T.);
#163=EDGE_CURVE('',#191,#186,#213,.T.);
#164=EDGE_CURVE('',#192,#185,#214,.T.);
#165=VERTEX_POINT('',#422);
#166=VERTEX_POINT('',#423);
#167=VERTEX_POINT('',#433);
#168=VERTEX_POINT('',#435);
#169=VERTEX_POINT('',#480);
#170=VERTEX_POINT('',#481);
#171=VERTEX_POINT('',#498);
#172=VERTEX_POINT('',#499);
#173=VERTEX_POINT('',#558);
#174=VERTEX_POINT('',#559);
#175=VERTEX_POINT('',#561);
#176=VERTEX_POINT('',#588);
#177=VERTEX_POINT('',#632);
#178=VERTEX_POINT('',#651);
#179=VERTEX_POINT('',#733);
#180=VERTEX_POINT('',#768);
#181=VERTEX_POINT('',#772);
#182=VERTEX_POINT('',#774);
#183=VERTEX_POINT('',#943);
#184=VERTEX_POINT('',#944);
#185=VERTEX_POINT('',#1007);
#186=VERTEX_POINT('',#1009);
#187=VERTEX_POINT('',#1040);
#188=VERTEX_POINT('',#1103);
#189=VERTEX_POINT('',#1104);
#190=VERTEX_POINT('',#1165);
#191=VERTEX_POINT('',#1196);
#192=VERTEX_POINT('',#1198);
#193=LINE('',#421,#215);
#194=LINE('',#434,#216);
#195=LINE('',#479,#217);
#196=LINE('',#497,#218);
#197=LINE('',#500,#219);
#198=LINE('',#501,#220);
#199=LINE('',#560,#221);
#200=LINE('',#589,#222);
#201=LINE('',#652,#223);
#202=LINE('',#769,#224);
#203=LINE('',#771,#225);
#204=LINE('',#773,#226);
#205=LINE('',#775,#227);
#206=LINE('',#942,#228);
#207=LINE('',#1008,#229);
#208=LINE('',#1102,#230);
#209=LINE('',#1197,#231);
#210=LINE('',#1262,#232);
#211=LINE('',#1263,#233);
#212=LINE('',#1334,#234);
#213=LINE('',#1361,#235);
#214=LINE('',#1363,#236);
#215=VECTOR('',#326,1.);
#216=VECTOR('',#327,1.);
#217=VECTOR('',#328,1.);
#218=VECTOR('',#331,1.);
#219=VECTOR('',#332,1.);
#220=VECTOR('',#333,1.);
#221=VECTOR('',#334,1.);
#222=VECTOR('',#335,1.);
#223=VECTOR('',#336,1.);
#224=VECTOR('',#337,1.);
#225=VECTOR('',#340,1.);
#226=VECTOR('',#341,1.);
#227=VECTOR('',#342,1.);
#228=VECTOR('',#347,1.);
#229=VECTOR('',#348,1.);
#230=VECTOR('',#351,1.);
#231=VECTOR('',#352,1.);
#232=VECTOR('',#355,1.);
#233=VECTOR('',#356,1.);
#234=VECTOR('',#357,1.);
#235=VECTOR('',#358,1.);
#236=VECTOR('',#361,1.);
#237=EDGE_LOOP('',(#39,#40,#41,#42));
#238=EDGE_LOOP('',(#43,#44,#45,#46));
#239=EDGE_LOOP('',(#47,#48,#49,#50));
#240=EDGE_LOOP('',(#51,#52,#53,#54));
#241=EDGE_LOOP('',(#55,#56,#57,#58));
#242=EDGE_LOOP('',(#59,#60,#61,#62));
#243=EDGE_LOOP('',(#63,#64,#65,#66));
#244=EDGE_LOOP('',(#67,#68,#69,#70));
#245=EDGE_LOOP('',(#71,#72,#73,#74));
#246=EDGE_LOOP('',(#75,#76,#77,#78,#79));
#247=EDGE_LOOP('',(#80,#81,#82,#83));
#248=EDGE_LOOP('',(#84,#85,#86,#87,#88));
#249=EDGE_LOOP('',(#89,#90,#91,#92,#93));
#250=EDGE_LOOP('',(#94,#95,#96,#97));
#251=EDGE_LOOP('',(#98,#99,#100,#101,#102));
#252=EDGE_LOOP('',(#103,#104,#105,#106));
#253=EDGE_LOOP('',(#107,#108,#109,#110));
#254=EDGE_LOOP('',(#111,#112,#113,#114));
#255=EDGE_LOOP('',(#115,#116,#117,#118));
#256=EDGE_LOOP('',(#119,#120,#121,#122));
#257=FACE_BOUND('',#237,.T.);
#258=FACE_BOUND('',#238,.T.);
#259=FACE_BOUND('',#239,.T.);
#260=FACE_BOUND('',#240,.T.);
#261=FACE_BOUND('',#241,.T.);
#262=FACE_BOUND('',#242,.T.);
#263=FACE_BOUND('',#243,.T.);
#264=FACE_BOUND('',#244,.T.);
#265=FACE_BOUND('',#245,.T.);
#266=FACE_BOUND('',#246,.T.);
#267=FACE_BOUND('',#247,.T.);
#268=FACE_BOUND('',#248,.T.);
#269=FACE_BOUND('',#249,.T.);
#270=FACE_BOUND('',#250,.T.);
#271=FACE_BOUND('',#251,.T.);
#272=FACE_BOUND('',#252,.T.);
#273=FACE_BOUND('',#253,.T.);
#274=FACE_BOUND('',#254,.T.);
#275=FACE_BOUND('',#255,.T.);
#276=FACE_BOUND('',#256,.T.);
#277=B_SPLINE_SURFACE_WITH_KNOTS('',3,1,((#363,#364),(#365,#366),(#367,
#368),(#369,#370),(#371,#372),(#373,#374),(#375,#376),(#377,#378),(#379,
#380),(#381,#382),(#383,#384),(#385,#386),(#387,#388),(#389,#390),(#391,
#392),(#393,#394),(#395,#396),(#397,#398),(#399,#400),(#401,#402),(#403,
#404),(#405,#406),(#407,#408),(#409,#410),(#411,#412),(#413,#414),(#415,
#416),(#417,#418),(#419,#420)),.SURF_OF_LINEAR_EXTRUSION.,.F.,.F.,.F.,(4,
1,1,1,1,1,1,1,1,1,1,1,1,1,1,1,1,1,1,1,1,1,1,1,1,1,4),(2,2),(0.,0.03125,
0.0625,0.09375,0.125,0.1875,0.25,0.3125,0.375,0.40625,0.4375,0.46875,0.5,
0.5625,0.625,0.65625,0.6875,0.71875,0.75,0.78125,0.8125,0.84375,0.875,0.90625,
0.9375,0.96875,1.),(0.,1.),.UNSPECIFIED.);
#278=B_SPLINE_SURFACE_WITH_KNOTS('',3,1,((#445,#446),(#447,#448),(#449,
#450),(#451,#452),(#453,#454),(#455,#456),(#457,#458),(#459,#460),(#461,
#462),(#463,#464),(#465,#466),(#467,#468),(#469,#470),(#471,#472),(#473,
#474),(#475,#476),(#477,#478)),.SURF_OF_LINEAR_EXTRUSION.,.F.,.F.,.F.,(4,
1,1,1,1,1,1,1,1,1,1,1,1,1,4),(2,2),(0.,0.0738422192276744,0.147684438455349,
0.184605548069186,0.221526657683023,0.25844776729686,0.295368876910697,
0.332289986524535,0.350750541331453,0.369211096138372,0.406132205752209,
0.443053315366046,0.479974424979883,0.516895534593721,0.590737753821395),
(0.,1.),.UNSPECIFIED.);
#279=B_SPLINE_SURFACE_WITH_KNOTS('',3,1,((#502,#503),(#504,#505),(#506,
#507),(#508,#509),(#510,#511),(#512,#513),(#514,#515),(#516,#517),(#518,
#519),(#520,#521),(#522,#523),(#524,#525),(#526,#527),(#528,#529),(#530,
#531)),.SURF_OF_LINEAR_EXTRUSION.,.F.,.F.,.F.,(4,1,1,1,1,1,1,1,1,1,1,1,
4),(2,2),(0.137754239321346,0.187723396483347,0.212707975064348,0.237692553645348,
0.262677132226348,0.287661710807349,0.33763086796935,0.387600025131351,
0.412584603712351,0.437569182293351,0.462553760874352,0.487538339455352,
0.537507496617353),(0.,1.),.UNSPECIFIED.);
#280=B_SPLINE_SURFACE_WITH_KNOTS('',3,1,((#590,#591),(#592,#593),(#594,
#595),(#596,#597),(#598,#599),(#600,#601),(#602,#603),(#604,#605),(#606,
#607),(#608,#609),(#610,#611),(#612,#613)),.SURF_OF_LINEAR_EXTRUSION.,.F.,
 .F.,.F.,(4,1,1,1,1,1,1,1,1,4),(2,2),(0.869406251145339,0.912777915538928,
0.934463747735723,0.956149579932517,0.977835412129312,0.988678328227709,
0.999521244326107,1.0103641604245,1.0212070765229,1.0428929087197),(0.,
1.),.UNSPECIFIED.);
#281=B_SPLINE_SURFACE_WITH_KNOTS('',3,1,((#653,#654),(#655,#656),(#657,
#658),(#659,#660),(#661,#662),(#663,#664),(#665,#666),(#667,#668),(#669,
#670),(#671,#672),(#673,#674),(#675,#676),(#677,#678),(#679,#680),(#681,
#682),(#683,#684),(#685,#686),(#687,#688),(#689,#690),(#691,#692),(#693,
#694),(#695,#696),(#697,#698)),.SURF_OF_LINEAR_EXTRUSION.,.F.,.F.,.F.,(4,
1,1,1,1,1,1,1,1,1,1,1,1,1,1,1,1,1,1,1,4),(2,2),(-0.0189752074510607,0.0456170200631124,
0.110209247577286,0.174801475091459,0.239393702605632,0.271689816362718,
0.303985930119805,0.336282043876892,0.368578157633978,0.400874271391065,
0.433170385148151,0.465466498905238,0.497762612662325,0.530058726419411,
0.562354840176498,0.626947067690671,0.691539295204844,0.756131522719017,
0.82072375023319,0.885315977747364,1.01450043277571),(0.,1.),
 .UNSPECIFIED.);
#282=B_SPLINE_SURFACE_WITH_KNOTS('',3,1,((#776,#777),(#778,#779),(#780,
#781),(#782,#783),(#784,#785),(#786,#787),(#788,#789),(#790,#791),(#792,
#793),(#794,#795),(#796,#797),(#798,#799),(#800,#801),(#802,#803),(#804,
#805),(#806,#807),(#808,#809),(#810,#811),(#812,#813),(#814,#815),(#816,
#817),(#818,#819),(#820,#821),(#822,#823),(#824,#825),(#826,#827),(#828,
#829)),.SURF_OF_LINEAR_EXTRUSION.,.F.,.F.,.F.,(4,1,1,1,1,1,1,1,1,1,1,1,
1,1,1,1,1,1,1,1,1,1,1,1,4),(2,2),(-0.0076913976619062,0.058672700383691,
0.125036798429288,0.158218847452087,0.191400896474885,0.224582945497684,
0.241173970009083,0.257764994520482,0.274356019031882,0.290947043543281,
0.30753806805468,0.32412909256608,0.340720117077479,0.357311141588878,0.373902166100277,
0.390493190611677,0.423675239634475,0.440266264145875,0.456857288657274,
0.473448313168673,0.490039337680072,0.498334849935772,0.506630362191472,
0.514925874447171,0.523221386702871),(0.,1.),.UNSPECIFIED.);
#283=B_SPLINE_SURFACE_WITH_KNOTS('',3,1,((#916,#917),(#918,#919),(#920,
#921),(#922,#923),(#924,#925),(#926,#927)),.SURF_OF_LINEAR_EXTRUSION.,.F.,
 .F.,.F.,(4,1,1,4),(2,2),(0.,0.346806826698751,0.481671783256617,1.),(0.,
1.),.UNSPECIFIED.);
#284=B_SPLINE_SURFACE_WITH_KNOTS('',3,1,((#1264,#1265),(#1266,#1267),(#1268,
#1269),(#1270,#1271),(#1272,#1273),(#1274,#1275),(#1276,#1277),(#1278,#1279),
(#1280,#1281),(#1282,#1283),(#1284,#1285),(#1286,#1287),(#1288,#1289),(#1290,
#1291),(#1292,#1293),(#1294,#1295),(#1296,#1297),(#1298,#1299),(#1300,#1301),
(#1302,#1303),(#1304,#1305),(#1306,#1307),(#1308,#1309),(#1310,#1311),(#1312,
#1313),(#1314,#1315),(#1316,#1317),(#1318,#1319),(#1320,#1321),(#1322,#1323),
(#1324,#1325),(#1326,#1327),(#1328,#1329),(#1330,#1331),(#1332,#1333)),
 .SURF_OF_LINEAR_EXTRUSION.,.F.,.F.,.F.,(4,1,1,1,1,1,1,1,1,1,1,1,1,1,1,
1,1,1,1,1,1,1,1,1,1,1,1,1,1,1,1,1,4),(2,2),(-0.0269198918166713,0.0386561153388861,
0.0714441189166648,0.104232122494443,0.137020126072222,0.169808129650001,
0.18620213143889,0.20259613322778,0.218990135016669,0.235384136805558,0.251778138594448,
0.259975139488892,0.268172140383337,0.276369141277782,0.284566142172226,
0.292763143066671,0.296861643513893,0.300960143961116,0.305058644408338,
0.30915714485556,0.317354145750005,0.32555114664445,0.333748147538894,0.350142149327784,
0.366536151116673,0.382930152905563,0.399324154694452,0.415718156483341,
0.432112158272231,0.44850616006112,0.464900161850009,0.481294163638899,
0.497688165427788),(0.,1.),.UNSPECIFIED.);
#285=B_SPLINE_SURFACE_WITH_KNOTS('',3,1,((#1335,#1336),(#1337,#1338),(#1339,
#1340),(#1341,#1342),(#1343,#1344),(#1345,#1346),(#1347,#1348),(#1349,#1350),
(#1351,#1352),(#1353,#1354),(#1355,#1356),(#1357,#1358),(#1359,#1360)),
 .SURF_OF_LINEAR_EXTRUSION.,.F.,.F.,.F.,(4,1,1,1,1,1,1,1,1,1,4),(2,2),(0.188003079068427,
0.222149709233648,0.239223024316259,0.25629633939887,0.290442969564091,
0.324589599729313,0.358736229894535,0.392882860059756,0.427029490224977,
0.444102805307588,0.461176120390199),(0.,1.),.UNSPECIFIED.);
#286=B_SPLINE_SURFACE_WITH_KNOTS('',3,1,((#1364,#1365),(#1366,#1367),(#1368,
#1369),(#1370,#1371),(#1372,#1373),(#1374,#1375),(#1376,#1377),(#1378,#1379),
(#1380,#1381),(#1382,#1383),(#1384,#1385),(#1386,#1387),(#1388,#1389),(#1390,
#1391),(#1392,#1393),(#1394,#1395),(#1396,#1397),(#1398,#1399),(#1400,#1401),
(#1402,#1403),(#1404,#1405),(#1406,#1407),(#1408,#1409),(#1410,#1411),(#1412,
#1413),(#1414,#1415),(#1416,#1417),(#1418,#1419),(#1420,#1421),(#1422,#1423)),
 .SURF_OF_LINEAR_EXTRUSION.,.F.,.F.,.F.,(4,1,1,1,1,1,1,1,1,1,1,1,1,1,1,
1,1,1,1,1,1,1,1,1,1,1,1,4),(2,2),(-0.06641322607871,0.00340957022089563,
0.0732323665205013,0.143055162820107,0.17796656096991,0.212877959119713,
0.247789357269515,0.282700755419318,0.317612153569121,0.335067852644022,
0.352523551718924,0.369979250793825,0.387434949868727,0.404890648943628,
0.422346348018529,0.439802047093431,0.457257746168332,0.492169144318135,
0.527080542467938,0.561991940617741,0.596903338767544,0.631814736917346,
0.701637533216952,0.771460329516558,0.841283125816163,0.911105922115769,
0.980928718415375,1.05075151471498),(0.,1.),.UNSPECIFIED.);
#287=ADVANCED_FACE('',(#257),#277,.F.);
#288=ADVANCED_FACE('',(#258),#278,.F.);
#289=ADVANCED_FACE('',(#259),#12,.F.);
#290=ADVANCED_FACE('',(#260),#279,.T.);
#291=ADVANCED_FACE('',(#261),#280,.T.);
#292=ADVANCED_FACE('',(#262),#281,.T.);
#293=ADVANCED_FACE('',(#263),#13,.T.);
#294=ADVANCED_FACE('',(#264),#282,.T.);
#295=ADVANCED_FACE('',(#265),#283,.F.);
#296=ADVANCED_FACE('',(#266,#267),#14,.F.);
#297=ADVANCED_FACE('',(#268,#269),#15,.F.);
#298=ADVANCED_FACE('',(#270,#271),#16,.T.);
#299=ADVANCED_FACE('',(#272),#17,.F.);
#300=ADVANCED_FACE('',(#273),#284,.F.);
#301=ADVANCED_FACE('',(#274),#285,.F.);
#302=ADVANCED_FACE('',(#275),#18,.F.);
#303=ADVANCED_FACE('',(#276),#286,.F.);
#304=CLOSED_SHELL('',(#287,#288,#289,#290,#291,#292,#293,#294,#295,#296,
#297,#298,#299,#300,#301,#302,#303));
#305=STYLED_ITEM('',(#306),#313);
#306=PRESENTATION_STYLE_ASSIGNMENT((#307));
#307=SURFACE_STYLE_USAGE(.BOTH.,#308);
#308=SURFACE_SIDE_STYLE('',(#309));
#309=SURFACE_STYLE_FILL_AREA(#310);
#310=FILL_AREA_STYLE('',(#311));
#311=FILL_AREA_STYLE_COLOUR('',#312);
#312=COLOUR_RGB('',0.615686274509804,0.811764705882353,0.929411764705882);
#313=MANIFOLD_SOLID_BREP('Part 1',#304);
#314=SHAPE_DEFINITION_REPRESENTATION(#1430,#315);
#315=SHAPE_REPRESENTATION('Part 1',(#316),#1425);
#316=AXIS2_PLACEMENT_3D('',#362,#324,#325);
#317=AXIS2_PLACEMENT_3D('',#496,#329,#330);
#318=AXIS2_PLACEMENT_3D('',#770,#338,#339);
#319=AXIS2_PLACEMENT_3D('',#940,#343,#344);
#320=AXIS2_PLACEMENT_3D('',#941,#345,#346);
#321=AXIS2_PLACEMENT_3D('',#1101,#349,#350);
#322=AXIS2_PLACEMENT_3D('',#1261,#353,#354);
#323=AXIS2_PLACEMENT_3D('',#1362,#359,#360);
#324=DIRECTION('',(0.,0.,1.));
#325=DIRECTION('',(1.,0.,0.));
#326=DIRECTION('',(0.,0.,-1.));
#327=DIRECTION('',(0.,0.,-1.));
#328=DIRECTION('',(0.,0.,-1.));
#329=DIRECTION('',(-0.0631582176618896,-0.998003526818304,0.));
#330=DIRECTION('',(0.998003526818304,-0.0631582176618896,0.));
#331=DIRECTION('',(0.,0.,-1.));
#332=DIRECTION('',(-0.998003526818304,0.0631582176618896,0.));
#333=DIRECTION('',(-0.998003526818304,0.0631582176618896,0.));
#334=DIRECTION('',(0.,0.,-1.));
#335=DIRECTION('',(0.,0.,-1.));
#336=DIRECTION('',(0.,0.,-1.));
#337=DIRECTION('',(0.,0.,-1.));
#338=DIRECTION('',(-0.0631582176618896,-0.998003526818304,0.));
#339=DIRECTION('',(0.998003526818304,-0.0631582176618896,0.));
#340=DIRECTION('',(-0.998003526818304,0.0631582176618896,0.));
#341=DIRECTION('',(-0.998003526818304,0.0631582176618896,0.));
#342=DIRECTION('',(0.,0.,-1.));
#343=DIRECTION('',(0.,0.,-1.));
#344=DIRECTION('',(-1.,0.,0.));
#345=DIRECTION('',(0.,0.,-1.));
#346=DIRECTION('',(-1.,0.,0.));
#347=DIRECTION('',(-0.998003526818304,0.0631582176618896,0.));
#348=DIRECTION('',(0.854311759807597,0.519760922977523,0.));
#349=DIRECTION('',(0.,0.,-1.));
#350=DIRECTION('',(-1.,0.,0.));
#351=DIRECTION('',(-0.998003526818304,0.0631582176618896,0.));
#352=DIRECTION('',(0.854311759807597,0.519760922977523,0.));
#353=DIRECTION('',(0.0631582176618896,0.998003526818304,0.));
#354=DIRECTION('',(-0.998003526818304,0.0631582176618896,0.));
#355=DIRECTION('',(0.,0.,1.));
#356=DIRECTION('',(0.,0.,1.));
#357=DIRECTION('',(0.,0.,1.));
#358=DIRECTION('',(0.,0.,1.));
#359=DIRECTION('',(0.519760922977561,-0.854311759807574,0.));
#360=DIRECTION('',(0.854311759807574,0.519760922977561,0.));
#361=DIRECTION('',(0.,0.,1.));
#362=CARTESIAN_POINT('',(0.,0.,0.));
#363=CARTESIAN_POINT('',(-0.0535905063428353,0.0462518479294513,0.0127));
#364=CARTESIAN_POINT('',(-0.0535905063428353,0.0462518479294513,-0.002));
#365=CARTESIAN_POINT('',(-0.0532332131381817,0.0462749436667753,0.0127));
#366=CARTESIAN_POINT('',(-0.0532332131381817,0.0462749436667753,-0.002));
#367=CARTESIAN_POINT('',(-0.0525194927199808,0.0463228659892242,0.0127));
#368=CARTESIAN_POINT('',(-0.0525194927199808,0.0463228659892242,-0.00199999999999999));
#369=CARTESIAN_POINT('',(-0.0515123808507976,0.0466590293961896,0.0127));
#370=CARTESIAN_POINT('',(-0.0515123808507976,0.0466590293961896,-0.002));
#371=CARTESIAN_POINT('',(-0.0506567919467656,0.0475774735216091,0.0127));
#372=CARTESIAN_POINT('',(-0.0506567919467656,0.0475774735216091,-0.00199999999999999));
#373=CARTESIAN_POINT('',(-0.0496888413940948,0.0496840337532709,0.0127));
#374=CARTESIAN_POINT('',(-0.0496888413940948,0.0496840337532709,-0.002));
#375=CARTESIAN_POINT('',(-0.0483626931594529,0.0532893904334157,0.0127));
#376=CARTESIAN_POINT('',(-0.0483626931594529,0.0532893904334157,-0.002));
#377=CARTESIAN_POINT('',(-0.0452645834732065,0.0573793061102654,0.0127));
#378=CARTESIAN_POINT('',(-0.0452645834732065,0.0573793061102654,-0.002));
#379=CARTESIAN_POINT('',(-0.0396069134600519,0.059501646511876,0.0127));
#380=CARTESIAN_POINT('',(-0.0396069134600519,0.059501646511876,-0.002));
#381=CARTESIAN_POINT('',(-0.0344048288050389,0.0591613169318468,0.0127));
#382=CARTESIAN_POINT('',(-0.0344048288050389,0.0591613169318468,-0.00199999999999999));
#383=CARTESIAN_POINT('',(-0.0308373918999268,0.0572955425110944,0.0127));
#384=CARTESIAN_POINT('',(-0.0308373918999268,0.0572955425110944,-0.002));
#385=CARTESIAN_POINT('',(-0.0286801568806767,0.055032205316237,0.0127));
#386=CARTESIAN_POINT('',(-0.0286801568806767,0.055032205316237,-0.00199999999999999));
#387=CARTESIAN_POINT('',(-0.0273048640055711,0.0517852691748093,0.0127));
#388=CARTESIAN_POINT('',(-0.0273048640055711,0.0517852691748093,-0.002));
#389=CARTESIAN_POINT('',(-0.0264171361792935,0.046465177077867,0.0127));
#390=CARTESIAN_POINT('',(-0.0264171361792935,0.046465177077867,-0.002));
#391=CARTESIAN_POINT('',(-0.0266332155537434,0.0388423475366708,0.0127));
#392=CARTESIAN_POINT('',(-0.0266332155537434,0.0388423475366708,-0.002));
#393=CARTESIAN_POINT('',(-0.0275687107058867,0.032123694580926,0.0127));
#394=CARTESIAN_POINT('',(-0.0275687107058867,0.032123694580926,-0.002));
#395=CARTESIAN_POINT('',(-0.0281062735556051,0.0286324879937981,0.0127));
#396=CARTESIAN_POINT('',(-0.0281062735556051,0.0286324879937981,-0.002));
#397=CARTESIAN_POINT('',(-0.0282519094731987,0.0272689234276348,0.0127));
#398=CARTESIAN_POINT('',(-0.0282519094731987,0.0272689234276348,-0.002));
#399=CARTESIAN_POINT('',(-0.0279525006545671,0.0275721046468213,0.0127));
#400=CARTESIAN_POINT('',(-0.0279525006545671,0.0275721046468213,-0.00199999999999999));
#401=CARTESIAN_POINT('',(-0.0272353824368699,0.0293486040526128,0.0127));
#402=CARTESIAN_POINT('',(-0.0272353824368699,0.0293486040526128,-0.002));
#403=CARTESIAN_POINT('',(-0.0262259412923989,0.0321286042973599,0.0127));
#404=CARTESIAN_POINT('',(-0.0262259412923989,0.0321286042973599,-0.00199999999999999));
#405=CARTESIAN_POINT('',(-0.0250258384371886,0.0355090611011087,0.0127));
#406=CARTESIAN_POINT('',(-0.0250258384371886,0.0355090611011087,-0.002));
#407=CARTESIAN_POINT('',(-0.0237428014777183,0.0390702505969937,0.0127));
#408=CARTESIAN_POINT('',(-0.0237428014777183,0.0390702505969937,-0.002));
#409=CARTESIAN_POINT('',(-0.0224840177149458,0.0423923941981014,0.0127));
#410=CARTESIAN_POINT('',(-0.0224840177149458,0.0423923941981014,-0.002));
#411=CARTESIAN_POINT('',(-0.0213527692814695,0.0450726117846208,0.0127));
#412=CARTESIAN_POINT('',(-0.0213527692814695,0.0450726117846208,-0.002));
#413=CARTESIAN_POINT('',(-0.0204684992888472,0.0466404840883795,0.0127));
#414=CARTESIAN_POINT('',(-0.0204684992888472,0.0466404840883795,-0.002));
#415=CARTESIAN_POINT('',(-0.0197635426192476,0.0474056716173047,0.0127));
#416=CARTESIAN_POINT('',(-0.0197635426192476,0.0474056716173047,-0.00199999999999999));
#417=CARTESIAN_POINT('',(-0.0193511772226172,0.0476572534751117,0.0127));
#418=CARTESIAN_POINT('',(-0.0193511772226172,0.0476572534751117,-0.002));
#419=CARTESIAN_POINT('',(-0.0191450917235391,0.0477826353254532,0.0127));
#420=CARTESIAN_POINT('',(-0.0191450917235391,0.0477826353254532,-0.002));
#421=CARTESIAN_POINT('',(-0.0535905063428353,0.0462518479294513,0.0127));
#422=CARTESIAN_POINT('',(-0.0535905063428353,0.0462518479294513,0.0127));
#423=CARTESIAN_POINT('',(-0.0535905063428353,0.0462518479294513,-0.002));
#424=CARTESIAN_POINT('',(-0.0535905063428353,0.0462518479294513,-0.002));
#425=CARTESIAN_POINT('',(-0.0526624866374802,0.0463118359142975,-0.002));
#426=CARTESIAN_POINT('',(-0.0498757458118769,0.0464930020720381,-0.002));
#427=CARTESIAN_POINT('',(-0.0480483323295297,0.0600175748431827,-0.002));
#428=CARTESIAN_POINT('',(-0.0204934499046045,0.0609527278358229,-0.002));
#429=CARTESIAN_POINT('',(-0.0325675515009707,0.0117841943967864,-0.002));
#430=CARTESIAN_POINT('',(-0.0217294796813704,0.0462103034290841,-0.002));
#431=CARTESIAN_POINT('',(-0.0197358411144881,0.0474232250221732,-0.002));
#432=CARTESIAN_POINT('',(-0.0191450917235391,0.0477826353254532,-0.002));
#433=CARTESIAN_POINT('',(-0.0191450917235391,0.0477826353254532,-0.002));
#434=CARTESIAN_POINT('',(-0.0191450917235391,0.0477826353254532,0.0127));
#435=CARTESIAN_POINT('',(-0.0191450917235391,0.0477826353254532,0.0127));
#436=CARTESIAN_POINT('',(-0.0535905063428353,0.0462518479294513,0.0127));
#437=CARTESIAN_POINT('',(-0.0526624866374802,0.0463118359142975,0.0127));
#438=CARTESIAN_POINT('',(-0.0498757458118769,0.0464930020720381,0.0127));
#439=CARTESIAN_POINT('',(-0.0480483323295297,0.0600175748431827,0.0127));
#440=CARTESIAN_POINT('',(-0.0204934499046045,0.0609527278358229,0.0127));
#441=CARTESIAN_POINT('',(-0.0325675515009707,0.0117841943967864,0.0127));
#442=CARTESIAN_POINT('',(-0.0217294796813704,0.0462103034290841,0.0127));
#443=CARTESIAN_POINT('',(-0.0197358411144881,0.0474232250221732,0.0127));
#444=CARTESIAN_POINT('',(-0.0191450917235391,0.0477826353254532,0.0127));
#445=CARTESIAN_POINT('',(-0.0517163979076824,0.0150752451279899,0.0127));
#446=CARTESIAN_POINT('',(-0.0517163979076824,0.0150752451279899,-0.002));
#447=CARTESIAN_POINT('',(-0.0533797392902918,0.0182990228036865,0.0127));
#448=CARTESIAN_POINT('',(-0.0533797392902918,0.0182990228036865,-0.002));
#449=CARTESIAN_POINT('',(-0.0567063575255408,0.0247467538478931,0.0127));
#450=CARTESIAN_POINT('',(-0.0567063575255408,0.0247467538478931,-0.002));
#451=CARTESIAN_POINT('',(-0.0603589115704783,0.0319738660964265,0.0127));
#452=CARTESIAN_POINT('',(-0.0603589115704783,0.0319738660964265,-0.00199999999999999));
#453=CARTESIAN_POINT('',(-0.0626730275629772,0.0367593929586035,0.0127));
#454=CARTESIAN_POINT('',(-0.0626730275629772,0.0367593929586035,-0.002));
#455=CARTESIAN_POINT('',(-0.0640309226122627,0.0397197760405627,0.0127));
#456=CARTESIAN_POINT('',(-0.0640309226122627,0.0397197760405627,-0.002));
#457=CARTESIAN_POINT('',(-0.0649263627682496,0.0419507599325791,0.0127));
#458=CARTESIAN_POINT('',(-0.0649263627682496,0.0419507599325791,-0.002));
#459=CARTESIAN_POINT('',(-0.0653166908880659,0.043237067948686,0.0127));
#460=CARTESIAN_POINT('',(-0.0653166908880659,0.043237067948686,-0.00199999999999999));
#461=CARTESIAN_POINT('',(-0.0649673168230617,0.0439298876531613,0.0127));
#462=CARTESIAN_POINT('',(-0.0649673168230617,0.0439298876531613,-0.002));
#463=CARTESIAN_POINT('',(-0.0640554371444153,0.044679220965127,0.0127));
#464=CARTESIAN_POINT('',(-0.0640554371444153,0.044679220965127,-0.002));
#465=CARTESIAN_POINT('',(-0.0626995642214189,0.0456291171265011,0.0127));
#466=CARTESIAN_POINT('',(-0.0626995642214189,0.0456291171265011,-0.002));
#467=CARTESIAN_POINT('',(-0.0604069285212138,0.0470248813333842,0.0127));
#468=CARTESIAN_POINT('',(-0.0604069285212138,0.0470248813333842,-0.002));
#469=CARTESIAN_POINT('',(-0.0573397150841723,0.0486138016661336,0.0127));
#470=CARTESIAN_POINT('',(-0.0573397150841723,0.0486138016661336,-0.00199999999999999));
#471=CARTESIAN_POINT('',(-0.0546089546298549,0.0496843119015548,0.0127));
#472=CARTESIAN_POINT('',(-0.0546089546298549,0.0496843119015548,-0.002));
#473=CARTESIAN_POINT('',(-0.0522843140650024,0.0498472437340609,0.0127));
#474=CARTESIAN_POINT('',(-0.0522843140650024,0.0498472437340609,-0.002));
#475=CARTESIAN_POINT('',(-0.0529899289123416,0.0479065304631893,0.0127));
#476=CARTESIAN_POINT('',(-0.0529899289123416,0.0479065304631893,-0.002));
#477=CARTESIAN_POINT('',(-0.0535905063428336,0.0462518479294559,0.0127));
#478=CARTESIAN_POINT('',(-0.0535905063428336,0.0462518479294559,-0.002));
#479=CARTESIAN_POINT('',(-0.0517163979076824,0.0150752451279899,0.0127));
#480=CARTESIAN_POINT('',(-0.0517163979076824,0.0150752451279899,0.0127));
#481=CARTESIAN_POINT('',(-0.0517163979076824,0.0150752451279899,-0.002));
#482=CARTESIAN_POINT('',(-0.0517163979076824,0.0150752451279899,-0.002));
#483=CARTESIAN_POINT('',(-0.0578040020109408,0.0268738346489072,-0.002));
#484=CARTESIAN_POINT('',(-0.0655830608398029,0.0419506892577156,-0.002));
#485=CARTESIAN_POINT('',(-0.0651004039433024,0.0445870221372829,-0.002));
#486=CARTESIAN_POINT('',(-0.0514287692615493,0.0522056183623215,-0.002));
#487=CARTESIAN_POINT('',(-0.0529885860880755,0.0479102301491018,-0.002));
#488=CARTESIAN_POINT('',(-0.0535905063428336,0.0462518479294559,-0.002));
#489=CARTESIAN_POINT('',(-0.0517163979076824,0.0150752451279899,0.0127));
#490=CARTESIAN_POINT('',(-0.0578040020109408,0.0268738346489072,0.0127));
#491=CARTESIAN_POINT('',(-0.0655830608398029,0.0419506892577156,0.0127));
#492=CARTESIAN_POINT('',(-0.0651004039433024,0.0445870221372829,0.0127));
#493=CARTESIAN_POINT('',(-0.0514287692615493,0.0522056183623215,0.0127));
#494=CARTESIAN_POINT('',(-0.0529885860880755,0.0479102301491018,0.0127));
#495=CARTESIAN_POINT('',(-0.0535905063428336,0.0462518479294559,0.0127));
#496=CARTESIAN_POINT('',(-0.0375861645935194,0.0141810194791945,0.0127));
#497=CARTESIAN_POINT('',(-0.0234559312793563,0.0132867938303991,0.0127));
#498=CARTESIAN_POINT('',(-0.0234559312793563,0.0132867938303991,0.0127));
#499=CARTESIAN_POINT('',(-0.0234559312793563,0.0132867938303991,-0.002));
#500=CARTESIAN_POINT('',(-0.0375861645935194,0.0141810194791945,-0.002));
#501=CARTESIAN_POINT('',(-0.0375861645935194,0.0141810194791945,0.0127));
#502=CARTESIAN_POINT('',(-0.0514604119161401,0.0507343212109797,0.0127));
#503=CARTESIAN_POINT('',(-0.0514604119161401,0.0507343212109797,8.67361737988404E-18));
#504=CARTESIAN_POINT('',(-0.0510442314121743,0.0517480317522015,0.0127));
#505=CARTESIAN_POINT('',(-0.0510442314121743,0.0517480317522015,8.67361737988404E-18));
#506=CARTESIAN_POINT('',(-0.0503037425601529,0.0535902426223069,0.0127));
#507=CARTESIAN_POINT('',(-0.0503037425601529,0.0535902426223069,6.93889390390723E-18));
#508=CARTESIAN_POINT('',(-0.0487033490455221,0.0561371048325343,0.0127));
#509=CARTESIAN_POINT('',(-0.0487033490455221,0.0561371048325343,6.93889390390723E-18));
#510=CARTESIAN_POINT('',(-0.0470677180874224,0.0579597279371626,0.0127));
#511=CARTESIAN_POINT('',(-0.0470677180874224,0.0579597279371626,5.20417042793042E-18));
#512=CARTESIAN_POINT('',(-0.0449105642899188,0.0594648839005575,0.0127));
#513=CARTESIAN_POINT('',(-0.0449105642899188,0.0594648839005575,1.04083408558608E-17));
#514=CARTESIAN_POINT('',(-0.0416448841851492,0.0608641254692961,0.0127));
#515=CARTESIAN_POINT('',(-0.0416448841851492,0.0608641254692961,5.20417042793042E-18));
#516=CARTESIAN_POINT('',(-0.0370351744441806,0.061553622417618,0.0127));
#517=CARTESIAN_POINT('',(-0.0370351744441806,0.061553622417618,1.21430643318376E-17));
#518=CARTESIAN_POINT('',(-0.0323482672121658,0.0605343255900695,0.0127));
#519=CARTESIAN_POINT('',(-0.0323482672121658,0.0605343255900695,0.));
#520=CARTESIAN_POINT('',(-0.0290588975048472,0.0583871594620724,0.0127));
#521=CARTESIAN_POINT('',(-0.0290588975048472,0.0583871594620724,1.04083408558608E-17));
#522=CARTESIAN_POINT('',(-0.0270155534257842,0.0560602598060597,0.0127));
#523=CARTESIAN_POINT('',(-0.0270155534257842,0.0560602598060597,5.20417042793042E-18));
#524=CARTESIAN_POINT('',(-0.025635458748659,0.0530517294590822,0.0127));
#525=CARTESIAN_POINT('',(-0.025635458748659,0.0530517294590822,1.04083408558608E-17));
#526=CARTESIAN_POINT('',(-0.0246367377383566,0.0486011153834376,0.0127));
#527=CARTESIAN_POINT('',(-0.0246367377383566,0.0486011153834376,1.73472347597681E-18));
#528=CARTESIAN_POINT('',(-0.0245156777202057,0.0449027568134113,0.0127));
#529=CARTESIAN_POINT('',(-0.0245156777202057,0.0449027568134113,6.93889390390723E-18));
#530=CARTESIAN_POINT('',(-0.0245835910965768,0.0424673088878115,0.0127));
#531=CARTESIAN_POINT('',(-0.0245835910965768,0.0424673088878115,6.93889390390723E-18));
#532=CARTESIAN_POINT('',(-0.0514604119161401,0.0507343212109797,0.));
#533=CARTESIAN_POINT('',(-0.0512523216641572,0.0512411764815906,0.));
#534=CARTESIAN_POINT('',(-0.0507948544961229,0.0523634070654277,0.));
#535=CARTESIAN_POINT('',(-0.0499044437815889,0.0542262019276388,0.));
#536=CARTESIAN_POINT('',(-0.0489029889168133,0.055820054319809,0.));
#537=CARTESIAN_POINT('',(-0.0478861104189213,0.0570462145598978,0.));
#538=CARTESIAN_POINT('',(-0.047003507007475,0.0579187712586724,0.));
#539=CARTESIAN_POINT('',(-0.0459846472363091,0.0587196008871548,0.));
#540=CARTESIAN_POINT('',(-0.0448748753258627,0.0594065440482804,0.));
#541=CARTESIAN_POINT('',(-0.0436871309186789,0.0599878015362274,0.));
#542=CARTESIAN_POINT('',(-0.042017438935943,0.0606197037204531,0.));
#543=CARTESIAN_POINT('',(-0.039799348543235,0.0611388299788551,0.));
#544=CARTESIAN_POINT('',(-0.0370227538355394,0.0612978124484242,0.));
#545=CARTESIAN_POINT('',(-0.0342280457904352,0.0609411022021115,0.));
#546=CARTESIAN_POINT('',(-0.031524908141865,0.0599978845727896,0.));
#547=CARTESIAN_POINT('',(-0.0294691083513677,0.0586552303639419,0.));
#548=CARTESIAN_POINT('',(-0.0280391574544198,0.0572242242865564,0.));
#549=CARTESIAN_POINT('',(-0.0272567443141212,0.0561833281959834,0.));
#550=CARTESIAN_POINT('',(-0.0267083137220194,0.0552651284626152,0.));
#551=CARTESIAN_POINT('',(-0.0262165031199875,0.054292864921379,0.));
#552=CARTESIAN_POINT('',(-0.0257158773594187,0.0530119232057405,0.));
#553=CARTESIAN_POINT('',(-0.0252636687015762,0.0513842004572683,0.));
#554=CARTESIAN_POINT('',(-0.0248297708691199,0.0491165172979857,0.));
#555=CARTESIAN_POINT('',(-0.0245566230999827,0.0461362122115296,0.));
#556=CARTESIAN_POINT('',(-0.0245496344083912,0.0436850328506114,0.));
#557=CARTESIAN_POINT('',(-0.0245835910965768,0.0424673088878115,0.));
#558=CARTESIAN_POINT('',(-0.0514604119161401,0.0507343212109797,0.));
#559=CARTESIAN_POINT('',(-0.0245835910965768,0.0424673088878115,0.));
#560=CARTESIAN_POINT('',(-0.0514604119161401,0.0507343212109797,0.0127));
#561=CARTESIAN_POINT('',(-0.0514604119161401,0.0507343212109797,0.0127));
#562=CARTESIAN_POINT('',(-0.0514604119161401,0.0507343212109797,0.0127));
#563=CARTESIAN_POINT('',(-0.0512523216641572,0.0512411764815906,0.0127));
#564=CARTESIAN_POINT('',(-0.0507948544961229,0.0523634070654277,0.0127));
#565=CARTESIAN_POINT('',(-0.0499044437815889,0.0542262019276388,0.0127));
#566=CARTESIAN_POINT('',(-0.0489029889168133,0.055820054319809,0.0127));
#567=CARTESIAN_POINT('',(-0.0478861104189213,0.0570462145598978,0.0127));
#568=CARTESIAN_POINT('',(-0.047003507007475,0.0579187712586724,0.0127));
#569=CARTESIAN_POINT('',(-0.0459846472363091,0.0587196008871548,0.0127));
#570=CARTESIAN_POINT('',(-0.0448748753258627,0.0594065440482804,0.0127));
#571=CARTESIAN_POINT('',(-0.0436871309186789,0.0599878015362274,0.0127));
#572=CARTESIAN_POINT('',(-0.042017438935943,0.0606197037204531,0.0127));
#573=CARTESIAN_POINT('',(-0.039799348543235,0.0611388299788551,0.0127));
#574=CARTESIAN_POINT('',(-0.0370227538355394,0.0612978124484242,0.0127));
#575=CARTESIAN_POINT('',(-0.0342280457904352,0.0609411022021115,0.0127));
#576=CARTESIAN_POINT('',(-0.031524908141865,0.0599978845727896,0.0127));
#577=CARTESIAN_POINT('',(-0.0294691083513677,0.0586552303639419,0.0127));
#578=CARTESIAN_POINT('',(-0.0280391574544198,0.0572242242865564,0.0127));
#579=CARTESIAN_POINT('',(-0.0272567443141212,0.0561833281959834,0.0127));
#580=CARTESIAN_POINT('',(-0.0267083137220194,0.0552651284626152,0.0127));
#581=CARTESIAN_POINT('',(-0.0262165031199875,0.054292864921379,0.0127));
#582=CARTESIAN_POINT('',(-0.0257158773594187,0.0530119232057405,0.0127));
#583=CARTESIAN_POINT('',(-0.0252636687015762,0.0513842004572683,0.0127));
#584=CARTESIAN_POINT('',(-0.0248297708691199,0.0491165172979857,0.0127));
#585=CARTESIAN_POINT('',(-0.0245566230999827,0.0461362122115296,0.0127));
#586=CARTESIAN_POINT('',(-0.0245496344083912,0.0436850328506114,0.0127));
#587=CARTESIAN_POINT('',(-0.0245835910965768,0.0424673088878115,0.0127));
#588=CARTESIAN_POINT('',(-0.0245835910965768,0.0424673088878115,0.0127));
#589=CARTESIAN_POINT('',(-0.0245835910965768,0.0424673088878115,0.0127));
#590=CARTESIAN_POINT('',(-0.0245835910965768,0.0424673088878115,0.0127));
#591=CARTESIAN_POINT('',(-0.0245835910965768,0.0424673088878115,1.04083408558608E-17));
#592=CARTESIAN_POINT('',(-0.0240102781103143,0.0439329220432366,0.0127));
#593=CARTESIAN_POINT('',(-0.0240102781103143,0.0439329220432366,1.04083408558608E-17));
#594=CARTESIAN_POINT('',(-0.023201251754633,0.0458669097867055,0.0127));
#595=CARTESIAN_POINT('',(-0.023201251754633,0.0458669097867055,1.04083408558608E-17));
#596=CARTESIAN_POINT('',(-0.0222514413104348,0.0475373271700423,0.0127));
#597=CARTESIAN_POINT('',(-0.0222514413104348,0.0475373271700423,1.04083408558608E-17));
#598=CARTESIAN_POINT('',(-0.0215310668589721,0.0484749794659267,0.0127));
#599=CARTESIAN_POINT('',(-0.0215310668589721,0.0484749794659267,1.21430643318376E-17));
#600=CARTESIAN_POINT('',(-0.0208865155212792,0.0490360639038613,0.0127));
#601=CARTESIAN_POINT('',(-0.0208865155212792,0.0490360639038613,6.93889390390723E-18));
#602=CARTESIAN_POINT('',(-0.0204389698885539,0.0493365996749692,0.0127));
#603=CARTESIAN_POINT('',(-0.0204389698885539,0.0493365996749692,1.04083408558608E-17));
#604=CARTESIAN_POINT('',(-0.0201860883131713,0.0494903370622762,0.0127));
#605=CARTESIAN_POINT('',(-0.0201860883131713,0.0494903370622762,1.21430643318376E-17));
#606=CARTESIAN_POINT('',(-0.0199816713538051,0.0496147347917113,0.0127));
#607=CARTESIAN_POINT('',(-0.0199816713538051,0.0496147347917113,5.20417042793042E-18));
#608=CARTESIAN_POINT('',(-0.0196922794961643,0.049790789663262,0.0127));
#609=CARTESIAN_POINT('',(-0.0196922794961643,0.049790789663262,1.38777878078145E-17));
#610=CARTESIAN_POINT('',(-0.019479023683093,0.0499205377896566,0.0127));
#611=CARTESIAN_POINT('',(-0.019479023683093,0.0499205377896566,1.21430643318376E-17));
#612=CARTESIAN_POINT('',(-0.0193360113454546,0.0500075461022016,0.0127));
#613=CARTESIAN_POINT('',(-0.0193360113454546,0.0500075461022016,1.21430643318376E-17));
#614=CARTESIAN_POINT('',(-0.0245835910965768,0.0424673088878115,0.));
#615=CARTESIAN_POINT('',(-0.0242969346034455,0.0432001154655241,0.));
#616=CARTESIAN_POINT('',(-0.0238779404572333,0.044235249872927,0.));
#617=CARTESIAN_POINT('',(-0.023352351358862,0.0454302287840993,0.));
#618=CARTESIAN_POINT('',(-0.0228449541325361,0.0464937696448433,0.));
#619=CARTESIAN_POINT('',(-0.0222517573708382,0.0475373500873991,0.));
#620=CARTESIAN_POINT('',(-0.0216502997918618,0.0483181819918224,0.));
#621=CARTESIAN_POINT('',(-0.021145765900513,0.0488125653098385,0.));
#622=CARTESIAN_POINT('',(-0.0207737542235665,0.0491112260794177,0.));
#623=CARTESIAN_POINT('',(-0.0204964920393635,0.0492981639821533,0.));
#624=CARTESIAN_POINT('',(-0.0203098619746748,0.0494150264206361,0.));
#625=CARTESIAN_POINT('',(-0.0201919358081594,0.0494868121489141,0.));
#626=CARTESIAN_POINT('',(-0.0200873892877316,0.0495504076994928,0.));
#627=CARTESIAN_POINT('',(-0.0199434885697606,0.0496379598617131,0.));
#628=CARTESIAN_POINT('',(-0.0197651594059115,0.0497464531833573,0.));
#629=CARTESIAN_POINT('',(-0.0195504981240432,0.0498770530565868,0.));
#630=CARTESIAN_POINT('',(-0.0194075175142738,0.0499640419459291,0.));
#631=CARTESIAN_POINT('',(-0.0193360113454546,0.0500075461022016,0.));
#632=CARTESIAN_POINT('',(-0.0193360113454546,0.0500075461022016,0.));
#633=CARTESIAN_POINT('',(-0.0245835910965768,0.0424673088878115,0.0127));
#634=CARTESIAN_POINT('',(-0.0242969346034455,0.0432001154655241,0.0127));
#635=CARTESIAN_POINT('',(-0.0238779404572333,0.044235249872927,0.0127));
#636=CARTESIAN_POINT('',(-0.023352351358862,0.0454302287840993,0.0127));
#637=CARTESIAN_POINT('',(-0.0228449541325361,0.0464937696448433,0.0127));
#638=CARTESIAN_POINT('',(-0.0222517573708382,0.0475373500873991,0.0127));
#639=CARTESIAN_POINT('',(-0.0216502997918618,0.0483181819918224,0.0127));
#640=CARTESIAN_POINT('',(-0.021145765900513,0.0488125653098385,0.0127));
#641=CARTESIAN_POINT('',(-0.0207737542235665,0.0491112260794177,0.0127));
#642=CARTESIAN_POINT('',(-0.0204964920393635,0.0492981639821533,0.0127));
#643=CARTESIAN_POINT('',(-0.0203098619746748,0.0494150264206361,0.0127));
#644=CARTESIAN_POINT('',(-0.0201919358081594,0.0494868121489141,0.0127));
#645=CARTESIAN_POINT('',(-0.0200873892877316,0.0495504076994928,0.0127));
#646=CARTESIAN_POINT('',(-0.0199434885697606,0.0496379598617131,0.0127));
#647=CARTESIAN_POINT('',(-0.0197651594059115,0.0497464531833573,0.0127));
#648=CARTESIAN_POINT('',(-0.0195504981240432,0.0498770530565868,0.0127));
#649=CARTESIAN_POINT('',(-0.0194075175142738,0.0499640419459291,0.0127));
#650=CARTESIAN_POINT('',(-0.0193360113454546,0.0500075461022016,0.0127));
#651=CARTESIAN_POINT('',(-0.0193360113454546,0.0500075461022016,0.0127));
#652=CARTESIAN_POINT('',(-0.0193360113454546,0.0500075461022016,0.0127));
#653=CARTESIAN_POINT('',(-0.0193360113454546,0.0500075461022016,0.0127));
#654=CARTESIAN_POINT('',(-0.0193360113454546,0.0500075461022016,1.73472347597681E-18));
#655=CARTESIAN_POINT('',(-0.0182873945004066,0.0495943339466892,0.0127));
#656=CARTESIAN_POINT('',(-0.0182873945004066,0.0495943339466892,1.73472347597681E-18));
#657=CARTESIAN_POINT('',(-0.016180330976243,0.0487661215153034,0.0127));
#658=CARTESIAN_POINT('',(-0.016180330976243,0.0487661215153034,-3.46944695195361E-18));
#659=CARTESIAN_POINT('',(-0.0131059616968156,0.0475316943455248,0.0127));
#660=CARTESIAN_POINT('',(-0.0131059616968156,0.0475316943455248,5.20417042793042E-18));
#661=CARTESIAN_POINT('',(-0.010281746572351,0.0463285478987704,0.0127));
#662=CARTESIAN_POINT('',(-0.010281746572351,0.0463285478987704,-1.73472347597681E-18));
#663=CARTESIAN_POINT('',(-0.00825377900272999,0.0453637543816938,0.0127));
#664=CARTESIAN_POINT('',(-0.00825377900272999,0.0453637543816938,1.73472347597681E-18));
#665=CARTESIAN_POINT('',(-0.00688016140387605,0.0446051647855867,0.0127));
#666=CARTESIAN_POINT('',(-0.00688016140387605,0.0446051647855867,1.73472347597681E-18));
#667=CARTESIAN_POINT('',(-0.00597490157123381,0.0440285740519657,0.0127));
#668=CARTESIAN_POINT('',(-0.00597490157123381,0.0440285740519657,5.20417042793042E-18));
#669=CARTESIAN_POINT('',(-0.00519347738189196,0.043408900535442,0.0127));
#670=CARTESIAN_POINT('',(-0.00519347738189196,0.043408900535442,-3.46944695195361E-18));
#671=CARTESIAN_POINT('',(-0.00446965671778482,0.0426296386606895,0.0127));
#672=CARTESIAN_POINT('',(-0.00446965671778482,0.0426296386606895,6.93889390390723E-18));
#673=CARTESIAN_POINT('',(-0.00396014339264299,0.0413617568050471,0.0127));
#674=CARTESIAN_POINT('',(-0.00396014339264299,0.0413617568050471,0.));
#675=CARTESIAN_POINT('',(-0.0040606123840728,0.0401231651580403,0.0127));
#676=CARTESIAN_POINT('',(-0.0040606123840728,0.0401231651580403,5.20417042793042E-18));
#677=CARTESIAN_POINT('',(-0.00437773745073457,0.0392366406712377,0.0127));
#678=CARTESIAN_POINT('',(-0.00437773745073457,0.0392366406712377,0.));
#679=CARTESIAN_POINT('',(-0.00476050049755763,0.0384100660597347,0.0127));
#680=CARTESIAN_POINT('',(-0.00476050049755763,0.0384100660597347,0.));
#681=CARTESIAN_POINT('',(-0.00526209649555332,0.0374488881169371,0.0127));
#682=CARTESIAN_POINT('',(-0.00526209649555332,0.0374488881169371,0.));
#683=CARTESIAN_POINT('',(-0.00608022254984935,0.0359957488210906,0.0127));
#684=CARTESIAN_POINT('',(-0.00608022254984935,0.0359957488210906,-1.73472347597681E-18));
#685=CARTESIAN_POINT('',(-0.00737569405801162,0.033846904830084,0.0127));
#686=CARTESIAN_POINT('',(-0.00737569405801162,0.033846904830084,0.));
#687=CARTESIAN_POINT('',(-0.00931183939669648,0.0307946689878668,0.0127));
#688=CARTESIAN_POINT('',(-0.00931183939669648,0.0307946689878668,-1.73472347597681E-18));
#689=CARTESIAN_POINT('',(-0.0115667699906851,0.0273443353341613,0.0127));
#690=CARTESIAN_POINT('',(-0.0115667699906851,0.0273443353341613,3.46944695195361E-18));
#691=CARTESIAN_POINT('',(-0.01407471676786,0.0235773602069213,0.0127));
#692=CARTESIAN_POINT('',(-0.01407471676786,0.0235773602069213,3.46944695195361E-18));
#693=CARTESIAN_POINT('',(-0.0176673596320926,0.0182431956760588,0.0127));
#694=CARTESIAN_POINT('',(-0.0176673596320926,0.0182431956760588,1.73472347597681E-18));
#695=CARTESIAN_POINT('',(-0.0205382721626815,0.0140216942936684,0.0127));
#696=CARTESIAN_POINT('',(-0.0205382721626815,0.0140216942936684,0.));
#697=CARTESIAN_POINT('',(-0.0224432955945676,0.0112187086888845,0.0127));
#698=CARTESIAN_POINT('',(-0.0224432955945676,0.0112187086888845,1.73472347597681E-18));
#699=CARTESIAN_POINT('',(-0.0193360113454546,0.0500075461022016,0.));
#700=CARTESIAN_POINT('',(-0.0188117029229306,0.0498009400244454,0.));
#701=CARTESIAN_POINT('',(-0.0177626047556168,0.0493877606456701,0.));
#702=CARTESIAN_POINT('',(-0.015666803176936,0.0485601164081848,0.));
#703=CARTESIAN_POINT('',(-0.013106277290182,0.0475317005207877,0.));
#704=CARTESIAN_POINT('',(-0.0107526352323983,0.0465293210262629,0.));
#705=CARTESIAN_POINT('',(-0.00906456786115929,0.0457492228580116,0.));
#706=CARTESIAN_POINT('',(-0.0079105678195782,0.045174262423014,0.));
#707=CARTESIAN_POINT('',(-0.00687978670704843,0.0446049919547117,0.));
#708=CARTESIAN_POINT('',(-0.00612680373616027,0.0441250902717177,0.));
#709=CARTESIAN_POINT('',(-0.00558241846885347,0.0437180198844116,0.));
#710=CARTESIAN_POINT('',(-0.00519946506749046,0.0433893149941307,0.));
#711=CARTESIAN_POINT('',(-0.00483818907777121,0.0430185349934891,0.));
#712=CARTESIAN_POINT('',(-0.0044962430651157,0.0425661431997039,0.));
#713=CARTESIAN_POINT('',(-0.00420908630744029,0.0420061041909428,0.));
#714=CARTESIAN_POINT('',(-0.0040379755047946,0.0413655756473113,0.));
#715=CARTESIAN_POINT('',(-0.00400985434581091,0.0407314242587305,0.));
#716=CARTESIAN_POINT('',(-0.00408729409270209,0.0401692985582571,0.));
#717=CARTESIAN_POINT('',(-0.00422129966304945,0.039682439616687,0.));
#718=CARTESIAN_POINT('',(-0.00438549140001122,0.0392430238368697,0.));
#719=CARTESIAN_POINT('',(-0.0045687974214744,0.0388252589385601,0.));
#720=CARTESIAN_POINT('',(-0.00484428581457176,0.0382487690440792,0.));
#721=CARTESIAN_POINT('',(-0.0052620304027781,0.0374492664782713,0.));
#722=CARTESIAN_POINT('',(-0.00587571900800328,0.0363589167022099,0.));
#723=CARTESIAN_POINT('',(-0.0065983653589777,0.0351363006347236,0.));
#724=CARTESIAN_POINT('',(-0.00742340728110309,0.0337876694440033,0.));
#725=CARTESIAN_POINT('',(-0.00834374939356976,0.0323208275167583,0.));
#726=CARTESIAN_POINT('',(-0.00968767325902112,0.0302195872451798,0.));
#727=CARTESIAN_POINT('',(-0.0115667477896673,0.0273443674988719,0.));
#728=CARTESIAN_POINT('',(-0.0140747866157355,0.0235772693415047,0.));
#729=CARTESIAN_POINT('',(-0.01676894172555,0.0195770681057307,0.));
#730=CARTESIAN_POINT('',(-0.0195822602332139,0.0154276270987236,0.));
#731=CARTESIAN_POINT('',(-0.0214907838786246,0.0126202014912765,0.));
#732=CARTESIAN_POINT('',(-0.0224432955945676,0.0112187086888845,0.));
#733=CARTESIAN_POINT('',(-0.0224432955945676,0.0112187086888845,0.));
#734=CARTESIAN_POINT('',(-0.0193360113454546,0.0500075461022016,0.0127));
#735=CARTESIAN_POINT('',(-0.0188117029229306,0.0498009400244454,0.0127));
#736=CARTESIAN_POINT('',(-0.0177626047556168,0.0493877606456701,0.0127));
#737=CARTESIAN_POINT('',(-0.015666803176936,0.0485601164081848,0.0127));
#738=CARTESIAN_POINT('',(-0.013106277290182,0.0475317005207877,0.0127));
#739=CARTESIAN_POINT('',(-0.0107526352323983,0.0465293210262629,0.0127));
#740=CARTESIAN_POINT('',(-0.00906456786115929,0.0457492228580116,0.0127));
#741=CARTESIAN_POINT('',(-0.0079105678195782,0.045174262423014,0.0127));
#742=CARTESIAN_POINT('',(-0.00687978670704843,0.0446049919547117,0.0127));
#743=CARTESIAN_POINT('',(-0.00612680373616027,0.0441250902717177,0.0127));
#744=CARTESIAN_POINT('',(-0.00558241846885347,0.0437180198844116,0.0127));
#745=CARTESIAN_POINT('',(-0.00519946506749046,0.0433893149941307,0.0127));
#746=CARTESIAN_POINT('',(-0.00483818907777121,0.0430185349934891,0.0127));
#747=CARTESIAN_POINT('',(-0.0044962430651157,0.0425661431997039,0.0127));
#748=CARTESIAN_POINT('',(-0.00420908630744029,0.0420061041909428,0.0127));
#749=CARTESIAN_POINT('',(-0.0040379755047946,0.0413655756473113,0.0127));
#750=CARTESIAN_POINT('',(-0.00400985434581091,0.0407314242587305,0.0127));
#751=CARTESIAN_POINT('',(-0.00408729409270209,0.0401692985582571,0.0127));
#752=CARTESIAN_POINT('',(-0.00422129966304945,0.039682439616687,0.0127));
#753=CARTESIAN_POINT('',(-0.00438549140001122,0.0392430238368697,0.0127));
#754=CARTESIAN_POINT('',(-0.0045687974214744,0.0388252589385601,0.0127));
#755=CARTESIAN_POINT('',(-0.00484428581457176,0.0382487690440792,0.0127));
#756=CARTESIAN_POINT('',(-0.0052620304027781,0.0374492664782713,0.0127));
#757=CARTESIAN_POINT('',(-0.00587571900800328,0.0363589167022099,0.0127));
#758=CARTESIAN_POINT('',(-0.0065983653589777,0.0351363006347236,0.0127));
#759=CARTESIAN_POINT('',(-0.00742340728110309,0.0337876694440033,0.0127));
#760=CARTESIAN_POINT('',(-0.00834374939356976,0.0323208275167583,0.0127));
#761=CARTESIAN_POINT('',(-0.00968767325902112,0.0302195872451798,0.0127));
#762=CARTESIAN_POINT('',(-0.0115667477896673,0.0273443674988719,0.0127));
#763=CARTESIAN_POINT('',(-0.0140747866157355,0.0235772693415047,0.0127));
#764=CARTESIAN_POINT('',(-0.01676894172555,0.0195770681057307,0.0127));
#765=CARTESIAN_POINT('',(-0.0195822602332139,0.0154276270987236,0.0127));
#766=CARTESIAN_POINT('',(-0.0214907838786246,0.0126202014912765,0.0127));
#767=CARTESIAN_POINT('',(-0.0224432955945676,0.0112187086888845,0.0127));
#768=CARTESIAN_POINT('',(-0.0224432955945676,0.0112187086888845,0.0127));
#769=CARTESIAN_POINT('',(-0.0224432955945676,0.0112187086888845,0.0127));
#770=CARTESIAN_POINT('',(-0.0377124810288431,0.0121850124255579,0.0127));
#771=CARTESIAN_POINT('',(-0.0377124810288431,0.0121850124255579,0.));
#772=CARTESIAN_POINT('',(-0.0529740010313767,0.0131508310587287,0.));
#773=CARTESIAN_POINT('',(-0.0377124810288431,0.0121850124255579,0.0127));
#774=CARTESIAN_POINT('',(-0.0529740010313767,0.0131508310587287,0.0127));
#775=CARTESIAN_POINT('',(-0.0529740010313767,0.0131508310587287,0.0127));
#776=CARTESIAN_POINT('',(-0.0529740010313767,0.0131508310587287,0.0127));
#777=CARTESIAN_POINT('',(-0.0529740010313767,0.0131508310587287,1.04083408558608E-17));
#778=CARTESIAN_POINT('',(-0.0544688931371845,0.0160481315459675,0.0127));
#779=CARTESIAN_POINT('',(-0.0544688931371845,0.0160481315459675,1.04083408558608E-17));
#780=CARTESIAN_POINT('',(-0.0574735729132454,0.0218675450898286,0.0127));
#781=CARTESIAN_POINT('',(-0.0574735729132454,0.0218675450898286,1.21430643318376E-17));
#782=CARTESIAN_POINT('',(-0.0609123593748016,0.0286224485549455,0.0127));
#783=CARTESIAN_POINT('',(-0.0609123593748016,0.0286224485549455,5.20417042793042E-18));
#784=CARTESIAN_POINT('',(-0.0632536546563365,0.0333555618048814,0.0127));
#785=CARTESIAN_POINT('',(-0.0632536546563365,0.0333555618048814,1.21430643318376E-17));
#786=CARTESIAN_POINT('',(-0.0647517744236031,0.0364842534632237,0.0127));
#787=CARTESIAN_POINT('',(-0.0647517744236031,0.0364842534632237,6.93889390390723E-18));
#788=CARTESIAN_POINT('',(-0.0657431628088842,0.0386743114711259,0.0127));
#789=CARTESIAN_POINT('',(-0.0657431628088842,0.0386743114711259,1.56125112837913E-17));
#790=CARTESIAN_POINT('',(-0.0663580907547176,0.0401423589562348,0.0127));
#791=CARTESIAN_POINT('',(-0.0663580907547176,0.0401423589562348,8.67361737988404E-18));
#792=CARTESIAN_POINT('',(-0.0667304861538134,0.0411109724683962,0.0127));
#793=CARTESIAN_POINT('',(-0.0667304861538134,0.0411109724683962,1.38777878078145E-17));
#794=CARTESIAN_POINT('',(-0.0669950841605877,0.0419174757436293,0.0127));
#795=CARTESIAN_POINT('',(-0.0669950841605877,0.0419174757436293,1.21430643318376E-17));
#796=CARTESIAN_POINT('',(-0.0672244681544707,0.0428009860100915,0.0127));
#797=CARTESIAN_POINT('',(-0.0672244681544707,0.0428009860100915,6.93889390390723E-18));
#798=CARTESIAN_POINT('',(-0.0671336167661093,0.0441391449186286,0.0127));
#799=CARTESIAN_POINT('',(-0.0671336167661093,0.0441391449186286,1.04083408558608E-17));
#800=CARTESIAN_POINT('',(-0.0664481089315346,0.045250643070661,0.0127));
#801=CARTESIAN_POINT('',(-0.0664481089315346,0.045250643070661,1.38777878078145E-17));
#802=CARTESIAN_POINT('',(-0.0657174451339568,0.0459146986837221,0.0127));
#803=CARTESIAN_POINT('',(-0.0657174451339568,0.0459146986837221,1.21430643318376E-17));
#804=CARTESIAN_POINT('',(-0.0648735363874118,0.0465566956848519,0.0127));
#805=CARTESIAN_POINT('',(-0.0648735363874118,0.0465566956848519,1.21430643318376E-17));
#806=CARTESIAN_POINT('',(-0.0638160391963088,0.0472712134590172,0.0127));
#807=CARTESIAN_POINT('',(-0.0638160391963088,0.0472712134590172,1.21430643318376E-17));
#808=CARTESIAN_POINT('',(-0.0621931385908079,0.0482814871815465,0.0127));
#809=CARTESIAN_POINT('',(-0.0621931385908079,0.0482814871815465,1.04083408558608E-17));
#810=CARTESIAN_POINT('',(-0.0603378867480706,0.0493223789992491,0.0127));
#811=CARTESIAN_POINT('',(-0.0603378867480706,0.0493223789992491,8.67361737988404E-18));
#812=CARTESIAN_POINT('',(-0.0584574502017238,0.050252201196979,0.0127));
#813=CARTESIAN_POINT('',(-0.0584574502017238,0.050252201196979,1.38777878078145E-17));
#814=CARTESIAN_POINT('',(-0.0570812887969562,0.0508589320068722,0.0127));
#815=CARTESIAN_POINT('',(-0.0570812887969562,0.0508589320068722,1.04083408558608E-17));
#816=CARTESIAN_POINT('',(-0.0557728978679859,0.0513400669047147,0.0127));
#817=CARTESIAN_POINT('',(-0.0557728978679859,0.0513400669047147,1.21430643318376E-17));
#818=CARTESIAN_POINT('',(-0.0547447589541841,0.0516096426603983,0.0127));
#819=CARTESIAN_POINT('',(-0.0547447589541841,0.0516096426603983,6.93889390390723E-18));
#820=CARTESIAN_POINT('',(-0.0538930193605138,0.0517105677424861,0.0127));
#821=CARTESIAN_POINT('',(-0.0538930193605138,0.0517105677424861,1.38777878078145E-17));
#822=CARTESIAN_POINT('',(-0.0531915306055155,0.0516932208705477,0.0127));
#823=CARTESIAN_POINT('',(-0.0531915306055155,0.0516932208705477,8.67361737988404E-18));
#824=CARTESIAN_POINT('',(-0.0523278282962815,0.0514864137338972,0.0127));
#825=CARTESIAN_POINT('',(-0.0523278282962815,0.0514864137338972,1.04083408558608E-17));
#826=CARTESIAN_POINT('',(-0.0516938124998146,0.0510168304105333,0.0127));
#827=CARTESIAN_POINT('',(-0.0516938124998146,0.0510168304105333,1.04083408558608E-17));
#828=CARTESIAN_POINT('',(-0.0514604119161402,0.0507343212109797,0.0127));
#829=CARTESIAN_POINT('',(-0.0514604119161402,0.0507343212109797,1.04083408558608E-17));
#830=CARTESIAN_POINT('',(-0.0529740010313767,0.0131508310587287,0.));
#831=CARTESIAN_POINT('',(-0.0537214470842806,0.0145994813023481,0.));
#832=CARTESIAN_POINT('',(-0.0552191978501947,0.0175015214701381,0.));
#833=CARTESIAN_POINT('',(-0.0574261780913617,0.0217899103368884,0.));
#834=CARTESIAN_POINT('',(-0.0595370513536069,0.0259208715636286,0.));
#835=CARTESIAN_POINT('',(-0.0614976364310917,0.0298056424295075,0.));
#836=CARTESIAN_POINT('',(-0.0629609686962515,0.032763869706451,0.));
#837=CARTESIAN_POINT('',(-0.0640027671825963,0.0349200198175762,0.));
#838=CARTESIAN_POINT('',(-0.0647132254629515,0.0364216770002121,0.));
#839=CARTESIAN_POINT('',(-0.0653465238022872,0.0377981709120583,0.));
#840=CARTESIAN_POINT('',(-0.0658967704172389,0.0390410156808347,0.));
#841=CARTESIAN_POINT('',(-0.0662816883358873,0.0399599250788188,0.));
#842=CARTESIAN_POINT('',(-0.0665434788959684,0.0406247975398287,0.));
#843=CARTESIAN_POINT('',(-0.0667164076676462,0.0410890064777193,0.));
#844=CARTESIAN_POINT('',(-0.0668660099640056,0.0415229011227431,0.));
#845=CARTESIAN_POINT('',(-0.0669914706626561,0.041925026940492,0.));
#846=CARTESIAN_POINT('',(-0.0671033983360048,0.0423588525682939,0.));
#847=CARTESIAN_POINT('',(-0.0671835775556247,0.0428610117153242,0.));
#848=CARTESIAN_POINT('',(-0.0671888649860761,0.0434576652730334,0.));
#849=CARTESIAN_POINT('',(-0.0670578716927187,0.0441102199499783,0.));
#850=CARTESIAN_POINT('',(-0.0667866923934916,0.0447096636823206,0.));
#851=CARTESIAN_POINT('',(-0.0664440555828991,0.045192040105733,0.));
#852=CARTESIAN_POINT('',(-0.0660805829011164,0.0455785917797422,0.));
#853=CARTESIAN_POINT('',(-0.0657028374161897,0.0459136364294233,0.));
#854=CARTESIAN_POINT('',(-0.0652994932888982,0.0462329959929659,0.));
#855=CARTESIAN_POINT('',(-0.0646949783081794,0.0466773414739413,0.));
#856=CARTESIAN_POINT('',(-0.0638168034816763,0.0472706839750661,0.));
#857=CARTESIAN_POINT('',(-0.062598729714645,0.0480290593978542,0.));
#858=CARTESIAN_POINT('',(-0.0612652844942243,0.048801899986589,0.));
#859=CARTESIAN_POINT('',(-0.0598678367594785,0.0495548371872951,0.));
#860=CARTESIAN_POINT('',(-0.0584574417849604,0.0502522237463338,0.));
#861=CARTESIAN_POINT('',(-0.0573106263941727,0.0507577366000887,0.));
#862=CARTESIAN_POINT('',(-0.0564271357622642,0.0510996274351648,0.));
#863=CARTESIAN_POINT('',(-0.0557826758231523,0.0513205088461618,0.));
#864=CARTESIAN_POINT('',(-0.0551541723854499,0.051501094617454,0.));
#865=CARTESIAN_POINT('',(-0.0545321200448406,0.0516351994565044,0.));
#866=CARTESIAN_POINT('',(-0.0538936775384723,0.0517099833808204,0.));
#867=CARTESIAN_POINT('',(-0.0533061145102514,0.0516976912231586,0.));
#868=CARTESIAN_POINT('',(-0.0527637434132815,0.0515870916014375,0.));
#869=CARTESIAN_POINT('',(-0.0523172767513327,0.0514239148350253,0.));
#870=CARTESIAN_POINT('',(-0.0518467979736101,0.051138163613449,0.));
#871=CARTESIAN_POINT('',(-0.0515771122079774,0.0508755758107565,0.));
#872=CARTESIAN_POINT('',(-0.0514604119161402,0.0507343212109797,0.));
#873=CARTESIAN_POINT('',(-0.0529740010313767,0.0131508310587287,0.0127));
#874=CARTESIAN_POINT('',(-0.0537214470842806,0.0145994813023481,0.0127));
#875=CARTESIAN_POINT('',(-0.0552191978501947,0.0175015214701381,0.0127));
#876=CARTESIAN_POINT('',(-0.0574261780913617,0.0217899103368884,0.0127));
#877=CARTESIAN_POINT('',(-0.0595370513536069,0.0259208715636286,0.0127));
#878=CARTESIAN_POINT('',(-0.0614976364310917,0.0298056424295075,0.0127));
#879=CARTESIAN_POINT('',(-0.0629609686962515,0.032763869706451,0.0127));
#880=CARTESIAN_POINT('',(-0.0640027671825963,0.0349200198175762,0.0127));
#881=CARTESIAN_POINT('',(-0.0647132254629515,0.0364216770002121,0.0127));
#882=CARTESIAN_POINT('',(-0.0653465238022872,0.0377981709120583,0.0127));
#883=CARTESIAN_POINT('',(-0.0658967704172389,0.0390410156808347,0.0127));
#884=CARTESIAN_POINT('',(-0.0662816883358873,0.0399599250788188,0.0127));
#885=CARTESIAN_POINT('',(-0.0665434788959684,0.0406247975398287,0.0127));
#886=CARTESIAN_POINT('',(-0.0667164076676462,0.0410890064777193,0.0127));
#887=CARTESIAN_POINT('',(-0.0668660099640056,0.0415229011227431,0.0127));
#888=CARTESIAN_POINT('',(-0.0669914706626561,0.041925026940492,0.0127));
#889=CARTESIAN_POINT('',(-0.0671033983360048,0.0423588525682939,0.0127));
#890=CARTESIAN_POINT('',(-0.0671835775556247,0.0428610117153242,0.0127));
#891=CARTESIAN_POINT('',(-0.0671888649860761,0.0434576652730334,0.0127));
#892=CARTESIAN_POINT('',(-0.0670578716927187,0.0441102199499783,0.0127));
#893=CARTESIAN_POINT('',(-0.0667866923934916,0.0447096636823206,0.0127));
#894=CARTESIAN_POINT('',(-0.0664440555828991,0.045192040105733,0.0127));
#895=CARTESIAN_POINT('',(-0.0660805829011164,0.0455785917797422,0.0127));
#896=CARTESIAN_POINT('',(-0.0657028374161897,0.0459136364294233,0.0127));
#897=CARTESIAN_POINT('',(-0.0652994932888982,0.0462329959929659,0.0127));
#898=CARTESIAN_POINT('',(-0.0646949783081794,0.0466773414739413,0.0127));
#899=CARTESIAN_POINT('',(-0.0638168034816763,0.0472706839750661,0.0127));
#900=CARTESIAN_POINT('',(-0.062598729714645,0.0480290593978542,0.0127));
#901=CARTESIAN_POINT('',(-0.0612652844942243,0.048801899986589,0.0127));
#902=CARTESIAN_POINT('',(-0.0598678367594785,0.0495548371872951,0.0127));
#903=CARTESIAN_POINT('',(-0.0584574417849604,0.0502522237463338,0.0127));
#904=CARTESIAN_POINT('',(-0.0573106263941727,0.0507577366000887,0.0127));
#905=CARTESIAN_POINT('',(-0.0564271357622642,0.0510996274351648,0.0127));
#906=CARTESIAN_POINT('',(-0.0557826758231523,0.0513205088461618,0.0127));
#907=CARTESIAN_POINT('',(-0.0551541723854499,0.051501094617454,0.0127));
#908=CARTESIAN_POINT('',(-0.0545321200448406,0.0516351994565044,0.0127));
#909=CARTESIAN_POINT('',(-0.0538936775384723,0.0517099833808204,0.0127));
#910=CARTESIAN_POINT('',(-0.0533061145102514,0.0516976912231586,0.0127));
#911=CARTESIAN_POINT('',(-0.0527637434132815,0.0515870916014375,0.0127));
#912=CARTESIAN_POINT('',(-0.0523172767513327,0.0514239148350253,0.0127));
#913=CARTESIAN_POINT('',(-0.0518467979736101,0.051138163613449,0.0127));
#914=CARTESIAN_POINT('',(-0.0515771122079774,0.0508755758107565,0.0127));
#915=CARTESIAN_POINT('',(-0.0514604119161402,0.0507343212109797,0.0127));
#916=CARTESIAN_POINT('',(-0.0191450917235391,0.0477826353254532,0.0127));
#917=CARTESIAN_POINT('',(-0.0191450917235391,0.0477826353254532,-0.002));
#918=CARTESIAN_POINT('',(-0.0135148867522968,0.0455640278873506,0.0127));
#919=CARTESIAN_POINT('',(-0.0135148867522968,0.0455640278873506,-0.002));
#920=CARTESIAN_POINT('',(-0.00569522848774315,0.0424826565913192,0.0127));
#921=CARTESIAN_POINT('',(-0.00569522848774315,0.0424826565913192,-0.002));
#922=CARTESIAN_POINT('',(-0.00618004697500153,0.0387059326212934,0.0127));
#923=CARTESIAN_POINT('',(-0.00618004697500153,0.0387059326212934,-0.002));
#924=CARTESIAN_POINT('',(-0.0158123847080043,0.0245332439529486,0.0127));
#925=CARTESIAN_POINT('',(-0.0158123847080043,0.0245332439529486,-0.002));
#926=CARTESIAN_POINT('',(-0.0234559312793563,0.0132867938303991,0.0127));
#927=CARTESIAN_POINT('',(-0.0234559312793563,0.0132867938303991,-0.002));
#928=CARTESIAN_POINT('',(-0.0191450917235391,0.0477826353254532,-0.002));
#929=CARTESIAN_POINT('',(-0.0135148867522968,0.0455640278873506,-0.002));
#930=CARTESIAN_POINT('',(-0.00569522848774315,0.0424826565913192,-0.002));
#931=CARTESIAN_POINT('',(-0.00618004697500153,0.0387059326212934,-0.002));
#932=CARTESIAN_POINT('',(-0.0158123847080043,0.0245332439529486,-0.002));
#933=CARTESIAN_POINT('',(-0.0234559312793563,0.0132867938303991,-0.002));
#934=CARTESIAN_POINT('',(-0.0191450917235391,0.0477826353254532,0.0127));
#935=CARTESIAN_POINT('',(-0.0135148867522968,0.0455640278873506,0.0127));
#936=CARTESIAN_POINT('',(-0.00569522848774315,0.0424826565913192,0.0127));
#937=CARTESIAN_POINT('',(-0.00618004697500153,0.0387059326212934,0.0127));
#938=CARTESIAN_POINT('',(-0.0158123847080043,0.0245332439529486,0.0127));
#939=CARTESIAN_POINT('',(-0.0234559312793563,0.0132867938303991,0.0127));
#940=CARTESIAN_POINT('',(-0.0370197349459713,0.0612118636624439,0.0127));
#941=CARTESIAN_POINT('',(-0.0691720059842523,0.0391140898189703,0.));
#942=CARTESIAN_POINT('',(-0.0380282721171526,0.00719499479146637,0.));
#943=CARTESIAN_POINT('',(-0.0199117063825959,0.00604849583509807,0.));
#944=CARTESIAN_POINT('',(-0.0561180088406122,0.00833979588557567,0.));
#945=CARTESIAN_POINT('',(-0.0198133104002431,0.0555698230440724,0.));
#946=CARTESIAN_POINT('',(-0.0192465443729216,0.055346486357344,0.));
#947=CARTESIAN_POINT('',(-0.0181126611006849,0.0548996416973104,0.));
#948=CARTESIAN_POINT('',(-0.0164139434978916,0.0542304024267197,0.));
#949=CARTESIAN_POINT('',(-0.0147053225222513,0.0535567528762377,0.));
#950=CARTESIAN_POINT('',(-0.0130006047778468,0.0528779632295964,0.));
#951=CARTESIAN_POINT('',(-0.0113270964381391,0.0521981463820804,0.));
#952=CARTESIAN_POINT('',(-0.00970374153700541,0.0515180435600666,0.));
#953=CARTESIAN_POINT('',(-0.00814729495631761,0.0508362127021305,0.));
#954=CARTESIAN_POINT('',(-0.00666963311512226,0.0501476656962046,0.));
#955=CARTESIAN_POINT('',(-0.00550407569133512,0.0495567084591648,0.));
#956=CARTESIAN_POINT('',(-0.00459958453755089,0.0490545375177997,0.));
#957=CARTESIAN_POINT('',(-0.00393247433876967,0.0486567500507312,0.));
#958=CARTESIAN_POINT('',(-0.00336776548831129,0.0482883515058696,0.));
#959=CARTESIAN_POINT('',(-0.00291448330974336,0.0479665977023342,0.));
#960=CARTESIAN_POINT('',(-0.002563955463594,0.0477016493967084,0.));
#961=CARTESIAN_POINT('',(-0.00220557561937384,0.0474106605462557,0.));
#962=CARTESIAN_POINT('',(-0.00189451020970415,0.0471360758730138,0.));
#963=CARTESIAN_POINT('',(-0.00164210129439309,0.0468965389139287,0.));
#964=CARTESIAN_POINT('',(-0.00144355309645274,0.0466979809251177,0.));
#965=CARTESIAN_POINT('',(-0.00124022846829994,0.0464821213598881,0.));
#966=CARTESIAN_POINT('',(-0.00103602577566209,0.0462509978203253,0.));
#967=CARTESIAN_POINT('',(-0.000827912927728944,0.0459987629874624,0.));
#968=CARTESIAN_POINT('',(-0.000543367589857011,0.0456260767965547,0.));
#969=CARTESIAN_POINT('',(-0.000257813068790468,0.0452002334215113,0.));
#970=CARTESIAN_POINT('',(1.12741431423838E-5,0.0447275535760699,0.));
#971=CARTESIAN_POINT('',(0.000202789807748568,0.0443483707913742,0.));
#972=CARTESIAN_POINT('',(0.000381877379122373,0.0439421207940148,0.));
#973=CARTESIAN_POINT('',(0.000544510745822656,0.0435073241424705,0.));
#974=CARTESIAN_POINT('',(0.000678990753286505,0.0430734993343612,0.));
#975=CARTESIAN_POINT('',(0.000789723966123547,0.0426316770387612,0.));
#976=CARTESIAN_POINT('',(0.000862209171679787,0.0422530312120773,0.));
#977=CARTESIAN_POINT('',(0.000907211693045869,0.0419448582373108,0.));
#978=CARTESIAN_POINT('',(0.000959736999415852,0.0414943152289657,0.));
#979=CARTESIAN_POINT('',(0.000989321129982274,0.040849368977902,0.));
#980=CARTESIAN_POINT('',(0.000944819318727023,0.0400419620408382,0.));
#981=CARTESIAN_POINT('',(0.000857106848856608,0.0394491721373961,0.));
#982=CARTESIAN_POINT('',(0.000771748497194439,0.039029224148182,0.));
#983=CARTESIAN_POINT('',(0.00070049844173966,0.0387311792237263,0.));
#984=CARTESIAN_POINT('',(0.000624631907683206,0.0384534180517407,0.));
#985=CARTESIAN_POINT('',(0.00054703847878968,0.0381982520480156,0.));
#986=CARTESIAN_POINT('',(0.000469621898151816,0.0379643991633069,0.));
#987=CARTESIAN_POINT('',(0.000364052250222488,0.0376678852272809,0.));
#988=CARTESIAN_POINT('',(0.00023517210346363,0.0373386779425781,0.));
#989=CARTESIAN_POINT('',(0.000110801281539169,0.0370465707530103,0.));
#990=CARTESIAN_POINT('',(1.32228565311517E-5,0.0368279712464036,0.));
#991=CARTESIAN_POINT('',(-8.10781826910077E-5,0.0366220978520327,0.));
#992=CARTESIAN_POINT('',(-0.000249880847613939,0.0362655775037187,0.));
#993=CARTESIAN_POINT('',(-0.000501103326831786,0.0357638317075491,0.));
#994=CARTESIAN_POINT('',(-0.000935075719377682,0.0349430285042404,0.));
#995=CARTESIAN_POINT('',(-0.00153833460501177,0.0338691718610784,0.));
#996=CARTESIAN_POINT('',(-0.00237076599395287,0.0324628909781861,0.));
#997=CARTESIAN_POINT('',(-0.00330971445842915,0.0309332071507208,0.));
#998=CARTESIAN_POINT('',(-0.00435025725463724,0.0292816807306764,0.));
#999=CARTESIAN_POINT('',(-0.00548498366370436,0.0275154513295256,0.));
#1000=CARTESIAN_POINT('',(-0.00670537334446735,0.0256439423367588,0.));
#1001=CARTESIAN_POINT('',(-0.00843429880360851,0.023022961885809,0.));
#1002=CARTESIAN_POINT('',(-0.0107619750733697,0.0195403672592321,0.));
#1003=CARTESIAN_POINT('',(-0.0137404017746636,0.0151311570671621,0.));
#1004=CARTESIAN_POINT('',(-0.0168205107011165,0.0105961206768037,0.));
#1005=CARTESIAN_POINT('',(-0.0188820618870459,0.00756347914226619,0.));
#1006=CARTESIAN_POINT('',(-0.0199117063825959,0.00604849583509807,0.));
#1007=CARTESIAN_POINT('',(-0.0198133104002431,0.0555698230440724,0.));
#1008=CARTESIAN_POINT('',(-0.0204434327023718,0.0551864583700137,0.));
#1009=CARTESIAN_POINT('',(-0.0210735550045005,0.0548030936959549,0.));
#1010=CARTESIAN_POINT('',(-0.0542110816645896,0.0566848090638193,0.));
#1011=CARTESIAN_POINT('',(-0.0539080007593061,0.0572300744995837,0.));
#1012=CARTESIAN_POINT('',(-0.053392772967426,0.0580811769106578,0.));
#1013=CARTESIAN_POINT('',(-0.0525537576172898,0.0592414690468788,0.));
#1014=CARTESIAN_POINT('',(-0.0518410948334338,0.0601128775976123,0.));
#1015=CARTESIAN_POINT('',(-0.051171805465659,0.0608301429199355,0.));
#1016=CARTESIAN_POINT('',(-0.0505850217720581,0.0613940291686186,0.));
#1017=CARTESIAN_POINT('',(-0.0499611656551525,0.0619492655606682,0.));
#1018=CARTESIAN_POINT('',(-0.0491378869563359,0.0626012868247504,0.));
#1019=CARTESIAN_POINT('',(-0.0480835869266785,0.0633118801547109,0.));
#1020=CARTESIAN_POINT('',(-0.0470092402423806,0.0639272797843231,0.));
#1021=CARTESIAN_POINT('',(-0.045902615865451,0.0644671836435934,0.));
#1022=CARTESIAN_POINT('',(-0.0447677115346917,0.0649328934314474,0.));
#1023=CARTESIAN_POINT('',(-0.0432244025546046,0.0654574260489364,0.));
#1024=CARTESIAN_POINT('',(-0.0412353577107133,0.065939130779427,0.));
#1025=CARTESIAN_POINT('',(-0.0387745663590584,0.066235412413235,0.));
#1026=CARTESIAN_POINT('',(-0.0362500465305027,0.0662336346515622,0.));
#1027=CARTESIAN_POINT('',(-0.0336797651047905,0.0659004486435077,0.));
#1028=CARTESIAN_POINT('',(-0.0310986968110278,0.0651902158016359,0.));
#1029=CARTESIAN_POINT('',(-0.0285546823215149,0.0640427536341447,0.));
#1030=CARTESIAN_POINT('',(-0.0265479325665776,0.062684741863881,0.));
#1031=CARTESIAN_POINT('',(-0.02506724859337,0.0613451972804262,0.));
#1032=CARTESIAN_POINT('',(-0.0240389312074452,0.0602196965166911,0.));
#1033=CARTESIAN_POINT('',(-0.0232638666838797,0.0591873751579332,0.));
#1034=CARTESIAN_POINT('',(-0.0226993831068447,0.0583102754667117,0.));
#1035=CARTESIAN_POINT('',(-0.0223033120896651,0.0576245131481484,0.));
#1036=CARTESIAN_POINT('',(-0.021942208122559,0.0569239162240888,0.));
#1037=CARTESIAN_POINT('',(-0.0215090037630104,0.055982205892715,0.));
#1038=CARTESIAN_POINT('',(-0.0212361602774346,0.0552738857173024,0.));
#1039=CARTESIAN_POINT('',(-0.0210735550045005,0.0548030936959549,0.));
#1040=CARTESIAN_POINT('',(-0.0542110816645896,0.0566848090638193,0.));
#1041=CARTESIAN_POINT('',(-0.0561180088406122,0.00833979588557568,0.));
#1042=CARTESIAN_POINT('',(-0.0568565787776277,0.00977124303153429,0.));
#1043=CARTESIAN_POINT('',(-0.0583345727717538,0.0126353864023178,0.));
#1044=CARTESIAN_POINT('',(-0.0605477476169273,0.0169264339318516,0.));
#1045=CARTESIAN_POINT('',(-0.0627036839471801,0.0211250786116438,0.));
#1046=CARTESIAN_POINT('',(-0.0647497302140888,0.0251452075170305,0.));
#1047=CARTESIAN_POINT('',(-0.0663209144049713,0.0282780233977486,0.));
#1048=CARTESIAN_POINT('',(-0.0674730126557072,0.0306149350370328,0.));
#1049=CARTESIAN_POINT('',(-0.0682789019918637,0.0322741211675233,0.));
#1050=CARTESIAN_POINT('',(-0.0690212111590824,0.033831969962533,0.));
#1051=CARTESIAN_POINT('',(-0.0696951271050323,0.0352822513151278,0.));
#1052=CARTESIAN_POINT('',(-0.0702969408369898,0.036622208194657,0.));
#1053=CARTESIAN_POINT('',(-0.0707364702408179,0.037648442965947,0.));
#1054=CARTESIAN_POINT('',(-0.0710520190174891,0.0384249208455244,0.));
#1055=CARTESIAN_POINT('',(-0.0712704232659209,0.0389871569316485,0.));
#1056=CARTESIAN_POINT('',(-0.0714404989331773,0.0394517372456662,0.));
#1057=CARTESIAN_POINT('',(-0.0715678529380326,0.0398217568436685,0.));
#1058=CARTESIAN_POINT('',(-0.0716580694805124,0.0400953740014391,0.));
#1059=CARTESIAN_POINT('',(-0.0717521315753939,0.0403989324003184,0.));
#1060=CARTESIAN_POINT('',(-0.0718441425354564,0.0407199773564931,0.));
#1061=CARTESIAN_POINT('',(-0.0719455736180574,0.0411197893548977,0.));
#1062=CARTESIAN_POINT('',(-0.0720410417126332,0.0415729504770344,0.));
#1063=CARTESIAN_POINT('',(-0.0721278316583815,0.0421325217364945,0.));
#1064=CARTESIAN_POINT('',(-0.0721819897903287,0.042765561191287,0.));
#1065=CARTESIAN_POINT('',(-0.0721860921573243,0.0433702861054373,0.));
#1066=CARTESIAN_POINT('',(-0.0721510693875026,0.0438994079019542,0.));
#1067=CARTESIAN_POINT('',(-0.0721026937589493,0.0443099610748146,0.));
#1068=CARTESIAN_POINT('',(-0.0720339260518816,0.0447152140722232,0.));
#1069=CARTESIAN_POINT('',(-0.0719429462322476,0.0451248663362682,0.));
#1070=CARTESIAN_POINT('',(-0.071846802634605,0.0454711274911734,0.));
#1071=CARTESIAN_POINT('',(-0.0717554951480378,0.0457532238024226,0.));
#1072=CARTESIAN_POINT('',(-0.071610720901511,0.0461611211392424,0.));
#1073=CARTESIAN_POINT('',(-0.0714194936308622,0.0466025529172073,0.));
#1074=CARTESIAN_POINT('',(-0.0711750999972892,0.0470718767992192,0.));
#1075=CARTESIAN_POINT('',(-0.070913686291689,0.0475199304224527,0.));
#1076=CARTESIAN_POINT('',(-0.0705762021924702,0.0480140917089262,0.));
#1077=CARTESIAN_POINT('',(-0.0701851495622981,0.0485022558852464,0.));
#1078=CARTESIAN_POINT('',(-0.0698663336662217,0.0488518851603737,0.));
#1079=CARTESIAN_POINT('',(-0.0696258333648145,0.0490952713770208,0.));
#1080=CARTESIAN_POINT('',(-0.0693984680227484,0.0493149441785773,0.));
#1081=CARTESIAN_POINT('',(-0.0691209408696048,0.0495660300127815,0.));
#1082=CARTESIAN_POINT('',(-0.0688191769203166,0.0498209305814188,0.));
#1083=CARTESIAN_POINT('',(-0.068525962453356,0.0500560551554898,0.));
#1084=CARTESIAN_POINT('',(-0.068149775147561,0.0503446217044904,0.));
#1085=CARTESIAN_POINT('',(-0.0676723378696716,0.0506923509101365,0.));
#1086=CARTESIAN_POINT('',(-0.0668735157537721,0.051242561887325,0.));
#1087=CARTESIAN_POINT('',(-0.0658041512029571,0.0519309048433441,0.));
#1088=CARTESIAN_POINT('',(-0.0644013275876501,0.0527708571536917,0.));
#1089=CARTESIAN_POINT('',(-0.0629120749389738,0.0536021481910177,0.));
#1090=CARTESIAN_POINT('',(-0.0613670750131885,0.0544008644228573,0.));
#1091=CARTESIAN_POINT('',(-0.0597916017470806,0.0551405461745273,0.));
#1092=CARTESIAN_POINT('',(-0.0584549367066918,0.0556886010352667,0.));
#1093=CARTESIAN_POINT('',(-0.0573348714367463,0.0560755339550871,0.));
#1094=CARTESIAN_POINT('',(-0.0565919253739088,0.0562923516758806,0.));
#1095=CARTESIAN_POINT('',(-0.0559483226963579,0.056446023668466,0.));
#1096=CARTESIAN_POINT('',(-0.0555127228317995,0.0565318500796414,0.));
#1097=CARTESIAN_POINT('',(-0.0551456434740902,0.0565907981213299,0.));
#1098=CARTESIAN_POINT('',(-0.0547518650856609,0.0566436380233129,0.));
#1099=CARTESIAN_POINT('',(-0.0544323283064476,0.0566725624624112,0.));
#1100=CARTESIAN_POINT('',(-0.0542110816645896,0.0566848090638193,0.));
#1101=CARTESIAN_POINT('',(-0.0691720059842523,0.0391140898189703,-0.002));
#1102=CARTESIAN_POINT('',(-0.0380282721171526,0.00719499479146637,-0.002));
#1103=CARTESIAN_POINT('',(-0.0199117063825959,0.00604849583509807,-0.002));
#1104=CARTESIAN_POINT('',(-0.0561180088406122,0.00833979588557567,-0.002));
#1105=CARTESIAN_POINT('',(-0.0561180088406122,0.00833979588557568,-0.002));
#1106=CARTESIAN_POINT('',(-0.0568565787776277,0.00977124303153429,-0.002));
#1107=CARTESIAN_POINT('',(-0.0583345727717538,0.0126353864023178,-0.002));
#1108=CARTESIAN_POINT('',(-0.0605477476169273,0.0169264339318516,-0.002));
#1109=CARTESIAN_POINT('',(-0.0627036839471801,0.0211250786116438,-0.002));
#1110=CARTESIAN_POINT('',(-0.0647497302140888,0.0251452075170305,-0.002));
#1111=CARTESIAN_POINT('',(-0.0663209144049713,0.0282780233977486,-0.002));
#1112=CARTESIAN_POINT('',(-0.0674730126557072,0.0306149350370328,-0.002));
#1113=CARTESIAN_POINT('',(-0.0682789019918637,0.0322741211675233,-0.002));
#1114=CARTESIAN_POINT('',(-0.0690212111590824,0.033831969962533,-0.002));
#1115=CARTESIAN_POINT('',(-0.0696951271050323,0.0352822513151278,-0.002));
#1116=CARTESIAN_POINT('',(-0.0702969408369898,0.036622208194657,-0.002));
#1117=CARTESIAN_POINT('',(-0.0707364702408179,0.037648442965947,-0.002));
#1118=CARTESIAN_POINT('',(-0.0710520190174891,0.0384249208455244,-0.002));
#1119=CARTESIAN_POINT('',(-0.0712704232659209,0.0389871569316485,-0.002));
#1120=CARTESIAN_POINT('',(-0.0714404989331773,0.0394517372456662,-0.002));
#1121=CARTESIAN_POINT('',(-0.0715678529380326,0.0398217568436685,-0.002));
#1122=CARTESIAN_POINT('',(-0.0716580694805124,0.0400953740014391,-0.002));
#1123=CARTESIAN_POINT('',(-0.0717521315753939,0.0403989324003184,-0.002));
#1124=CARTESIAN_POINT('',(-0.0718441425354564,0.0407199773564931,-0.002));
#1125=CARTESIAN_POINT('',(-0.0719455736180574,0.0411197893548977,-0.002));
#1126=CARTESIAN_POINT('',(-0.0720410417126332,0.0415729504770344,-0.002));
#1127=CARTESIAN_POINT('',(-0.0721278316583815,0.0421325217364945,-0.002));
#1128=CARTESIAN_POINT('',(-0.0721819897903287,0.042765561191287,-0.002));
#1129=CARTESIAN_POINT('',(-0.0721860921573243,0.0433702861054373,-0.002));
#1130=CARTESIAN_POINT('',(-0.0721510693875026,0.0438994079019542,-0.002));
#1131=CARTESIAN_POINT('',(-0.0721026937589493,0.0443099610748146,-0.002));
#1132=CARTESIAN_POINT('',(-0.0720339260518816,0.0447152140722232,-0.002));
#1133=CARTESIAN_POINT('',(-0.0719429462322476,0.0451248663362682,-0.002));
#1134=CARTESIAN_POINT('',(-0.071846802634605,0.0454711274911734,-0.002));
#1135=CARTESIAN_POINT('',(-0.0717554951480378,0.0457532238024226,-0.002));
#1136=CARTESIAN_POINT('',(-0.071610720901511,0.0461611211392424,-0.002));
#1137=CARTESIAN_POINT('',(-0.0714194936308622,0.0466025529172073,-0.002));
#1138=CARTESIAN_POINT('',(-0.0711750999972892,0.0470718767992192,-0.002));
#1139=CARTESIAN_POINT('',(-0.070913686291689,0.0475199304224527,-0.002));
#1140=CARTESIAN_POINT('',(-0.0705762021924702,0.0480140917089262,-0.002));
#1141=CARTESIAN_POINT('',(-0.0701851495622981,0.0485022558852464,-0.002));
#1142=CARTESIAN_POINT('',(-0.0698663336662217,0.0488518851603737,-0.002));
#1143=CARTESIAN_POINT('',(-0.0696258333648145,0.0490952713770208,-0.002));
#1144=CARTESIAN_POINT('',(-0.0693984680227484,0.0493149441785773,-0.002));
#1145=CARTESIAN_POINT('',(-0.0691209408696048,0.0495660300127815,-0.002));
#1146=CARTESIAN_POINT('',(-0.0688191769203166,0.0498209305814188,-0.002));
#1147=CARTESIAN_POINT('',(-0.068525962453356,0.0500560551554898,-0.002));
#1148=CARTESIAN_POINT('',(-0.068149775147561,0.0503446217044904,-0.002));
#1149=CARTESIAN_POINT('',(-0.0676723378696716,0.0506923509101365,-0.002));
#1150=CARTESIAN_POINT('',(-0.0668735157537721,0.051242561887325,-0.002));
#1151=CARTESIAN_POINT('',(-0.0658041512029571,0.0519309048433441,-0.002));
#1152=CARTESIAN_POINT('',(-0.0644013275876501,0.0527708571536917,-0.002));
#1153=CARTESIAN_POINT('',(-0.0629120749389738,0.0536021481910177,-0.002));
#1154=CARTESIAN_POINT('',(-0.0613670750131885,0.0544008644228573,-0.002));
#1155=CARTESIAN_POINT('',(-0.0597916017470806,0.0551405461745273,-0.002));
#1156=CARTESIAN_POINT('',(-0.0584549367066918,0.0556886010352667,-0.002));
#1157=CARTESIAN_POINT('',(-0.0573348714367463,0.0560755339550871,-0.002));
#1158=CARTESIAN_POINT('',(-0.0565919253739088,0.0562923516758806,-0.002));
#1159=CARTESIAN_POINT('',(-0.0559483226963579,0.056446023668466,-0.002));
#1160=CARTESIAN_POINT('',(-0.0555127228317995,0.0565318500796414,-0.002));
#1161=CARTESIAN_POINT('',(-0.0551456434740902,0.0565907981213299,-0.002));
#1162=CARTESIAN_POINT('',(-0.0547518650856609,0.0566436380233129,-0.002));
#1163=CARTESIAN_POINT('',(-0.0544323283064476,0.0566725624624112,-0.002));
#1164=CARTESIAN_POINT('',(-0.0542110816645896,0.0566848090638193,-0.002));
#1165=CARTESIAN_POINT('',(-0.0542110816645896,0.0566848090638193,-0.002));
#1166=CARTESIAN_POINT('',(-0.0542110816645896,0.0566848090638193,-0.002));
#1167=CARTESIAN_POINT('',(-0.0539080007593061,0.0572300744995837,-0.002));
#1168=CARTESIAN_POINT('',(-0.053392772967426,0.0580811769106578,-0.002));
#1169=CARTESIAN_POINT('',(-0.0525537576172898,0.0592414690468788,-0.002));
#1170=CARTESIAN_POINT('',(-0.0518410948334338,0.0601128775976123,-0.002));
#1171=CARTESIAN_POINT('',(-0.051171805465659,0.0608301429199355,-0.002));
#1172=CARTESIAN_POINT('',(-0.0505850217720581,0.0613940291686186,-0.002));
#1173=CARTESIAN_POINT('',(-0.0499611656551525,0.0619492655606682,-0.002));
#1174=CARTESIAN_POINT('',(-0.0491378869563359,0.0626012868247504,-0.002));
#1175=CARTESIAN_POINT('',(-0.0480835869266785,0.0633118801547109,-0.002));
#1176=CARTESIAN_POINT('',(-0.0470092402423806,0.0639272797843231,-0.002));
#1177=CARTESIAN_POINT('',(-0.045902615865451,0.0644671836435934,-0.002));
#1178=CARTESIAN_POINT('',(-0.0447677115346917,0.0649328934314474,-0.002));
#1179=CARTESIAN_POINT('',(-0.0432244025546046,0.0654574260489364,-0.002));
#1180=CARTESIAN_POINT('',(-0.0412353577107133,0.065939130779427,-0.002));
#1181=CARTESIAN_POINT('',(-0.0387745663590584,0.066235412413235,-0.002));
#1182=CARTESIAN_POINT('',(-0.0362500465305027,0.0662336346515622,-0.002));
#1183=CARTESIAN_POINT('',(-0.0336797651047905,0.0659004486435077,-0.002));
#1184=CARTESIAN_POINT('',(-0.0310986968110278,0.0651902158016359,-0.002));
#1185=CARTESIAN_POINT('',(-0.0285546823215149,0.0640427536341447,-0.002));
#1186=CARTESIAN_POINT('',(-0.0265479325665776,0.062684741863881,-0.002));
#1187=CARTESIAN_POINT('',(-0.02506724859337,0.0613451972804262,-0.002));
#1188=CARTESIAN_POINT('',(-0.0240389312074452,0.0602196965166911,-0.002));
#1189=CARTESIAN_POINT('',(-0.0232638666838797,0.0591873751579332,-0.002));
#1190=CARTESIAN_POINT('',(-0.0226993831068447,0.0583102754667117,-0.002));
#1191=CARTESIAN_POINT('',(-0.0223033120896651,0.0576245131481484,-0.002));
#1192=CARTESIAN_POINT('',(-0.021942208122559,0.0569239162240888,-0.002));
#1193=CARTESIAN_POINT('',(-0.0215090037630104,0.055982205892715,-0.002));
#1194=CARTESIAN_POINT('',(-0.0212361602774346,0.0552738857173024,-0.002));
#1195=CARTESIAN_POINT('',(-0.0210735550045005,0.0548030936959549,-0.002));
#1196=CARTESIAN_POINT('',(-0.0210735550045005,0.0548030936959549,-0.002));
#1197=CARTESIAN_POINT('',(-0.0204434327023718,0.0551864583700137,-0.002));
#1198=CARTESIAN_POINT('',(-0.0198133104002431,0.0555698230440724,-0.002));
#1199=CARTESIAN_POINT('',(-0.0198133104002431,0.0555698230440724,-0.002));
#1200=CARTESIAN_POINT('',(-0.0192465443729216,0.055346486357344,-0.002));
#1201=CARTESIAN_POINT('',(-0.0181126611006849,0.0548996416973104,-0.002));
#1202=CARTESIAN_POINT('',(-0.0164139434978916,0.0542304024267197,-0.002));
#1203=CARTESIAN_POINT('',(-0.0147053225222513,0.0535567528762377,-0.002));
#1204=CARTESIAN_POINT('',(-0.0130006047778468,0.0528779632295964,-0.002));
#1205=CARTESIAN_POINT('',(-0.0113270964381391,0.0521981463820804,-0.002));
#1206=CARTESIAN_POINT('',(-0.00970374153700541,0.0515180435600666,-0.002));
#1207=CARTESIAN_POINT('',(-0.00814729495631761,0.0508362127021305,-0.002));
#1208=CARTESIAN_POINT('',(-0.00666963311512226,0.0501476656962046,-0.002));
#1209=CARTESIAN_POINT('',(-0.00550407569133512,0.0495567084591648,-0.002));
#1210=CARTESIAN_POINT('',(-0.00459958453755089,0.0490545375177997,-0.002));
#1211=CARTESIAN_POINT('',(-0.00393247433876967,0.0486567500507312,-0.002));
#1212=CARTESIAN_POINT('',(-0.00336776548831129,0.0482883515058696,-0.002));
#1213=CARTESIAN_POINT('',(-0.00291448330974336,0.0479665977023342,-0.002));
#1214=CARTESIAN_POINT('',(-0.002563955463594,0.0477016493967084,-0.002));
#1215=CARTESIAN_POINT('',(-0.00220557561937384,0.0474106605462557,-0.002));
#1216=CARTESIAN_POINT('',(-0.00189451020970415,0.0471360758730138,-0.002));
#1217=CARTESIAN_POINT('',(-0.00164210129439309,0.0468965389139287,-0.002));
#1218=CARTESIAN_POINT('',(-0.00144355309645274,0.0466979809251177,-0.002));
#1219=CARTESIAN_POINT('',(-0.00124022846829994,0.0464821213598881,-0.002));
#1220=CARTESIAN_POINT('',(-0.00103602577566209,0.0462509978203253,-0.002));
#1221=CARTESIAN_POINT('',(-0.000827912927728944,0.0459987629874624,-0.002));
#1222=CARTESIAN_POINT('',(-0.000543367589857011,0.0456260767965547,-0.002));
#1223=CARTESIAN_POINT('',(-0.000257813068790468,0.0452002334215113,-0.002));
#1224=CARTESIAN_POINT('',(1.12741431423838E-5,0.0447275535760699,-0.002));
#1225=CARTESIAN_POINT('',(0.000202789807748568,0.0443483707913742,-0.002));
#1226=CARTESIAN_POINT('',(0.000381877379122373,0.0439421207940148,-0.002));
#1227=CARTESIAN_POINT('',(0.000544510745822656,0.0435073241424705,-0.002));
#1228=CARTESIAN_POINT('',(0.000678990753286505,0.0430734993343612,-0.002));
#1229=CARTESIAN_POINT('',(0.000789723966123547,0.0426316770387612,-0.002));
#1230=CARTESIAN_POINT('',(0.000862209171679787,0.0422530312120773,-0.002));
#1231=CARTESIAN_POINT('',(0.000907211693045869,0.0419448582373108,-0.002));
#1232=CARTESIAN_POINT('',(0.000959736999415852,0.0414943152289657,-0.002));
#1233=CARTESIAN_POINT('',(0.000989321129982274,0.040849368977902,-0.002));
#1234=CARTESIAN_POINT('',(0.000944819318727023,0.0400419620408382,-0.002));
#1235=CARTESIAN_POINT('',(0.000857106848856608,0.0394491721373961,-0.002));
#1236=CARTESIAN_POINT('',(0.000771748497194439,0.039029224148182,-0.002));
#1237=CARTESIAN_POINT('',(0.00070049844173966,0.0387311792237263,-0.002));
#1238=CARTESIAN_POINT('',(0.000624631907683206,0.0384534180517407,-0.002));
#1239=CARTESIAN_POINT('',(0.00054703847878968,0.0381982520480156,-0.002));
#1240=CARTESIAN_POINT('',(0.000469621898151816,0.0379643991633069,-0.002));
#1241=CARTESIAN_POINT('',(0.000364052250222488,0.0376678852272809,-0.002));
#1242=CARTESIAN_POINT('',(0.00023517210346363,0.0373386779425781,-0.002));
#1243=CARTESIAN_POINT('',(0.000110801281539169,0.0370465707530103,-0.002));
#1244=CARTESIAN_POINT('',(1.32228565311517E-5,0.0368279712464036,-0.002));
#1245=CARTESIAN_POINT('',(-8.10781826910077E-5,0.0366220978520327,-0.002));
#1246=CARTESIAN_POINT('',(-0.000249880847613939,0.0362655775037187,-0.002));
#1247=CARTESIAN_POINT('',(-0.000501103326831786,0.0357638317075491,-0.002));
#1248=CARTESIAN_POINT('',(-0.000935075719377682,0.0349430285042404,-0.002));
#1249=CARTESIAN_POINT('',(-0.00153833460501177,0.0338691718610784,-0.002));
#1250=CARTESIAN_POINT('',(-0.00237076599395287,0.0324628909781861,-0.002));
#1251=CARTESIAN_POINT('',(-0.00330971445842915,0.0309332071507208,-0.002));
#1252=CARTESIAN_POINT('',(-0.00435025725463724,0.0292816807306764,-0.002));
#1253=CARTESIAN_POINT('',(-0.00548498366370436,0.0275154513295256,-0.002));
#1254=CARTESIAN_POINT('',(-0.00670537334446735,0.0256439423367588,-0.002));
#1255=CARTESIAN_POINT('',(-0.00843429880360851,0.023022961885809,-0.002));
#1256=CARTESIAN_POINT('',(-0.0107619750733697,0.0195403672592321,-0.002));
#1257=CARTESIAN_POINT('',(-0.0137404017746636,0.0151311570671621,-0.002));
#1258=CARTESIAN_POINT('',(-0.0168205107011165,0.0105961206768037,-0.002));
#1259=CARTESIAN_POINT('',(-0.0188820618870459,0.00756347914226619,-0.002));
#1260=CARTESIAN_POINT('',(-0.0199117063825959,0.00604849583509807,-0.002));
#1261=CARTESIAN_POINT('',(-0.0380282721171526,0.00719499479146637,-0.002));
#1262=CARTESIAN_POINT('',(-0.0561180088406122,0.00833979588557567,-0.002));
#1263=CARTESIAN_POINT('',(-0.0199117063825959,0.00604849583509807,-0.002));
#1264=CARTESIAN_POINT('',(-0.0561180088406122,0.00833979588557568,-0.002));
#1265=CARTESIAN_POINT('',(-0.0561180088406122,0.00833979588557568,-9.97465998686664E-18));
#1266=CARTESIAN_POINT('',(-0.0575951487146432,0.0112026901774929,-0.002));
#1267=CARTESIAN_POINT('',(-0.0575951487146432,0.0112026901774929,-9.97465998686664E-18));
#1268=CARTESIAN_POINT('',(-0.0598273328356436,0.0155239386193887,-0.002));
#1269=CARTESIAN_POINT('',(-0.0598273328356436,0.0155239386193887,-1.0842021724855E-17));
#1270=CARTESIAN_POINT('',(-0.0627040192957012,0.0211256392792052,-0.002));
#1271=CARTESIAN_POINT('',(-0.0627040192957012,0.0211256392792052,-9.97465998686664E-18));
#1272=CARTESIAN_POINT('',(-0.0647496319862735,0.0251450349942937,-0.002));
#1273=CARTESIAN_POINT('',(-0.0647496319862735,0.0251450349942937,-9.54097911787244E-18));
#1274=CARTESIAN_POINT('',(-0.0666352088058878,0.0289047159972782,-0.002));
#1275=CARTESIAN_POINT('',(-0.0666352088058878,0.0289047159972782,-1.04083408558608E-17));
#1276=CARTESIAN_POINT('',(-0.0680314865052495,0.0317549012740187,-0.002));
#1277=CARTESIAN_POINT('',(-0.0680314865052495,0.0317549012740187,-9.97465998686664E-18));
#1278=CARTESIAN_POINT('',(-0.0690211984204954,0.0338319293421404,-0.002));
#1279=CARTESIAN_POINT('',(-0.0690211984204954,0.0338319293421404,-9.97465998686664E-18));
#1280=CARTESIAN_POINT('',(-0.0696951655671828,0.0352823766731725,-0.002));
#1281=CARTESIAN_POINT('',(-0.0696951655671828,0.0352823766731725,-9.97465998686664E-18));
#1282=CARTESIAN_POINT('',(-0.0702967997269746,0.0366217473828709,-0.002));
#1283=CARTESIAN_POINT('',(-0.0702967997269746,0.0366217473828709,-9.54097911787244E-18));
#1284=CARTESIAN_POINT('',(-0.0708249020994938,0.0378554078093048,-0.002));
#1285=CARTESIAN_POINT('',(-0.0708249020994938,0.0378554078093048,-1.04083408558608E-17));
#1286=CARTESIAN_POINT('',(-0.0712022329430564,0.0388006854900764,-0.002));
#1287=CARTESIAN_POINT('',(-0.0712022329430564,0.0388006854900764,-9.54097911787244E-18));
#1288=CARTESIAN_POINT('',(-0.0714751133565002,0.0395467854962955,-0.002));
#1289=CARTESIAN_POINT('',(-0.0714751133565002,0.0395467854962955,-1.04083408558608E-17));
#1290=CARTESIAN_POINT('',(-0.0716587648694536,0.0400902780675814,-0.002));
#1291=CARTESIAN_POINT('',(-0.0716587648694536,0.0400902780675814,-9.97465998686664E-18));
#1292=CARTESIAN_POINT('',(-0.0718420896011615,0.0406942874831219,-0.002));
#1293=CARTESIAN_POINT('',(-0.0718420896011615,0.0406942874831219,-1.04083408558608E-17));
#1294=CARTESIAN_POINT('',(-0.0720471520611772,0.0415312031811189,-0.002));
#1295=CARTESIAN_POINT('',(-0.0720471520611772,0.0415312031811189,-9.54097911787244E-18));
#1296=CARTESIAN_POINT('',(-0.072180253911114,0.0425260445234631,-0.002));
#1297=CARTESIAN_POINT('',(-0.072180253911114,0.0425260445234631,-9.97465998686664E-18));
#1298=CARTESIAN_POINT('',(-0.0721874642729693,0.0434898780164976,-0.002));
#1299=CARTESIAN_POINT('',(-0.0721874642729693,0.0434898780164976,-1.04083408558608E-17));
#1300=CARTESIAN_POINT('',(-0.0721129528640493,0.0443115552972852,-0.002));
#1301=CARTESIAN_POINT('',(-0.0721129528640493,0.0443115552972852,-9.97465998686664E-18));
#1302=CARTESIAN_POINT('',(-0.071956494746015,0.0451183670677977,-0.002));
#1303=CARTESIAN_POINT('',(-0.071956494746015,0.0451183670677977,-9.97465998686664E-18));
#1304=CARTESIAN_POINT('',(-0.071606972481781,0.0462539250720333,-0.002));
#1305=CARTESIAN_POINT('',(-0.071606972481781,0.0462539250720333,-9.97465998686664E-18));
#1306=CARTESIAN_POINT('',(-0.0709918268842126,0.0474656624544876,-0.002));
#1307=CARTESIAN_POINT('',(-0.0709918268842126,0.0474656624544876,-9.97465998686664E-18));
#1308=CARTESIAN_POINT('',(-0.0701726423835019,0.048546912389346,-0.002));
#1309=CARTESIAN_POINT('',(-0.0701726423835019,0.048546912389346,-9.97465998686664E-18));
#1310=CARTESIAN_POINT('',(-0.069191751886098,0.0495398482081372,-0.002));
#1311=CARTESIAN_POINT('',(-0.069191751886098,0.0495398482081372,-1.04083408558608E-17));
#1312=CARTESIAN_POINT('',(-0.068247341006022,0.0502836886851166,-0.002));
#1313=CARTESIAN_POINT('',(-0.068247341006022,0.0502836886851166,-9.10729824887824E-18));
#1314=CARTESIAN_POINT('',(-0.067090052499599,0.0511038539579918,-0.002));
#1315=CARTESIAN_POINT('',(-0.067090052499599,0.0511038539579918,-1.04083408558608E-17));
#1316=CARTESIAN_POINT('',(-0.0658034419296878,0.0519311820348966,-0.002));
#1317=CARTESIAN_POINT('',(-0.0658034419296878,0.0519311820348966,-9.97465998686664E-18));
#1318=CARTESIAN_POINT('',(-0.0644015008450633,0.0527707877256109,-0.002));
#1319=CARTESIAN_POINT('',(-0.0644015008450633,0.0527707877256109,-9.54097911787244E-18));
#1320=CARTESIAN_POINT('',(-0.0629120911825903,0.0536021487117881,-0.002));
#1321=CARTESIAN_POINT('',(-0.0629120911825903,0.0536021487117881,-1.12757025938492E-17));
#1322=CARTESIAN_POINT('',(-0.0613668367813091,0.0544009317678565,-0.002));
#1323=CARTESIAN_POINT('',(-0.0613668367813091,0.0544009317678565,-9.54097911787244E-18));
#1324=CARTESIAN_POINT('',(-0.0597925384309815,0.0551402762737602,-0.002));
#1325=CARTESIAN_POINT('',(-0.0597925384309815,0.0551402762737602,-9.97465998686664E-18));
#1326=CARTESIAN_POINT('',(-0.0581840951948896,0.0557992242654839,-0.002));
#1327=CARTESIAN_POINT('',(-0.0581840951948896,0.0557992242654839,-1.04083408558608E-17));
#1328=CARTESIAN_POINT('',(-0.0564952365058754,0.0563490767712493,-0.002));
#1329=CARTESIAN_POINT('',(-0.0564952365058754,0.0563490767712493,-9.54097911787244E-18));
#1330=CARTESIAN_POINT('',(-0.0550960682320217,0.0566358226581869,-0.002));
#1331=CARTESIAN_POINT('',(-0.0550960682320217,0.0566358226581869,-9.97465998686664E-18));
#1332=CARTESIAN_POINT('',(-0.0542110816645896,0.0566848090638193,-0.002));
#1333=CARTESIAN_POINT('',(-0.0542110816645896,0.0566848090638193,-9.97465998686664E-18));
#1334=CARTESIAN_POINT('',(-0.0542110816645896,0.0566848090638193,-0.002));
#1335=CARTESIAN_POINT('',(-0.0542110816645896,0.0566848090638193,-0.002));
#1336=CARTESIAN_POINT('',(-0.0542110816645896,0.0566848090638193,0.));
#1337=CARTESIAN_POINT('',(-0.0536049198540226,0.0577753399353481,-0.002));
#1338=CARTESIAN_POINT('',(-0.0536049198540226,0.0577753399353481,0.));
#1339=CARTESIAN_POINT('',(-0.0524612841457748,0.0595384807072502,-0.002));
#1340=CARTESIAN_POINT('',(-0.0524612841457748,0.0595384807072502,0.));
#1341=CARTESIAN_POINT('',(-0.0501742620772656,0.0618440398869978,-0.002));
#1342=CARTESIAN_POINT('',(-0.0501742620772656,0.0618440398869978,-4.33680868994202E-19));
#1343=CARTESIAN_POINT('',(-0.0474070029708976,0.0638585187514873,-0.002));
#1344=CARTESIAN_POINT('',(-0.0474070029708976,0.0638585187514873,-4.33680868994202E-19));
#1345=CARTESIAN_POINT('',(-0.0436693501391697,0.0654933498714182,-0.002));
#1346=CARTESIAN_POINT('',(-0.0436693501391697,0.0654933498714182,0.));
#1347=CARTESIAN_POINT('',(-0.038805481256323,0.0663832209376626,-0.002));
#1348=CARTESIAN_POINT('',(-0.038805481256323,0.0663832209376626,-4.33680868994202E-19));
#1349=CARTESIAN_POINT('',(-0.033692394512988,0.0660881814618606,-0.002));
#1350=CARTESIAN_POINT('',(-0.033692394512988,0.0660881814618606,0.));
#1351=CARTESIAN_POINT('',(-0.0284927444524171,0.0642896982421238,-0.002));
#1352=CARTESIAN_POINT('',(-0.0284927444524171,0.0642896982421238,-8.67361737988404E-19));
#1353=CARTESIAN_POINT('',(-0.0245826544004202,0.0611544458884267,-0.002));
#1354=CARTESIAN_POINT('',(-0.0245826544004202,0.0611544458884267,4.33680868994202E-19));
#1355=CARTESIAN_POINT('',(-0.0222185867899189,0.0576665048690931,-0.002));
#1356=CARTESIAN_POINT('',(-0.0222185867899189,0.0576665048690931,0.));
#1357=CARTESIAN_POINT('',(-0.0213987655503686,0.0557446777386498,-0.002));
#1358=CARTESIAN_POINT('',(-0.0213987655503686,0.0557446777386498,0.));
#1359=CARTESIAN_POINT('',(-0.0210735550045005,0.0548030936959549,-0.002));
#1360=CARTESIAN_POINT('',(-0.0210735550045005,0.0548030936959549,0.));
#1361=CARTESIAN_POINT('',(-0.0210735550045005,0.0548030936959549,-0.002));
#1362=CARTESIAN_POINT('',(-0.0210735550045006,0.0548030936959549,-0.002));
#1363=CARTESIAN_POINT('',(-0.0198133104002431,0.0555698230440724,-0.002));
#1364=CARTESIAN_POINT('',(-0.0198133104002431,0.0555698230440724,-0.002));
#1365=CARTESIAN_POINT('',(-0.0198133104002431,0.0555698230440724,0.));
#1366=CARTESIAN_POINT('',(-0.0186797783456001,0.0551231496706156,-0.002));
#1367=CARTESIAN_POINT('',(-0.0186797783456001,0.0551231496706156,0.));
#1368=CARTESIAN_POINT('',(-0.0164193032112169,0.0542326747583571,-0.002));
#1369=CARTESIAN_POINT('',(-0.0164193032112169,0.0542326747583571,-4.33680868994202E-19));
#1370=CARTESIAN_POINT('',(-0.0129865288568436,0.0528789181202536,-0.002));
#1371=CARTESIAN_POINT('',(-0.0129865288568436,0.0528789181202536,8.67361737988404E-19));
#1372=CARTESIAN_POINT('',(-0.0102222710037959,0.0517451571344858,-0.002));
#1373=CARTESIAN_POINT('',(-0.0102222710037959,0.0517451571344858,0.));
#1374=CARTESIAN_POINT('',(-0.00814728519303791,0.0508362001961135,-0.002));
#1375=CARTESIAN_POINT('',(-0.00814728519303791,0.0508362001961135,-4.33680868994202E-19));
#1376=CARTESIAN_POINT('',(-0.00666988915414015,0.0501478413804465,-0.002));
#1377=CARTESIAN_POINT('',(-0.00666988915414015,0.0501478413804465,8.67361737988404E-19));
#1378=CARTESIAN_POINT('',(-0.00526994981378587,0.0494378267808064,-0.002));
#1379=CARTESIAN_POINT('',(-0.00526994981378587,0.0494378267808064,0.));
#1380=CARTESIAN_POINT('',(-0.00393200640067353,0.0486731432634027,-0.002));
#1381=CARTESIAN_POINT('',(-0.00393200640067353,0.0486731432634027,0.));
#1382=CARTESIAN_POINT('',(-0.00281060956208665,0.0479170319465711,-0.002));
#1383=CARTESIAN_POINT('',(-0.00281060956208665,0.0479170319465711,4.33680868994202E-19));
#1384=CARTESIAN_POINT('',(-0.00184244189985594,0.0471066417612031,-0.002));
#1385=CARTESIAN_POINT('',(-0.00184244189985594,0.0471066417612031,0.));
#1386=CARTESIAN_POINT('',(-0.00104833434551792,0.0463062137441678,-0.002));
#1387=CARTESIAN_POINT('',(-0.00104833434551792,0.0463062137441678,0.));
#1388=CARTESIAN_POINT('',(-0.000176465216749708,0.0451533788907776,-0.002));
#1389=CARTESIAN_POINT('',(-0.000176465216749708,0.0451533788907776,4.33680868994202E-19));
#1390=CARTESIAN_POINT('',(0.000602713963106297,0.0435492332184287,-0.002));
#1391=CARTESIAN_POINT('',(0.000602713963106297,0.0435492332184287,0.));
#1392=CARTESIAN_POINT('',(0.00100452048002399,0.0416946049337656,-0.002));
#1393=CARTESIAN_POINT('',(0.00100452048002399,0.0416946049337656,8.67361737988404E-19));
#1394=CARTESIAN_POINT('',(0.000973489683651081,0.0399939832135323,-0.002));
#1395=CARTESIAN_POINT('',(0.000973489683651081,0.0399939832135323,0.));
#1396=CARTESIAN_POINT('',(0.000709683545144598,0.0386772935100679,-0.002));
#1397=CARTESIAN_POINT('',(0.000709683545144598,0.0386772935100679,0.));
#1398=CARTESIAN_POINT('',(0.000278305895094242,0.0373798379513425,-0.002));
#1399=CARTESIAN_POINT('',(0.000278305895094242,0.0373798379513425,4.33680868994202E-19));
#1400=CARTESIAN_POINT('',(-0.000193418935346029,0.0363666316922184,-0.002));
#1401=CARTESIAN_POINT('',(-0.000193418935346029,0.0363666316922184,0.));
#1402=CARTESIAN_POINT('',(-0.000812914534487904,0.0351586643850923,-0.002));
#1403=CARTESIAN_POINT('',(-0.000812914534487904,0.0351586643850923,0.));
#1404=CARTESIAN_POINT('',(-0.00153873601213027,0.0338689455422071,-0.002));
#1405=CARTESIAN_POINT('',(-0.00153873601213027,0.0338689455422071,-4.33680868994202E-19));
#1406=CARTESIAN_POINT('',(-0.00237066977324187,0.0324629317014517,-0.002));
#1407=CARTESIAN_POINT('',(-0.00237066977324187,0.0324629317014517,4.33680868994202E-19));
#1408=CARTESIAN_POINT('',(-0.00362270732112559,0.0304233835348894,-0.002));
#1409=CARTESIAN_POINT('',(-0.00362270732112559,0.0304233835348894,0.));
#1410=CARTESIAN_POINT('',(-0.00544198794942692,0.0275683904581022,-0.002));
#1411=CARTESIAN_POINT('',(-0.00544198794942692,0.0275683904581022,8.67361737988404E-19));
#1412=CARTESIAN_POINT('',(-0.00796876226074905,0.0237194844028819,-0.002));
#1413=CARTESIAN_POINT('',(-0.00796876226074905,0.0237194844028819,0.));
#1414=CARTESIAN_POINT('',(-0.01076197541885,0.019540366296493,-0.002));
#1415=CARTESIAN_POINT('',(-0.01076197541885,0.019540366296493,4.33680868994202E-19));
#1416=CARTESIAN_POINT('',(-0.0137404016816496,0.0151311573263612,-0.002));
#1417=CARTESIAN_POINT('',(-0.0137404016816496,0.0151311573263612,0.));
#1418=CARTESIAN_POINT('',(-0.0168205107276919,0.0105961206027468,-0.002));
#1419=CARTESIAN_POINT('',(-0.0168205107276919,0.0105961206027468,0.));
#1420=CARTESIAN_POINT('',(-0.0188820618870459,0.0075634791422662,-0.002));
#1421=CARTESIAN_POINT('',(-0.0188820618870459,0.0075634791422662,0.));
#1422=CARTESIAN_POINT('',(-0.0199117063825959,0.00604849583509807,-0.002));
#1423=CARTESIAN_POINT('',(-0.0199117063825959,0.00604849583509807,0.));
#1424=MECHANICAL_DESIGN_GEOMETRIC_PRESENTATION_REPRESENTATION('',(#305),
#1425);
#1425=(
GEOMETRIC_REPRESENTATION_CONTEXT(3)
GLOBAL_UNCERTAINTY_ASSIGNED_CONTEXT((#1426))
GLOBAL_UNIT_ASSIGNED_CONTEXT((#1429,#1428,#1427))
REPRESENTATION_CONTEXT('Part 1','TOP_LEVEL_ASSEMBLY_PART')
);
#1426=UNCERTAINTY_MEASURE_WITH_UNIT(LENGTH_MEASURE(2.E-5),#1429,
'DISTANCE_ACCURACY_VALUE','Maximum Tolerance applied to model');
#1427=(
NAMED_UNIT(*)
SI_UNIT($,.STERADIAN.)
SOLID_ANGLE_UNIT()
);
#1428=(
NAMED_UNIT(*)
PLANE_ANGLE_UNIT()
SI_UNIT($,.RADIAN.)
);
#1429=(
LENGTH_UNIT()
NAMED_UNIT(*)
SI_UNIT($,.METRE.)
);
#1430=PRODUCT_DEFINITION_SHAPE('','',#1431);
#1431=PRODUCT_DEFINITION('','',#1433,#1432);
#1432=PRODUCT_DEFINITION_CONTEXT('',#1439,'design');
#1433=PRODUCT_DEFINITION_FORMATION_WITH_SPECIFIED_SOURCE('','',#1435,
 .NOT_KNOWN.);
#1434=PRODUCT_RELATED_PRODUCT_CATEGORY('','',(#1435));
#1435=PRODUCT('Part 1','Part 1','Part 1',(#1437));
#1436=PRODUCT_CATEGORY('','');
#1437=PRODUCT_CONTEXT('',#1439,'mechanical');
#1438=APPLICATION_PROTOCOL_DEFINITION('international standard',
'ap242_managed_model_based_3d_engineering',2020,#1439);
#1439=APPLICATION_CONTEXT('managed model based 3d engineering');
ENDSEC;
END-ISO-10303-21;
