ISO-10303-21;
HEADER;
/* Generated by software containing ST-Developer
 * from STEP Tools, Inc. (www.steptools.com) 
 */
/* OPTION: using custom renumber hook */

FILE_DESCRIPTION(
/* description */ ('STEP AP242 Edition 2',
'CAx-IF Rec.Pracs.---Representation and Presentation of Product Manufa
cturing Information (PMI)---4.0---2014-10-13',
'CAx-IF Rec.Pracs.---3D Tessellated Geometry---0.4---2014-09-14','2;1',
'CAx-IF Rec.Pracs.---User Defined Attributes---1.5---2016-08-15'),
/* implementation_level */ '2;1');

FILE_NAME(
/* name */ 'Part Studio 1',
/* time_stamp */ '2026-08-30T20:51:13Z',
/* author */ (''),
/* organization */ (''),
/* preprocessor_version */ 'ST-DEVELOPER v20',
/* originating_system */ 'ONSHAPE BY PTC INC, 1.220',
/* authorisation */ '  ');

FILE_SCHEMA (('AP242_MANAGED_MODEL_BASED_3D_ENGINEERING_MIM_LF { 1 0 10303 442 3 1 4 }'));
ENDSEC;

DATA;
#10=SHAPE_REPRESENTATION_RELATIONSHIP('','',#826,#12);
#11=SHAPE_REPRESENTATION_RELATIONSHIP('','',#827,#13);
#12=ADVANCED_BREP_SHAPE_REPRESENTATION('',(#822),#6072);
#13=ADVANCED_BREP_SHAPE_REPRESENTATION('',(#823),#6073);
#14=LINE('',#1664,#54);
#15=LINE('',#1678,#55);
#16=LINE('',#1744,#56);
#17=LINE('',#1859,#57);
#18=LINE('',#1907,#58);
#19=LINE('',#1954,#59);
#20=LINE('',#2041,#60);
#21=LINE('',#2084,#61);
#22=LINE('',#2228,#62);
#23=LINE('',#2282,#63);
#24=LINE('',#2428,#64);
#25=LINE('',#2561,#65);
#26=LINE('',#2759,#66);
#27=LINE('',#2807,#67);
#28=LINE('',#2834,#68);
#29=LINE('',#2902,#69);
#30=LINE('',#2966,#70);
#31=LINE('',#3061,#71);
#32=LINE('',#3154,#72);
#33=LINE('',#3263,#73);
#34=LINE('',#3400,#74);
#35=LINE('',#3599,#75);
#36=LINE('',#3630,#76);
#37=LINE('',#3763,#77);
#38=LINE('',#3969,#78);
#39=LINE('',#4088,#79);
#40=LINE('',#4257,#80);
#41=LINE('',#4371,#81);
#42=LINE('',#4476,#82);
#43=LINE('',#4561,#83);
#44=LINE('',#4634,#84);
#45=LINE('',#4661,#85);
#46=LINE('',#4782,#86);
#47=LINE('',#4887,#87);
#48=LINE('',#4985,#88);
#49=LINE('',#5065,#89);
#50=LINE('',#5163,#90);
#51=LINE('',#5293,#91);
#52=LINE('',#5403,#92);
#53=LINE('',#5625,#93);
#54=VECTOR('',#839,1.);
#55=VECTOR('',#840,1.);
#56=VECTOR('',#841,1.);
#57=VECTOR('',#842,1.);
#58=VECTOR('',#843,1.);
#59=VECTOR('',#844,1.);
#60=VECTOR('',#845,1.);
#61=VECTOR('',#846,1.);
#62=VECTOR('',#847,1.);
#63=VECTOR('',#848,1.);
#64=VECTOR('',#849,1.);
#65=VECTOR('',#850,1.);
#66=VECTOR('',#853,1.);
#67=VECTOR('',#854,1.);
#68=VECTOR('',#855,1.);
#69=VECTOR('',#856,1.);
#70=VECTOR('',#857,1.);
#71=VECTOR('',#858,1.);
#72=VECTOR('',#859,1.);
#73=VECTOR('',#860,1.);
#74=VECTOR('',#861,1.);
#75=VECTOR('',#866,1.);
#76=VECTOR('',#867,1.);
#77=VECTOR('',#868,1.);
#78=VECTOR('',#869,1.);
#79=VECTOR('',#870,1.);
#80=VECTOR('',#871,1.);
#81=VECTOR('',#872,1.);
#82=VECTOR('',#873,1.);
#83=VECTOR('',#874,1.);
#84=VECTOR('',#875,1.);
#85=VECTOR('',#876,1.);
#86=VECTOR('',#877,1.);
#87=VECTOR('',#878,1.);
#88=VECTOR('',#879,1.);
#89=VECTOR('',#880,1.);
#90=VECTOR('',#881,1.);
#91=VECTOR('',#882,1.);
#92=VECTOR('',#883,1.);
#93=VECTOR('',#884,1.);
#94=B_SPLINE_SURFACE_WITH_KNOTS('',3,1,((#1644,#1645),(#1646,#1647),(#1648,
#1649),(#1650,#1651),(#1652,#1653),(#1654,#1655),(#1656,#1657),(#1658,#1659),
(#1660,#1661),(#1662,#1663)),.SURF_OF_LINEAR_EXTRUSION.,.F.,.F.,.F.,(4,
1,1,1,1,1,1,4),(2,2),(0.,0.0950261642844115,0.162962675316671,0.351488826198367,
0.443878602443968,0.669039319172563,0.871009629020716,1.),(0.,1.),
 .UNSPECIFIED.);
#95=B_SPLINE_SURFACE_WITH_KNOTS('',3,1,((#1690,#1691),(#1692,#1693),(#1694,
#1695),(#1696,#1697),(#1698,#1699),(#1700,#1701),(#1702,#1703),(#1704,#1705),
(#1706,#1707),(#1708,#1709),(#1710,#1711),(#1712,#1713),(#1714,#1715),(#1716,
#1717),(#1718,#1719),(#1720,#1721),(#1722,#1723),(#1724,#1725),(#1726,#1727),
(#1728,#1729),(#1730,#1731),(#1732,#1733),(#1734,#1735),(#1736,#1737),(#1738,
#1739),(#1740,#1741),(#1742,#1743)),.SURF_OF_LINEAR_EXTRUSION.,.F.,.F.,
 .F.,(4,1,1,1,1,1,1,1,1,1,1,1,1,1,1,1,1,1,1,1,1,1,1,1,4),(2,2),(0.,0.051920411545335,
0.156305810996759,0.170745708747686,0.220372260319164,0.275404869247826,
0.326956873487756,0.373406914507282,0.383706369368777,0.423889462275099,
0.461444724361653,0.512580499750415,0.569972250842022,0.618655888694354,
0.633375406017779,0.660574048878396,0.683877288955917,0.709730614865097,
0.782209808844613,0.818920194738768,0.842326631561483,0.864059019214493,
0.911548736297282,0.95064075821053,1.),(0.,1.),.UNSPECIFIED.);
#96=B_SPLINE_SURFACE_WITH_KNOTS('',3,1,((#1801,#1802),(#1803,#1804),(#1805,
#1806),(#1807,#1808),(#1809,#1810),(#1811,#1812),(#1813,#1814),(#1815,#1816),
(#1817,#1818),(#1819,#1820),(#1821,#1822),(#1823,#1824),(#1825,#1826),(#1827,
#1828),(#1829,#1830),(#1831,#1832),(#1833,#1834),(#1835,#1836),(#1837,#1838),
(#1839,#1840),(#1841,#1842),(#1843,#1844),(#1845,#1846),(#1847,#1848),(#1849,
#1850),(#1851,#1852),(#1853,#1854),(#1855,#1856),(#1857,#1858)),
 .SURF_OF_LINEAR_EXTRUSION.,.F.,.F.,.F.,(4,1,1,1,1,1,1,1,1,1,1,1,1,1,1,
1,1,1,1,1,1,1,1,1,1,1,4),(2,2),(0.858993625334341,0.863135346792849,0.867277068251357,
0.871418789709865,0.875560511168373,0.88384395408539,0.892127397002406,
0.896269118460914,0.900410839919422,0.90455256137793,0.906623422107184,
0.908694282836438,0.910765143565692,0.912836004294946,0.9149068650242,0.916977725753454,
0.919048586482708,0.921119447211962,0.925261168670471,0.929402890128979,
0.933544611587487,0.941828054504503,0.950111497421519,0.958394940338535,
0.966678383255551,0.974961826172568,0.9915287120066),(0.,1.),
 .UNSPECIFIED.);
#97=B_SPLINE_SURFACE_WITH_KNOTS('',3,1,((#1908,#1909),(#1910,#1911),(#1912,
#1913),(#1914,#1915),(#1916,#1917),(#1918,#1919),(#1920,#1921),(#1922,#1923),
(#1924,#1925),(#1926,#1927),(#1928,#1929),(#1930,#1931),(#1932,#1933)),
 .SURF_OF_LINEAR_EXTRUSION.,.F.,.F.,.F.,(4,1,1,1,1,1,1,1,1,1,4),(2,2),(0.163502905688124,
0.166681608237014,0.169860310785904,0.176217715883685,0.182575120981465,
0.188932526079246,0.201647336274806,0.214362146470367,0.227076956665928,
0.239791766861489,0.26522138725261),(0.,1.),.UNSPECIFIED.);
#98=B_SPLINE_SURFACE_WITH_KNOTS('',3,1,((#1955,#1956),(#1957,#1958),(#1959,
#1960),(#1961,#1962),(#1963,#1964),(#1965,#1966),(#1967,#1968),(#1969,#1970),
(#1971,#1972),(#1973,#1974),(#1975,#1976),(#1977,#1978),(#1979,#1980),(#1981,
#1982),(#1983,#1984),(#1985,#1986),(#1987,#1988),(#1989,#1990),(#1991,#1992),
(#1993,#1994),(#1995,#1996),(#1997,#1998),(#1999,#2000),(#2001,#2002)),
 .SURF_OF_LINEAR_EXTRUSION.,.F.,.F.,.F.,(4,1,1,1,1,1,1,1,1,1,1,1,1,1,1,
1,1,1,1,1,1,4),(2,2),(0.452237492361367,0.460141052160018,0.46804461195867,
0.475948171757321,0.483851731555973,0.499658851153276,0.515465970750578,
0.531273090347881,0.547080209945184,0.57869444913979,0.610308688334395,
0.641922927529001,0.673537166723607,0.705151405918212,0.736765645112818,
0.768379884307424,0.79999412350203,0.831608362696635,0.863222601891241,
0.894836841085847,0.926451080280452,0.958065319475058),(0.,1.),
 .UNSPECIFIED.);
#99=B_SPLINE_SURFACE_WITH_KNOTS('',3,1,((#2042,#2043),(#2044,#2045),(#2046,
#2047),(#2048,#2049),(#2050,#2051),(#2052,#2053),(#2054,#2055),(#2056,#2057),
(#2058,#2059),(#2060,#2061),(#2062,#2063),(#2064,#2065)),
 .SURF_OF_LINEAR_EXTRUSION.,.F.,.F.,.F.,(4,1,1,1,1,1,1,1,1,4),(2,2),(0.0133307030683097,
0.0702505468648306,0.0987104687630911,0.127170390661352,0.155630312559612,
0.169860273508742,0.184090234457873,0.198320195407003,0.212550156356133,
0.241010078254393),(0.,1.),.UNSPECIFIED.);
#100=B_SPLINE_SURFACE_WITH_KNOTS('',3,1,((#2085,#2086),(#2087,#2088),(#2089,
#2090),(#2091,#2092),(#2093,#2094),(#2095,#2096),(#2097,#2098),(#2099,#2100),
(#2101,#2102),(#2103,#2104),(#2105,#2106),(#2107,#2108),(#2109,#2110),(#2111,
#2112),(#2113,#2114),(#2115,#2116),(#2117,#2118),(#2119,#2120),(#2121,#2122),
(#2123,#2124),(#2125,#2126),(#2127,#2128),(#2129,#2130),(#2131,#2132),(#2133,
#2134),(#2135,#2136),(#2137,#2138),(#2139,#2140),(#2141,#2142),(#2143,#2144),
(#2145,#2146),(#2147,#2148),(#2149,#2150),(#2151,#2152),(#2153,#2154),(#2155,
#2156)),.SURF_OF_LINEAR_EXTRUSION.,.F.,.F.,.F.,(4,1,1,1,1,1,1,1,1,1,1,1,
1,1,1,1,1,1,1,1,1,1,1,1,1,1,1,1,1,1,1,1,1,4),(2,2),(0.305290204051402,0.316627649165898,
0.322296371723146,0.327965094280394,0.33930253939489,0.350639984509387,
0.361977429623883,0.373314874738379,0.384652319852875,0.395989764967372,
0.407327210081868,0.418664655196364,0.43000210031086,0.441339545425357,
0.464014435654349,0.486689325883342,0.509364216112334,0.532039106341327,
0.554713996570319,0.577388886799312,0.622738667257297,0.645413557486289,
0.668088447715282,0.690763337944274,0.713438228173267,0.758788008631252,
0.804137789089237,0.849487569547222,0.940187130463192,0.962862020692185,
0.985536910921177,0.996874356035673,1.00821180115017,1.03088669137916),
(0.,1.),.UNSPECIFIED.);
#101=B_SPLINE_SURFACE_WITH_KNOTS('',3,1,((#2229,#2230),(#2231,#2232),(#2233,
#2234),(#2235,#2236),(#2237,#2238),(#2239,#2240),(#2241,#2242),(#2243,#2244),
(#2245,#2246),(#2247,#2248),(#2249,#2250),(#2251,#2252),(#2253,#2254),(#2255,
#2256)),.SURF_OF_LINEAR_EXTRUSION.,.F.,.F.,.F.,(4,1,1,1,1,1,1,1,1,1,1,4),
(2,2),(-0.00788423703551837,0.0017763447848726,0.0114369266052636,0.0307580902460455,
0.0404186720664365,0.0500792538868275,0.0597398357072184,0.0694004175276094,
0.0887215811683914,0.108042744809173,0.127363908449955,0.146685072090737),
(0.,1.),.UNSPECIFIED.);
#102=B_SPLINE_SURFACE_WITH_KNOTS('',3,1,((#2283,#2284),(#2285,#2286),(#2287,
#2288),(#2289,#2290),(#2291,#2292),(#2293,#2294),(#2295,#2296),(#2297,#2298),
(#2299,#2300),(#2301,#2302),(#2303,#2304),(#2305,#2306),(#2307,#2308),(#2309,
#2310),(#2311,#2312),(#2313,#2314),(#2315,#2316),(#2317,#2318),(#2319,#2320),
(#2321,#2322),(#2323,#2324),(#2325,#2326),(#2327,#2328),(#2329,#2330),(#2331,
#2332),(#2333,#2334),(#2335,#2336),(#2337,#2338),(#2339,#2340),(#2341,#2342),
(#2343,#2344),(#2345,#2346),(#2347,#2348),(#2349,#2350),(#2351,#2352),(#2353,
#2354),(#2355,#2356),(#2357,#2358),(#2359,#2360),(#2361,#2362)),
 .SURF_OF_LINEAR_EXTRUSION.,.F.,.F.,.F.,(4,1,1,1,1,1,1,1,1,1,1,1,1,1,1,
1,1,1,1,1,1,1,1,1,1,1,1,1,1,1,1,1,1,1,1,1,1,4),(2,2),(0.191965793584085,
0.215434918722017,0.227169481290982,0.238904043859948,0.250638606428913,
0.262373168997879,0.274107731566844,0.28584229413581,0.291709575420293,
0.297576856704775,0.303444137989258,0.306377778631499,0.309311419273741,
0.312245059915982,0.315178700558224,0.318112341200465,0.319579161521586,
0.321045981842706,0.322512802163827,0.323979622484948,0.325446442806068,
0.326913263127189,0.32838008344831,0.32984690376943,0.332780544411672,0.335714185053913,
0.338647825696155,0.341581466338396,0.344515106980637,0.35038238826512,
0.356249669549603,0.362116950834086,0.365050591476327,0.367984232118568,
0.37091787276081,0.373851513403051,0.376785154045293,0.379718794687534),
(0.,1.),.UNSPECIFIED.);
#103=B_SPLINE_SURFACE_WITH_KNOTS('',3,1,((#2429,#2430),(#2431,#2432),(#2433,
#2434),(#2435,#2436),(#2437,#2438),(#2439,#2440),(#2441,#2442),(#2443,#2444),
(#2445,#2446),(#2447,#2448),(#2449,#2450),(#2451,#2452),(#2453,#2454),(#2455,
#2456),(#2457,#2458),(#2459,#2460),(#2461,#2462),(#2463,#2464),(#2465,#2466),
(#2467,#2468),(#2469,#2470),(#2471,#2472),(#2473,#2474),(#2475,#2476),(#2477,
#2478),(#2479,#2480),(#2481,#2482),(#2483,#2484),(#2485,#2486),(#2487,#2488),
(#2489,#2490),(#2491,#2492),(#2493,#2494),(#2495,#2496),(#2497,#2498),(#2499,
#2500)),.SURF_OF_LINEAR_EXTRUSION.,.F.,.F.,.F.,(4,1,1,1,1,1,1,1,1,1,1,1,
1,1,1,1,1,1,1,1,1,1,1,1,1,1,1,1,1,1,1,1,1,4),(2,2),(0.387213798343764,0.394943757896376,
0.402673717448988,0.4104036770016,0.418133636554211,0.425863596106823,0.433593555659435,
0.441323515212047,0.449053474764659,0.456783434317271,0.464513393869882,
0.479973312975106,0.49543323208033,0.503163191632942,0.510893151185553,
0.518623110738165,0.526353070290777,0.541812989396001,0.557272908501225,
0.572732827606448,0.58046278715906,0.588192746711672,0.595922706264284,
0.603652665816896,0.607517645593202,0.611382625369507,0.615247605145813,
0.619112584922119,0.621045074810272,0.622977564698425,0.624910054586578,
0.626842544474731,0.630707524251037,0.634572504027343),(0.,1.),
 .UNSPECIFIED.);
#104=B_SPLINE_SURFACE_WITH_KNOTS('',3,1,((#2562,#2563),(#2564,#2565),(#2566,
#2567),(#2568,#2569),(#2570,#2571),(#2572,#2573),(#2574,#2575),(#2576,#2577),
(#2578,#2579),(#2580,#2581),(#2582,#2583),(#2584,#2585),(#2586,#2587),(#2588,
#2589),(#2590,#2591),(#2592,#2593),(#2594,#2595)),
 .SURF_OF_LINEAR_EXTRUSION.,.F.,.F.,.F.,(4,1,1,1,1,1,1,1,1,1,1,1,1,1,4),
(2,2),(0.707716180815979,0.711328899055962,0.714941617295946,0.718554335535929,
0.722167053775912,0.729392490255879,0.736617926735845,0.751068799695778,
0.765519672655712,0.779970545615645,0.794421418575578,0.801646855055544,
0.808872291535511,0.816097728015478,0.823323164495444),(0.,1.),
 .UNSPECIFIED.);
#105=B_SPLINE_SURFACE_WITH_KNOTS('',3,1,((#2624,#2625),(#2626,#2627),(#2628,
#2629),(#2630,#2631),(#2632,#2633),(#2634,#2635),(#2636,#2637),(#2638,#2639),
(#2640,#2641),(#2642,#2643),(#2644,#2645),(#2646,#2647),(#2648,#2649),(#2650,
#2651),(#2652,#2653),(#2654,#2655),(#2656,#2657),(#2658,#2659),(#2660,#2661),
(#2662,#2663),(#2664,#2665),(#2666,#2667),(#2668,#2669),(#2670,#2671),(#2672,
#2673),(#2674,#2675),(#2676,#2677)),.SURF_OF_LINEAR_EXTRUSION.,.F.,.F.,
 .F.,(4,1,1,1,1,1,1,1,1,1,1,1,1,1,1,1,1,1,1,1,1,1,1,1,4),(2,2),(0.,0.0625,
0.125,0.1875,0.21875,0.25,0.28125,0.3125,0.328125,0.34375,0.375,0.40625,
0.4375,0.46875,0.5,0.53125,0.5625,0.625,0.65625,0.6875,0.75,0.8125,0.875,
0.9375,1.),(0.,1.),.UNSPECIFIED.);
#106=B_SPLINE_SURFACE_WITH_KNOTS('',3,1,((#2701,#2702),(#2703,#2704),(#2705,
#2706),(#2707,#2708),(#2709,#2710),(#2711,#2712),(#2713,#2714),(#2715,#2716),
(#2717,#2718),(#2719,#2720),(#2721,#2722),(#2723,#2724),(#2725,#2726),(#2727,
#2728),(#2729,#2730),(#2731,#2732),(#2733,#2734),(#2735,#2736),(#2737,#2738),
(#2739,#2740),(#2741,#2742),(#2743,#2744),(#2745,#2746),(#2747,#2748),(#2749,
#2750),(#2751,#2752),(#2753,#2754),(#2755,#2756),(#2757,#2758)),
 .SURF_OF_LINEAR_EXTRUSION.,.F.,.F.,.F.,(4,1,1,1,1,1,1,1,1,1,1,1,1,1,1,
1,1,1,1,1,1,1,1,1,1,1,4),(2,2),(0.858285375282913,0.862477863993373,0.866670352703833,
0.870862841414293,0.875055330124753,0.883440307545673,0.891825284966593,
0.896017773677053,0.900210262387513,0.904402751097973,0.906498995453203,
0.908595239808433,0.910691484163663,0.912787728518893,0.914883972874123,
0.916980217229353,0.919076461584583,0.921172705939813,0.925365194650273,
0.929557683360733,0.933750172071192,0.942135149492112,0.950520126913032,
0.958905104333952,0.967290081754872,0.975675059175792,0.992445014017632),
(0.,1.),.UNSPECIFIED.);
#107=B_SPLINE_SURFACE_WITH_KNOTS('',3,1,((#2808,#2809),(#2810,#2811),(#2812,
#2813),(#2814,#2815),(#2816,#2817),(#2818,#2819),(#2820,#2821),(#2822,#2823),
(#2824,#2825),(#2826,#2827),(#2828,#2829),(#2830,#2831),(#2832,#2833)),
 .SURF_OF_LINEAR_EXTRUSION.,.F.,.F.,.F.,(4,1,1,1,1,1,1,1,1,1,4),(2,2),(0.162830965823437,
0.166124932285172,0.169418898746908,0.176006831670379,0.18259476459385,
0.189182697517321,0.202358563364263,0.215534429211205,0.228710295058147,
0.241886160905089,0.268237892598972),(0.,1.),.UNSPECIFIED.);
#108=B_SPLINE_SURFACE_WITH_KNOTS('',3,1,((#2856,#2857),(#2858,#2859),(#2860,
#2861),(#2862,#2863),(#2864,#2865),(#2866,#2867),(#2868,#2869),(#2870,#2871),
(#2872,#2873),(#2874,#2875),(#2876,#2877),(#2878,#2879),(#2880,#2881),(#2882,
#2883),(#2884,#2885),(#2886,#2887),(#2888,#2889),(#2890,#2891),(#2892,#2893),
(#2894,#2895),(#2896,#2897),(#2898,#2899),(#2900,#2901)),
 .SURF_OF_LINEAR_EXTRUSION.,.F.,.F.,.F.,(4,1,1,1,1,1,1,1,1,1,1,1,1,1,1,
1,1,1,1,1,4),(2,2),(0.451073418377715,0.459074652790986,0.467075887204257,
0.475077121617528,0.483078356030799,0.499080824857341,0.515083293683883,
0.531085762510425,0.547088231336968,0.579093168990052,0.611098106643136,
0.64310304429622,0.675107981949304,0.707112919602389,0.739117857255473,
0.771122794908557,0.803127732561641,0.835132670214725,0.867137607867809,
0.899142545520894,0.963152420827062),(0.,1.),.UNSPECIFIED.);
#109=B_SPLINE_SURFACE_WITH_KNOTS('',3,1,((#2942,#2943),(#2944,#2945),(#2946,
#2947),(#2948,#2949),(#2950,#2951),(#2952,#2953),(#2954,#2955),(#2956,#2957),
(#2958,#2959),(#2960,#2961),(#2962,#2963),(#2964,#2965)),
 .SURF_OF_LINEAR_EXTRUSION.,.F.,.F.,.F.,(4,1,1,1,1,1,1,1,1,4),(2,2),(0.011932846539753,
0.0699924694782766,0.0990222809475385,0.1280520924168,0.157081903886062,
0.171596809620693,0.186111715355324,0.200626621089955,0.215141526824586,
0.244171338293847),(0.,1.),.UNSPECIFIED.);
#110=B_SPLINE_SURFACE_WITH_KNOTS('',3,1,((#2987,#2988),(#2989,#2990),(#2991,
#2992),(#2993,#2994),(#2995,#2996),(#2997,#2998),(#2999,#3000),(#3001,#3002),
(#3003,#3004),(#3005,#3006),(#3007,#3008),(#3009,#3010),(#3011,#3012),(#3013,
#3014),(#3015,#3016),(#3017,#3018),(#3019,#3020),(#3021,#3022),(#3023,#3024),
(#3025,#3026),(#3027,#3028),(#3029,#3030),(#3031,#3032),(#3033,#3034),(#3035,
#3036),(#3037,#3038),(#3039,#3040),(#3041,#3042),(#3043,#3044),(#3045,#3046),
(#3047,#3048),(#3049,#3050),(#3051,#3052),(#3053,#3054),(#3055,#3056),(#3057,
#3058),(#3059,#3060)),.SURF_OF_LINEAR_EXTRUSION.,.F.,.F.,.F.,(4,1,1,1,1,
1,1,1,1,1,1,1,1,1,1,1,1,1,1,1,1,1,1,1,1,1,1,1,1,1,1,1,1,1,4),(2,2),(0.303438605082539,
0.314756720975644,0.320415778922196,0.326074836868749,0.331733894815301,
0.337392952761853,0.348711068654958,0.360029184548063,0.371347300441168,
0.382665416334273,0.393983532227377,0.405301648120482,0.416619764013587,
0.427937879906692,0.439255995799797,0.461892227586006,0.484528459372216,
0.507164691158425,0.529800922944635,0.552437154730844,0.575073386517054,
0.620345850089473,0.642982081875683,0.665618313661893,0.688254545448102,
0.710890777234312,0.756163240806731,0.80143570437915,0.846708167951569,
0.891980631523988,0.937253095096408,0.982525558668827,0.993843674561931,
1.00516179045504,1.02779802224125),(0.,1.),.UNSPECIFIED.);
#111=B_SPLINE_SURFACE_WITH_KNOTS('',3,1,((#3130,#3131),(#3132,#3133),(#3134,
#3135),(#3136,#3137),(#3138,#3139),(#3140,#3141),(#3142,#3143),(#3144,#3145),
(#3146,#3147),(#3148,#3149),(#3150,#3151),(#3152,#3153)),
 .SURF_OF_LINEAR_EXTRUSION.,.F.,.F.,.F.,(4,1,1,1,1,1,1,1,1,4),(2,2),(-0.00709581333196656,
0.0025883125589598,0.0122724384498862,0.0316406902317389,0.0510089420135916,
0.0703771937954443,0.089745445577297,0.10911369735915,0.128481949141002,
0.147850200922855),(0.,1.),.UNSPECIFIED.);
#112=B_SPLINE_SURFACE_WITH_KNOTS('',3,1,((#3179,#3180),(#3181,#3182),(#3183,
#3184),(#3185,#3186),(#3187,#3188),(#3189,#3190),(#3191,#3192),(#3193,#3194),
(#3195,#3196),(#3197,#3198),(#3199,#3200),(#3201,#3202),(#3203,#3204),(#3205,
#3206),(#3207,#3208),(#3209,#3210),(#3211,#3212),(#3213,#3214),(#3215,#3216),
(#3217,#3218),(#3219,#3220),(#3221,#3222),(#3223,#3224),(#3225,#3226),(#3227,
#3228),(#3229,#3230),(#3231,#3232),(#3233,#3234),(#3235,#3236),(#3237,#3238),
(#3239,#3240),(#3241,#3242),(#3243,#3244),(#3245,#3246),(#3247,#3248),(#3249,
#3250),(#3251,#3252),(#3253,#3254),(#3255,#3256),(#3257,#3258),(#3259,#3260),
(#3261,#3262)),.SURF_OF_LINEAR_EXTRUSION.,.F.,.F.,.F.,(4,1,1,1,1,1,1,1,
1,1,1,1,1,1,1,1,1,1,1,1,1,1,1,1,1,1,1,1,1,1,1,1,1,1,1,1,1,1,1,4),(2,2),
(0.190426845314963,0.20226725979527,0.214107674275576,0.225948088755883,
0.237788503236189,0.249628917716496,0.261469332196803,0.273309746677109,
0.279229953917263,0.285150161157416,0.291070368397569,0.296990575637723,
0.302910782877876,0.305870886497953,0.308830990118029,0.311791093738106,
0.314751197358183,0.317711300978259,0.319191352788298,0.320671404598336,
0.322151456408374,0.323631508218413,0.325111560028451,0.326591611838489,
0.328071663648527,0.329551715458566,0.332511819078642,0.335471922698719,
0.338432026318796,0.341392129938872,0.344352233558949,0.350272440799102,
0.356192648039256,0.362112855279409,0.365072958899486,0.368033062519562,
0.370993166139639,0.373953269759716,0.376913373379792,0.379873476999869),
(0.,1.),.UNSPECIFIED.);
#113=B_SPLINE_SURFACE_WITH_KNOTS('',3,1,((#3330,#3331),(#3332,#3333),(#3334,
#3335),(#3336,#3337),(#3338,#3339),(#3340,#3341),(#3342,#3343),(#3344,#3345),
(#3346,#3347),(#3348,#3349),(#3350,#3351),(#3352,#3353),(#3354,#3355),(#3356,
#3357),(#3358,#3359),(#3360,#3361),(#3362,#3363),(#3364,#3365),(#3366,#3367),
(#3368,#3369),(#3370,#3371),(#3372,#3373),(#3374,#3375),(#3376,#3377),(#3378,
#3379),(#3380,#3381),(#3382,#3383),(#3384,#3385),(#3386,#3387),(#3388,#3389),
(#3390,#3391),(#3392,#3393),(#3394,#3395),(#3396,#3397),(#3398,#3399)),
 .SURF_OF_LINEAR_EXTRUSION.,.F.,.F.,.F.,(4,1,1,1,1,1,1,1,1,1,1,1,1,1,1,
1,1,1,1,1,1,1,1,1,1,1,1,1,1,1,1,1,4),(2,2),(0.386801695442055,0.394766018317003,
0.40273034119195,0.410694664066898,0.418658986941845,0.426623309816793,
0.43458763269174,0.442551955566688,0.450516278441635,0.46644492419153,0.482373569941425,
0.49830221569132,0.506266538566268,0.514230861441215,0.522195184316163,
0.53015950719111,0.546088152941006,0.562016798690901,0.577945444440796,
0.585909767315743,0.593874090190691,0.601838413065638,0.605820574503112,
0.609802735940586,0.61378489737806,0.617767058815533,0.621749220253007,
0.623740300971744,0.625731381690481,0.629713543127955,0.633695704565428,
0.637677866002902,0.641660027440376),(0.,1.),.UNSPECIFIED.);
#114=B_SPLINE_SURFACE_WITH_KNOTS('',3,1,((#3467,#3468),(#3469,#3470),(#3471,
#3472),(#3473,#3474),(#3475,#3476),(#3477,#3478),(#3479,#3480),(#3481,#3482),
(#3483,#3484),(#3485,#3486),(#3487,#3488),(#3489,#3490),(#3491,#3492),(#3493,
#3494),(#3495,#3496),(#3497,#3498),(#3499,#3500),(#3501,#3502)),
 .SURF_OF_LINEAR_EXTRUSION.,.F.,.F.,.F.,(4,1,1,1,1,1,1,1,1,1,1,1,1,1,1,
4),(2,2),(0.705928859329534,0.709633027955638,0.713337196581742,0.717041365207846,
0.72074553383395,0.728153871086158,0.735562208338365,0.742970545590573,
0.750378882842781,0.765195557347197,0.780012231851613,0.794828906356029,
0.802237243608236,0.809645580860444,0.817053918112652,0.82446225536486),
(0.,1.),.UNSPECIFIED.);
#115=B_SPLINE_SURFACE_WITH_KNOTS('',3,1,((#3535,#3536),(#3537,#3538),(#3539,
#3540),(#3541,#3542),(#3543,#3544),(#3545,#3546),(#3547,#3548),(#3549,#3550),
(#3551,#3552),(#3553,#3554),(#3555,#3556),(#3557,#3558),(#3559,#3560),(#3561,
#3562),(#3563,#3564),(#3565,#3566),(#3567,#3568)),
 .SURF_OF_LINEAR_EXTRUSION.,.F.,.F.,.F.,(4,1,1,1,1,1,1,1,1,1,1,1,1,1,4),
(2,2),(0.707716180815979,0.711328899055962,0.714941617295946,0.718554335535929,
0.722167053775912,0.729392490255879,0.736617926735845,0.751068799695778,
0.765519672655712,0.779970545615645,0.794421418575578,0.801646855055544,
0.808872291535511,0.816097728015478,0.823323164495444),(0.,1.),
 .UNSPECIFIED.);
#116=B_SPLINE_SURFACE_WITH_KNOTS('',3,1,((#3631,#3632),(#3633,#3634),(#3635,
#3636),(#3637,#3638),(#3639,#3640),(#3641,#3642),(#3643,#3644),(#3645,#3646),
(#3647,#3648),(#3649,#3650),(#3651,#3652),(#3653,#3654),(#3655,#3656),(#3657,
#3658),(#3659,#3660),(#3661,#3662),(#3663,#3664),(#3665,#3666),(#3667,#3668),
(#3669,#3670),(#3671,#3672),(#3673,#3674),(#3675,#3676),(#3677,#3678),(#3679,
#3680),(#3681,#3682),(#3683,#3684),(#3685,#3686),(#3687,#3688),(#3689,#3690),
(#3691,#3692),(#3693,#3694),(#3695,#3696),(#3697,#3698),(#3699,#3700),(#3701,
#3702)),.SURF_OF_LINEAR_EXTRUSION.,.F.,.F.,.F.,(4,1,1,1,1,1,1,1,1,1,1,1,
1,1,1,1,1,1,1,1,1,1,1,1,1,1,1,1,1,1,1,1,1,4),(2,2),(0.387213798343764,0.394943757896376,
0.402673717448988,0.4104036770016,0.418133636554211,0.425863596106823,0.433593555659435,
0.441323515212047,0.449053474764659,0.456783434317271,0.464513393869882,
0.479973312975106,0.49543323208033,0.503163191632942,0.510893151185553,
0.518623110738165,0.526353070290777,0.541812989396001,0.557272908501225,
0.572732827606448,0.58046278715906,0.588192746711672,0.595922706264284,
0.603652665816896,0.607517645593202,0.611382625369507,0.615247605145813,
0.619112584922119,0.621045074810272,0.622977564698425,0.624910054586578,
0.626842544474731,0.630707524251037,0.634572504027343),(0.,1.),
 .UNSPECIFIED.);
#117=B_SPLINE_SURFACE_WITH_KNOTS('',3,1,((#3824,#3825),(#3826,#3827),(#3828,
#3829),(#3830,#3831),(#3832,#3833),(#3834,#3835),(#3836,#3837),(#3838,#3839),
(#3840,#3841),(#3842,#3843),(#3844,#3845),(#3846,#3847),(#3848,#3849),(#3850,
#3851),(#3852,#3853),(#3854,#3855),(#3856,#3857),(#3858,#3859),(#3860,#3861),
(#3862,#3863),(#3864,#3865),(#3866,#3867),(#3868,#3869),(#3870,#3871),(#3872,
#3873),(#3874,#3875),(#3876,#3877),(#3878,#3879),(#3880,#3881),(#3882,#3883),
(#3884,#3885),(#3886,#3887),(#3888,#3889),(#3890,#3891),(#3892,#3893),(#3894,
#3895),(#3896,#3897),(#3898,#3899),(#3900,#3901),(#3902,#3903)),
 .SURF_OF_LINEAR_EXTRUSION.,.F.,.F.,.F.,(4,1,1,1,1,1,1,1,1,1,1,1,1,1,1,
1,1,1,1,1,1,1,1,1,1,1,1,1,1,1,1,1,1,1,1,1,1,4),(2,2),(0.191965793584085,
0.215434918722017,0.227169481290982,0.238904043859948,0.250638606428913,
0.262373168997879,0.274107731566844,0.28584229413581,0.291709575420293,
0.297576856704775,0.303444137989258,0.306377778631499,0.309311419273741,
0.312245059915982,0.315178700558224,0.318112341200465,0.319579161521586,
0.321045981842706,0.322512802163827,0.323979622484948,0.325446442806068,
0.326913263127189,0.32838008344831,0.32984690376943,0.332780544411672,0.335714185053913,
0.338647825696155,0.341581466338396,0.344515106980637,0.35038238826512,
0.356249669549603,0.362116950834086,0.365050591476327,0.367984232118568,
0.37091787276081,0.373851513403051,0.376785154045293,0.379718794687534),
(0.,1.),.UNSPECIFIED.);
#118=B_SPLINE_SURFACE_WITH_KNOTS('',3,1,((#4035,#4036),(#4037,#4038),(#4039,
#4040),(#4041,#4042),(#4043,#4044),(#4045,#4046),(#4047,#4048),(#4049,#4050),
(#4051,#4052),(#4053,#4054),(#4055,#4056),(#4057,#4058),(#4059,#4060),(#4061,
#4062)),.SURF_OF_LINEAR_EXTRUSION.,.F.,.F.,.F.,(4,1,1,1,1,1,1,1,1,1,1,4),
(2,2),(-0.00788423703551837,0.0017763447848726,0.0114369266052636,0.0307580902460455,
0.0404186720664365,0.0500792538868275,0.0597398357072184,0.0694004175276094,
0.0887215811683914,0.108042744809173,0.127363908449955,0.146685072090737),
(0.,1.),.UNSPECIFIED.);
#119=B_SPLINE_SURFACE_WITH_KNOTS('',3,1,((#4114,#4115),(#4116,#4117),(#4118,
#4119),(#4120,#4121),(#4122,#4123),(#4124,#4125),(#4126,#4127),(#4128,#4129),
(#4130,#4131),(#4132,#4133),(#4134,#4135),(#4136,#4137),(#4138,#4139),(#4140,
#4141),(#4142,#4143),(#4144,#4145),(#4146,#4147),(#4148,#4149),(#4150,#4151),
(#4152,#4153),(#4154,#4155),(#4156,#4157),(#4158,#4159),(#4160,#4161),(#4162,
#4163),(#4164,#4165),(#4166,#4167),(#4168,#4169),(#4170,#4171),(#4172,#4173),
(#4174,#4175),(#4176,#4177),(#4178,#4179),(#4180,#4181),(#4182,#4183),(#4184,
#4185)),.SURF_OF_LINEAR_EXTRUSION.,.F.,.F.,.F.,(4,1,1,1,1,1,1,1,1,1,1,1,
1,1,1,1,1,1,1,1,1,1,1,1,1,1,1,1,1,1,1,1,1,4),(2,2),(0.305290204051402,0.316627649165898,
0.322296371723146,0.327965094280394,0.33930253939489,0.350639984509387,
0.361977429623883,0.373314874738379,0.384652319852875,0.395989764967372,
0.407327210081868,0.418664655196364,0.43000210031086,0.441339545425357,
0.464014435654349,0.486689325883342,0.509364216112334,0.532039106341327,
0.554713996570319,0.577388886799312,0.622738667257297,0.645413557486289,
0.668088447715282,0.690763337944274,0.713438228173267,0.758788008631252,
0.804137789089237,0.849487569547222,0.940187130463192,0.962862020692185,
0.985536910921177,0.996874356035673,1.00821180115017,1.03088669137916),
(0.,1.),.UNSPECIFIED.);
#120=B_SPLINE_SURFACE_WITH_KNOTS('',3,1,((#4329,#4330),(#4331,#4332),(#4333,
#4334),(#4335,#4336),(#4337,#4338),(#4339,#4340),(#4341,#4342),(#4343,#4344),
(#4345,#4346),(#4347,#4348),(#4349,#4350),(#4351,#4352)),
 .SURF_OF_LINEAR_EXTRUSION.,.F.,.F.,.F.,(4,1,1,1,1,1,1,1,1,4),(2,2),(0.0133307030683097,
0.0702505468648306,0.0987104687630911,0.127170390661352,0.155630312559612,
0.169860273508742,0.184090234457873,0.198320195407003,0.212550156356133,
0.241010078254393),(0.,1.),.UNSPECIFIED.);
#121=B_SPLINE_SURFACE_WITH_KNOTS('',3,1,((#4390,#4391),(#4392,#4393),(#4394,
#4395),(#4396,#4397),(#4398,#4399),(#4400,#4401),(#4402,#4403),(#4404,#4405),
(#4406,#4407),(#4408,#4409),(#4410,#4411),(#4412,#4413),(#4414,#4415),(#4416,
#4417),(#4418,#4419),(#4420,#4421),(#4422,#4423),(#4424,#4425),(#4426,#4427),
(#4428,#4429),(#4430,#4431),(#4432,#4433),(#4434,#4435),(#4436,#4437)),
 .SURF_OF_LINEAR_EXTRUSION.,.F.,.F.,.F.,(4,1,1,1,1,1,1,1,1,1,1,1,1,1,1,
1,1,1,1,1,1,4),(2,2),(0.452237492361367,0.460141052160018,0.46804461195867,
0.475948171757321,0.483851731555973,0.499658851153276,0.515465970750578,
0.531273090347881,0.547080209945184,0.57869444913979,0.610308688334395,
0.641922927529001,0.673537166723607,0.705151405918212,0.736765645112818,
0.768379884307424,0.79999412350203,0.831608362696635,0.863222601891241,
0.894836841085847,0.926451080280452,0.958065319475058),(0.,1.),
 .UNSPECIFIED.);
#122=B_SPLINE_SURFACE_WITH_KNOTS('',3,1,((#4515,#4516),(#4517,#4518),(#4519,
#4520),(#4521,#4522),(#4523,#4524),(#4525,#4526),(#4527,#4528),(#4529,#4530),
(#4531,#4532),(#4533,#4534),(#4535,#4536),(#4537,#4538),(#4539,#4540)),
 .SURF_OF_LINEAR_EXTRUSION.,.F.,.F.,.F.,(4,1,1,1,1,1,1,1,1,1,4),(2,2),(0.163502905688124,
0.166681608237014,0.169860310785904,0.176217715883685,0.182575120981465,
0.188932526079246,0.201647336274806,0.214362146470367,0.227076956665928,
0.239791766861489,0.26522138725261),(0.,1.),.UNSPECIFIED.);
#123=B_SPLINE_SURFACE_WITH_KNOTS('',3,1,((#4582,#4583),(#4584,#4585),(#4586,
#4587),(#4588,#4589),(#4590,#4591),(#4592,#4593),(#4594,#4595),(#4596,#4597),
(#4598,#4599),(#4600,#4601),(#4602,#4603),(#4604,#4605),(#4606,#4607)),
 .SURF_OF_LINEAR_EXTRUSION.,.F.,.F.,.F.,(4,1,1,1,1,1,1,1,1,1,4),(2,2),(0.714544004770101,
0.72096597495247,0.727387945134838,0.740231885499575,0.753075825864312,
0.765919766229049,0.778763706593786,0.791607646958523,0.80445158732326,
0.810873557505629,0.817295527687997),(0.,1.),.UNSPECIFIED.);
#124=B_SPLINE_SURFACE_WITH_KNOTS('',3,1,((#4662,#4663),(#4664,#4665),(#4666,
#4667),(#4668,#4669),(#4670,#4671),(#4672,#4673),(#4674,#4675),(#4676,#4677),
(#4678,#4679),(#4680,#4681),(#4682,#4683),(#4684,#4685),(#4686,#4687),(#4688,
#4689),(#4690,#4691),(#4692,#4693),(#4694,#4695),(#4696,#4697),(#4698,#4699),
(#4700,#4701),(#4702,#4703),(#4704,#4705),(#4706,#4707),(#4708,#4709),(#4710,
#4711),(#4712,#4713),(#4714,#4715),(#4716,#4717),(#4718,#4719),(#4720,#4721),
(#4722,#4723)),.SURF_OF_LINEAR_EXTRUSION.,.F.,.F.,.F.,(4,1,1,1,1,1,1,1,
1,1,1,1,1,1,1,1,1,1,1,1,1,1,1,1,1,1,1,1,4),(2,2),(0.862683089103263,0.866500255646538,
0.870317422189812,0.874134588733087,0.877951755276362,0.885586088362911,
0.889403254906186,0.89322042144946,0.897037587992735,0.900854754536009,
0.904671921079284,0.906580504350922,0.908489087622559,0.910397670894196,
0.912306254165834,0.914214837437471,0.916123420709108,0.918032003980746,
0.919940587252383,0.923757753795657,0.927574920338932,0.931392086882207,
0.935209253425481,0.939026419968756,0.946660753055306,0.954295086141855,
0.961929419228404,0.969563752314953,0.984832418488052),(0.,1.),
 .UNSPECIFIED.);
#125=B_SPLINE_SURFACE_WITH_KNOTS('',3,1,((#4841,#4842),(#4843,#4844),(#4845,
#4846),(#4847,#4848),(#4849,#4850),(#4851,#4852),(#4853,#4854),(#4855,#4856),
(#4857,#4858),(#4859,#4860),(#4861,#4862),(#4863,#4864)),
 .SURF_OF_LINEAR_EXTRUSION.,.F.,.F.,.F.,(4,1,1,1,1,1,1,1,1,4),(2,2),(0.168529234432503,
0.170914901923886,0.173300569415269,0.178071904398035,0.187614574363567,
0.197157244329099,0.206699914294631,0.216242584260163,0.225785254225695,
0.244870594156759),(0.,1.),.UNSPECIFIED.);
#126=B_SPLINE_SURFACE_WITH_KNOTS('',3,1,((#4910,#4911),(#4912,#4913),(#4914,
#4915),(#4916,#4917),(#4918,#4919),(#4920,#4921),(#4922,#4923),(#4924,#4925),
(#4926,#4927),(#4928,#4929),(#4930,#4931),(#4932,#4933),(#4934,#4935),(#4936,
#4937),(#4938,#4939),(#4940,#4941),(#4942,#4943),(#4944,#4945)),
 .SURF_OF_LINEAR_EXTRUSION.,.F.,.F.,.F.,(4,1,1,1,1,1,1,1,1,1,1,1,1,1,1,
4),(2,2),(0.458525569536476,0.464462010692682,0.470398451848888,0.4822713341613,
0.494144216473711,0.506017098786123,0.529762863410947,0.553508628035771,
0.577254392660594,0.601000157285418,0.648491686535065,0.672237451159889,
0.695983215784712,0.74347474503436,0.790966274284007,0.838457803533654),
(0.,1.),.UNSPECIFIED.);
#127=B_SPLINE_SURFACE_WITH_KNOTS('',3,1,((#5025,#5026),(#5027,#5028),(#5029,
#5030),(#5031,#5032),(#5033,#5034),(#5035,#5036),(#5037,#5038),(#5039,#5040),
(#5041,#5042),(#5043,#5044),(#5045,#5046)),.SURF_OF_LINEAR_EXTRUSION.,.F.,
 .F.,.F.,(4,1,1,1,1,1,1,1,4),(2,2),(0.0305333918597431,0.0789230072583123,
0.103117814957597,0.127312622656882,0.151507430356166,0.175702238055451,
0.187799641905093,0.199897045754735,0.22409185345402),(0.,1.),
 .UNSPECIFIED.);
#128=B_SPLINE_SURFACE_WITH_KNOTS('',3,1,((#5084,#5085),(#5086,#5087),(#5088,
#5089),(#5090,#5091),(#5092,#5093),(#5094,#5095),(#5096,#5097),(#5098,#5099),
(#5100,#5101),(#5102,#5103),(#5104,#5105),(#5106,#5107),(#5108,#5109),(#5110,
#5111),(#5112,#5113),(#5114,#5115),(#5116,#5117),(#5118,#5119),(#5120,#5121)),
 .SURF_OF_LINEAR_EXTRUSION.,.F.,.F.,.F.,(4,1,1,1,1,1,1,1,1,1,1,1,1,1,1,
1,4),(2,2),(0.31303056381971,0.322357988755984,0.327021701224122,0.331685413692259,
0.336349126160397,0.341012838628534,0.350340263564809,0.359667688501084,
0.368995113437359,0.378322538373634,0.387649963309909,0.396977388246184,
0.406304813182459,0.415632238118734,0.424959663055008,0.443614512927558,
0.462269362800108),(0.,1.),.UNSPECIFIED.);
#129=B_SPLINE_SURFACE_WITH_KNOTS('',3,1,((#5205,#5206),(#5207,#5208),(#5209,
#5210),(#5211,#5212),(#5213,#5214),(#5215,#5216),(#5217,#5218),(#5219,#5220),
(#5221,#5222),(#5223,#5224),(#5225,#5226),(#5227,#5228),(#5229,#5230),(#5231,
#5232),(#5233,#5234),(#5235,#5236),(#5237,#5238),(#5239,#5240),(#5241,#5242),
(#5243,#5244),(#5245,#5246)),.SURF_OF_LINEAR_EXTRUSION.,.F.,.F.,.F.,(4,
1,1,1,1,1,1,1,1,1,1,1,1,1,1,1,1,1,4),(2,2),(0.522784266815197,0.556278044740523,
0.589771822665849,0.623265600591174,0.6567593785165,0.673506267479163,0.690253156441826,
0.723746934367152,0.757240712292478,0.790734490217804,0.857722046068455,
0.924709601919107,0.958203379844433,0.974950268807095,0.991697157769758,
1.00007060225109,1.00844404673242,1.02519093569508,1.05868471362041),(0.,
1.),.UNSPECIFIED.);
#130=B_SPLINE_SURFACE_WITH_KNOTS('',3,1,((#5340,#5341),(#5342,#5343),(#5344,
#5345),(#5346,#5347),(#5348,#5349),(#5350,#5351),(#5352,#5353),(#5354,#5355),
(#5356,#5357),(#5358,#5359),(#5360,#5361),(#5362,#5363),(#5364,#5365),(#5366,
#5367),(#5368,#5369),(#5370,#5371)),.SURF_OF_LINEAR_EXTRUSION.,.F.,.F.,
 .F.,(4,1,1,1,1,1,1,1,1,1,1,1,1,4),(2,2),(-0.0149800503674853,-0.00544601532728553,
0.00408801971291423,0.013622054753114,0.0231560897933138,0.0326901248335135,
0.0422241598737133,0.0517581949139131,0.0612922299541128,0.0708262649943126,
0.0803603000345124,0.0994283701149119,0.118496440195311,0.137564510275711),
(0.,1.),.UNSPECIFIED.);
#131=B_SPLINE_SURFACE_WITH_KNOTS('',3,1,((#5435,#5436),(#5437,#5438),(#5439,
#5440),(#5441,#5442),(#5443,#5444),(#5445,#5446),(#5447,#5448),(#5449,#5450),
(#5451,#5452),(#5453,#5454),(#5455,#5456),(#5457,#5458),(#5459,#5460),(#5461,
#5462),(#5463,#5464),(#5465,#5466),(#5467,#5468),(#5469,#5470),(#5471,#5472),
(#5473,#5474),(#5475,#5476),(#5477,#5478),(#5479,#5480),(#5481,#5482),(#5483,
#5484),(#5485,#5486),(#5487,#5488),(#5489,#5490),(#5491,#5492),(#5493,#5494),
(#5495,#5496),(#5497,#5498),(#5499,#5500),(#5501,#5502),(#5503,#5504),(#5505,
#5506),(#5507,#5508),(#5509,#5510),(#5511,#5512),(#5513,#5514),(#5515,#5516),
(#5517,#5518),(#5519,#5520),(#5521,#5522),(#5523,#5524),(#5525,#5526),(#5527,
#5528)),.SURF_OF_LINEAR_EXTRUSION.,.F.,.F.,.F.,(4,1,1,1,1,1,1,1,1,1,1,1,
1,1,1,1,1,1,1,1,1,1,1,1,1,1,1,1,1,1,1,1,1,1,1,1,1,1,1,1,1,1,1,1,4),(2,2),
(0.205262214377787,0.216120811318119,0.226979408258451,0.237838005198782,
0.248696602139114,0.259555199079445,0.270413796019777,0.275843094489942,
0.281272392960108,0.286701691430274,0.29213098990044,0.297560288370605,
0.302989586840771,0.305704236075854,0.308418885310937,0.31113353454602,
0.313848183781103,0.316562833016186,0.317920157633727,0.319277482251269,
0.32063480686881,0.321992131486351,0.323349456103893,0.324706780721434,
0.326064105338976,0.327421429956517,0.328778754574059,0.3301360791916,0.332850728426683,
0.335565377661766,0.338280026896849,0.340994676131932,0.343709325367014,
0.346423974602097,0.351853273072263,0.357282571542429,0.362711870012595,
0.365426519247678,0.36814116848276,0.370855817717843,0.373570466952926,
0.376285116188009,0.37696377849678,0.377642440805551,0.378999765423092),
(0.,1.),.UNSPECIFIED.);
#132=B_SPLINE_SURFACE_WITH_KNOTS('',3,1,((#5722,#5723),(#5724,#5725),(#5726,
#5727),(#5728,#5729),(#5730,#5731),(#5732,#5733),(#5734,#5735),(#5736,#5737),
(#5738,#5739),(#5740,#5741),(#5742,#5743),(#5744,#5745),(#5746,#5747),(#5748,
#5749),(#5750,#5751),(#5752,#5753),(#5754,#5755),(#5756,#5757),(#5758,#5759),
(#5760,#5761),(#5762,#5763),(#5764,#5765),(#5766,#5767),(#5768,#5769),(#5770,
#5771),(#5772,#5773),(#5774,#5775),(#5776,#5777),(#5778,#5779),(#5780,#5781),
(#5782,#5783),(#5784,#5785),(#5786,#5787),(#5788,#5789)),
 .SURF_OF_LINEAR_EXTRUSION.,.F.,.F.,.F.,(4,1,1,1,1,1,1,1,1,1,1,1,1,1,1,
1,1,1,1,1,1,1,1,1,1,1,1,1,1,1,1,4),(2,2),(0.389878207102865,0.397165623770797,
0.404453040438728,0.41174045710666,0.419027873774591,0.426315290442523,
0.433602707110454,0.440890123778386,0.448177540446317,0.455464957114249,
0.459108665448214,0.46275237378218,0.470039790450111,0.477327207118043,
0.491902040453906,0.506476873789769,0.5137642904577,0.521051707125632,0.535626540461494,
0.550201373797357,0.56477620713322,0.572063623801152,0.579351040469083,
0.586638457137015,0.593925873804946,0.601213290472878,0.604856998806843,
0.608500707140809,0.612144415474775,0.615788123808741,0.619431832142706,
0.623075540476672),(0.,1.),.UNSPECIFIED.);
#133=B_SPLINE_SURFACE_WITH_KNOTS('',3,1,((#5920,#5921),(#5922,#5923),(#5924,
#5925),(#5926,#5927),(#5928,#5929),(#5930,#5931),(#5932,#5933),(#5934,#5935),
(#5936,#5937),(#5938,#5939),(#5940,#5941),(#5942,#5943),(#5944,#5945),(#5946,
#5947),(#5948,#5949),(#5950,#5951),(#5952,#5953),(#5954,#5955),(#5956,#5957),
(#5958,#5959),(#5960,#5961),(#5962,#5963),(#5964,#5965),(#5966,#5967),(#5968,
#5969),(#5970,#5971),(#5972,#5973),(#5974,#5975),(#5976,#5977)),
 .SURF_OF_LINEAR_EXTRUSION.,.F.,.F.,.F.,(4,1,1,1,1,1,1,1,1,1,1,1,1,1,1,
1,1,1,1,1,1,1,1,1,1,1,4),(2,2),(0.858993625334341,0.863135346792849,0.867277068251357,
0.871418789709865,0.875560511168373,0.88384395408539,0.892127397002406,
0.896269118460914,0.900410839919422,0.90455256137793,0.906623422107184,
0.908694282836438,0.910765143565692,0.912836004294946,0.9149068650242,0.916977725753454,
0.919048586482708,0.921119447211962,0.925261168670471,0.929402890128979,
0.933544611587487,0.941828054504503,0.950111497421519,0.958394940338535,
0.966678383255551,0.974961826172568,0.9915287120066),(0.,1.),
 .UNSPECIFIED.);
#134=ORIENTED_EDGE('',*,*,#374,.T.);
#135=ORIENTED_EDGE('',*,*,#375,.T.);
#136=ORIENTED_EDGE('',*,*,#376,.T.);
#137=ORIENTED_EDGE('',*,*,#377,.T.);
#138=ORIENTED_EDGE('',*,*,#378,.T.);
#139=ORIENTED_EDGE('',*,*,#379,.T.);
#140=ORIENTED_EDGE('',*,*,#380,.T.);
#141=ORIENTED_EDGE('',*,*,#381,.T.);
#142=ORIENTED_EDGE('',*,*,#382,.T.);
#143=ORIENTED_EDGE('',*,*,#383,.F.);
#144=ORIENTED_EDGE('',*,*,#384,.F.);
#145=ORIENTED_EDGE('',*,*,#385,.F.);
#146=ORIENTED_EDGE('',*,*,#386,.F.);
#147=ORIENTED_EDGE('',*,*,#387,.F.);
#148=ORIENTED_EDGE('',*,*,#388,.F.);
#149=ORIENTED_EDGE('',*,*,#389,.F.);
#150=ORIENTED_EDGE('',*,*,#390,.F.);
#151=ORIENTED_EDGE('',*,*,#391,.F.);
#152=ORIENTED_EDGE('',*,*,#392,.T.);
#153=ORIENTED_EDGE('',*,*,#393,.T.);
#154=ORIENTED_EDGE('',*,*,#394,.F.);
#155=ORIENTED_EDGE('',*,*,#395,.F.);
#156=ORIENTED_EDGE('',*,*,#396,.T.);
#157=ORIENTED_EDGE('',*,*,#397,.T.);
#158=ORIENTED_EDGE('',*,*,#392,.F.);
#159=ORIENTED_EDGE('',*,*,#398,.F.);
#160=ORIENTED_EDGE('',*,*,#374,.F.);
#161=ORIENTED_EDGE('',*,*,#399,.F.);
#162=ORIENTED_EDGE('',*,*,#400,.T.);
#163=ORIENTED_EDGE('',*,*,#401,.T.);
#164=ORIENTED_EDGE('',*,*,#375,.F.);
#165=ORIENTED_EDGE('',*,*,#401,.F.);
#166=ORIENTED_EDGE('',*,*,#402,.T.);
#167=ORIENTED_EDGE('',*,*,#403,.T.);
#168=ORIENTED_EDGE('',*,*,#376,.F.);
#169=ORIENTED_EDGE('',*,*,#403,.F.);
#170=ORIENTED_EDGE('',*,*,#404,.T.);
#171=ORIENTED_EDGE('',*,*,#405,.T.);
#172=ORIENTED_EDGE('',*,*,#377,.F.);
#173=ORIENTED_EDGE('',*,*,#405,.F.);
#174=ORIENTED_EDGE('',*,*,#406,.T.);
#175=ORIENTED_EDGE('',*,*,#407,.T.);
#176=ORIENTED_EDGE('',*,*,#378,.F.);
#177=ORIENTED_EDGE('',*,*,#407,.F.);
#178=ORIENTED_EDGE('',*,*,#408,.T.);
#179=ORIENTED_EDGE('',*,*,#409,.T.);
#180=ORIENTED_EDGE('',*,*,#379,.F.);
#181=ORIENTED_EDGE('',*,*,#409,.F.);
#182=ORIENTED_EDGE('',*,*,#410,.T.);
#183=ORIENTED_EDGE('',*,*,#411,.T.);
#184=ORIENTED_EDGE('',*,*,#380,.F.);
#185=ORIENTED_EDGE('',*,*,#411,.F.);
#186=ORIENTED_EDGE('',*,*,#412,.T.);
#187=ORIENTED_EDGE('',*,*,#413,.T.);
#188=ORIENTED_EDGE('',*,*,#381,.F.);
#189=ORIENTED_EDGE('',*,*,#413,.F.);
#190=ORIENTED_EDGE('',*,*,#414,.T.);
#191=ORIENTED_EDGE('',*,*,#415,.T.);
#192=ORIENTED_EDGE('',*,*,#382,.F.);
#193=ORIENTED_EDGE('',*,*,#415,.F.);
#194=ORIENTED_EDGE('',*,*,#416,.T.);
#195=ORIENTED_EDGE('',*,*,#399,.T.);
#196=ORIENTED_EDGE('',*,*,#394,.T.);
#197=ORIENTED_EDGE('',*,*,#417,.T.);
#198=ORIENTED_EDGE('',*,*,#396,.F.);
#199=ORIENTED_EDGE('',*,*,#418,.F.);
#200=ORIENTED_EDGE('',*,*,#400,.F.);
#201=ORIENTED_EDGE('',*,*,#416,.F.);
#202=ORIENTED_EDGE('',*,*,#414,.F.);
#203=ORIENTED_EDGE('',*,*,#412,.F.);
#204=ORIENTED_EDGE('',*,*,#410,.F.);
#205=ORIENTED_EDGE('',*,*,#408,.F.);
#206=ORIENTED_EDGE('',*,*,#406,.F.);
#207=ORIENTED_EDGE('',*,*,#404,.F.);
#208=ORIENTED_EDGE('',*,*,#402,.F.);
#209=ORIENTED_EDGE('',*,*,#395,.T.);
#210=ORIENTED_EDGE('',*,*,#418,.T.);
#211=ORIENTED_EDGE('',*,*,#398,.T.);
#212=ORIENTED_EDGE('',*,*,#383,.T.);
#213=ORIENTED_EDGE('',*,*,#419,.F.);
#214=ORIENTED_EDGE('',*,*,#420,.F.);
#215=ORIENTED_EDGE('',*,*,#421,.T.);
#216=ORIENTED_EDGE('',*,*,#391,.T.);
#217=ORIENTED_EDGE('',*,*,#422,.F.);
#218=ORIENTED_EDGE('',*,*,#423,.F.);
#219=ORIENTED_EDGE('',*,*,#419,.T.);
#220=ORIENTED_EDGE('',*,*,#390,.T.);
#221=ORIENTED_EDGE('',*,*,#424,.F.);
#222=ORIENTED_EDGE('',*,*,#425,.F.);
#223=ORIENTED_EDGE('',*,*,#422,.T.);
#224=ORIENTED_EDGE('',*,*,#389,.T.);
#225=ORIENTED_EDGE('',*,*,#426,.F.);
#226=ORIENTED_EDGE('',*,*,#427,.F.);
#227=ORIENTED_EDGE('',*,*,#424,.T.);
#228=ORIENTED_EDGE('',*,*,#388,.T.);
#229=ORIENTED_EDGE('',*,*,#428,.F.);
#230=ORIENTED_EDGE('',*,*,#429,.F.);
#231=ORIENTED_EDGE('',*,*,#426,.T.);
#232=ORIENTED_EDGE('',*,*,#387,.T.);
#233=ORIENTED_EDGE('',*,*,#430,.F.);
#234=ORIENTED_EDGE('',*,*,#431,.F.);
#235=ORIENTED_EDGE('',*,*,#428,.T.);
#236=ORIENTED_EDGE('',*,*,#386,.T.);
#237=ORIENTED_EDGE('',*,*,#432,.F.);
#238=ORIENTED_EDGE('',*,*,#433,.F.);
#239=ORIENTED_EDGE('',*,*,#430,.T.);
#240=ORIENTED_EDGE('',*,*,#385,.T.);
#241=ORIENTED_EDGE('',*,*,#434,.F.);
#242=ORIENTED_EDGE('',*,*,#435,.F.);
#243=ORIENTED_EDGE('',*,*,#432,.T.);
#244=ORIENTED_EDGE('',*,*,#384,.T.);
#245=ORIENTED_EDGE('',*,*,#421,.F.);
#246=ORIENTED_EDGE('',*,*,#436,.F.);
#247=ORIENTED_EDGE('',*,*,#434,.T.);
#248=ORIENTED_EDGE('',*,*,#420,.T.);
#249=ORIENTED_EDGE('',*,*,#423,.T.);
#250=ORIENTED_EDGE('',*,*,#425,.T.);
#251=ORIENTED_EDGE('',*,*,#427,.T.);
#252=ORIENTED_EDGE('',*,*,#429,.T.);
#253=ORIENTED_EDGE('',*,*,#431,.T.);
#254=ORIENTED_EDGE('',*,*,#433,.T.);
#255=ORIENTED_EDGE('',*,*,#435,.T.);
#256=ORIENTED_EDGE('',*,*,#436,.T.);
#257=ORIENTED_EDGE('',*,*,#393,.F.);
#258=ORIENTED_EDGE('',*,*,#397,.F.);
#259=ORIENTED_EDGE('',*,*,#417,.F.);
#260=ORIENTED_EDGE('',*,*,#437,.F.);
#261=ORIENTED_EDGE('',*,*,#438,.F.);
#262=ORIENTED_EDGE('',*,*,#439,.T.);
#263=ORIENTED_EDGE('',*,*,#440,.T.);
#264=ORIENTED_EDGE('',*,*,#441,.F.);
#265=ORIENTED_EDGE('',*,*,#442,.F.);
#266=ORIENTED_EDGE('',*,*,#443,.T.);
#267=ORIENTED_EDGE('',*,*,#438,.T.);
#268=ORIENTED_EDGE('',*,*,#444,.F.);
#269=ORIENTED_EDGE('',*,*,#445,.F.);
#270=ORIENTED_EDGE('',*,*,#446,.T.);
#271=ORIENTED_EDGE('',*,*,#442,.T.);
#272=ORIENTED_EDGE('',*,*,#447,.F.);
#273=ORIENTED_EDGE('',*,*,#448,.F.);
#274=ORIENTED_EDGE('',*,*,#449,.T.);
#275=ORIENTED_EDGE('',*,*,#445,.T.);
#276=ORIENTED_EDGE('',*,*,#450,.F.);
#277=ORIENTED_EDGE('',*,*,#451,.F.);
#278=ORIENTED_EDGE('',*,*,#452,.T.);
#279=ORIENTED_EDGE('',*,*,#448,.T.);
#280=ORIENTED_EDGE('',*,*,#453,.F.);
#281=ORIENTED_EDGE('',*,*,#454,.F.);
#282=ORIENTED_EDGE('',*,*,#455,.T.);
#283=ORIENTED_EDGE('',*,*,#451,.T.);
#284=ORIENTED_EDGE('',*,*,#456,.F.);
#285=ORIENTED_EDGE('',*,*,#457,.F.);
#286=ORIENTED_EDGE('',*,*,#458,.T.);
#287=ORIENTED_EDGE('',*,*,#454,.T.);
#288=ORIENTED_EDGE('',*,*,#459,.F.);
#289=ORIENTED_EDGE('',*,*,#460,.F.);
#290=ORIENTED_EDGE('',*,*,#461,.T.);
#291=ORIENTED_EDGE('',*,*,#457,.T.);
#292=ORIENTED_EDGE('',*,*,#462,.T.);
#293=ORIENTED_EDGE('',*,*,#463,.F.);
#294=ORIENTED_EDGE('',*,*,#464,.F.);
#295=ORIENTED_EDGE('',*,*,#465,.T.);
#296=ORIENTED_EDGE('',*,*,#466,.T.);
#297=ORIENTED_EDGE('',*,*,#467,.F.);
#298=ORIENTED_EDGE('',*,*,#468,.F.);
#299=ORIENTED_EDGE('',*,*,#463,.T.);
#300=ORIENTED_EDGE('',*,*,#469,.T.);
#301=ORIENTED_EDGE('',*,*,#470,.F.);
#302=ORIENTED_EDGE('',*,*,#471,.F.);
#303=ORIENTED_EDGE('',*,*,#467,.T.);
#304=ORIENTED_EDGE('',*,*,#472,.T.);
#305=ORIENTED_EDGE('',*,*,#473,.F.);
#306=ORIENTED_EDGE('',*,*,#474,.F.);
#307=ORIENTED_EDGE('',*,*,#470,.T.);
#308=ORIENTED_EDGE('',*,*,#475,.T.);
#309=ORIENTED_EDGE('',*,*,#476,.F.);
#310=ORIENTED_EDGE('',*,*,#477,.F.);
#311=ORIENTED_EDGE('',*,*,#473,.T.);
#312=ORIENTED_EDGE('',*,*,#478,.T.);
#313=ORIENTED_EDGE('',*,*,#479,.F.);
#314=ORIENTED_EDGE('',*,*,#480,.F.);
#315=ORIENTED_EDGE('',*,*,#476,.T.);
#316=ORIENTED_EDGE('',*,*,#481,.T.);
#317=ORIENTED_EDGE('',*,*,#482,.F.);
#318=ORIENTED_EDGE('',*,*,#483,.F.);
#319=ORIENTED_EDGE('',*,*,#479,.T.);
#320=ORIENTED_EDGE('',*,*,#484,.T.);
#321=ORIENTED_EDGE('',*,*,#485,.F.);
#322=ORIENTED_EDGE('',*,*,#486,.F.);
#323=ORIENTED_EDGE('',*,*,#482,.T.);
#324=ORIENTED_EDGE('',*,*,#487,.T.);
#325=ORIENTED_EDGE('',*,*,#488,.F.);
#326=ORIENTED_EDGE('',*,*,#489,.F.);
#327=ORIENTED_EDGE('',*,*,#485,.T.);
#328=ORIENTED_EDGE('',*,*,#490,.T.);
#329=ORIENTED_EDGE('',*,*,#465,.F.);
#330=ORIENTED_EDGE('',*,*,#491,.F.);
#331=ORIENTED_EDGE('',*,*,#488,.T.);
#332=ORIENTED_EDGE('',*,*,#492,.F.);
#333=ORIENTED_EDGE('',*,*,#440,.F.);
#334=ORIENTED_EDGE('',*,*,#493,.T.);
#335=ORIENTED_EDGE('',*,*,#460,.T.);
#336=ORIENTED_EDGE('',*,*,#464,.T.);
#337=ORIENTED_EDGE('',*,*,#468,.T.);
#338=ORIENTED_EDGE('',*,*,#471,.T.);
#339=ORIENTED_EDGE('',*,*,#474,.T.);
#340=ORIENTED_EDGE('',*,*,#477,.T.);
#341=ORIENTED_EDGE('',*,*,#480,.T.);
#342=ORIENTED_EDGE('',*,*,#483,.T.);
#343=ORIENTED_EDGE('',*,*,#486,.T.);
#344=ORIENTED_EDGE('',*,*,#489,.T.);
#345=ORIENTED_EDGE('',*,*,#491,.T.);
#346=ORIENTED_EDGE('',*,*,#439,.F.);
#347=ORIENTED_EDGE('',*,*,#443,.F.);
#348=ORIENTED_EDGE('',*,*,#446,.F.);
#349=ORIENTED_EDGE('',*,*,#449,.F.);
#350=ORIENTED_EDGE('',*,*,#452,.F.);
#351=ORIENTED_EDGE('',*,*,#455,.F.);
#352=ORIENTED_EDGE('',*,*,#458,.F.);
#353=ORIENTED_EDGE('',*,*,#461,.F.);
#354=ORIENTED_EDGE('',*,*,#493,.F.);
#355=ORIENTED_EDGE('',*,*,#462,.F.);
#356=ORIENTED_EDGE('',*,*,#490,.F.);
#357=ORIENTED_EDGE('',*,*,#487,.F.);
#358=ORIENTED_EDGE('',*,*,#484,.F.);
#359=ORIENTED_EDGE('',*,*,#481,.F.);
#360=ORIENTED_EDGE('',*,*,#478,.F.);
#361=ORIENTED_EDGE('',*,*,#475,.F.);
#362=ORIENTED_EDGE('',*,*,#472,.F.);
#363=ORIENTED_EDGE('',*,*,#469,.F.);
#364=ORIENTED_EDGE('',*,*,#466,.F.);
#365=ORIENTED_EDGE('',*,*,#437,.T.);
#366=ORIENTED_EDGE('',*,*,#492,.T.);
#367=ORIENTED_EDGE('',*,*,#459,.T.);
#368=ORIENTED_EDGE('',*,*,#456,.T.);
#369=ORIENTED_EDGE('',*,*,#453,.T.);
#370=ORIENTED_EDGE('',*,*,#450,.T.);
#371=ORIENTED_EDGE('',*,*,#447,.T.);
#372=ORIENTED_EDGE('',*,*,#444,.T.);
#373=ORIENTED_EDGE('',*,*,#441,.T.);
#374=EDGE_CURVE('',#494,#495,#574,.T.);
#375=EDGE_CURVE('',#495,#496,#575,.T.);
#376=EDGE_CURVE('',#496,#497,#576,.T.);
#377=EDGE_CURVE('',#497,#498,#577,.T.);
#378=EDGE_CURVE('',#498,#499,#578,.T.);
#379=EDGE_CURVE('',#499,#500,#579,.T.);
#380=EDGE_CURVE('',#500,#501,#580,.T.);
#381=EDGE_CURVE('',#501,#502,#581,.T.);
#382=EDGE_CURVE('',#502,#494,#582,.T.);
#383=EDGE_CURVE('',#503,#504,#583,.T.);
#384=EDGE_CURVE('',#505,#503,#584,.T.);
#385=EDGE_CURVE('',#506,#505,#585,.T.);
#386=EDGE_CURVE('',#507,#506,#586,.T.);
#387=EDGE_CURVE('',#508,#507,#587,.T.);
#388=EDGE_CURVE('',#509,#508,#588,.T.);
#389=EDGE_CURVE('',#510,#509,#589,.T.);
#390=EDGE_CURVE('',#511,#510,#590,.T.);
#391=EDGE_CURVE('',#504,#511,#591,.T.);
#392=EDGE_CURVE('',#512,#513,#14,.T.);
#393=EDGE_CURVE('',#513,#514,#592,.T.);
#394=EDGE_CURVE('',#515,#514,#15,.T.);
#395=EDGE_CURVE('',#512,#515,#593,.T.);
#396=EDGE_CURVE('',#516,#517,#16,.T.);
#397=EDGE_CURVE('',#517,#513,#594,.T.);
#398=EDGE_CURVE('',#516,#512,#595,.T.);
#399=EDGE_CURVE('',#518,#494,#17,.T.);
#400=EDGE_CURVE('',#518,#519,#596,.T.);
#401=EDGE_CURVE('',#519,#495,#18,.T.);
#402=EDGE_CURVE('',#519,#520,#597,.T.);
#403=EDGE_CURVE('',#520,#496,#19,.T.);
#404=EDGE_CURVE('',#520,#521,#598,.T.);
#405=EDGE_CURVE('',#521,#497,#20,.T.);
#406=EDGE_CURVE('',#521,#522,#599,.T.);
#407=EDGE_CURVE('',#522,#498,#21,.T.);
#408=EDGE_CURVE('',#522,#523,#600,.T.);
#409=EDGE_CURVE('',#523,#499,#22,.T.);
#410=EDGE_CURVE('',#523,#524,#601,.T.);
#411=EDGE_CURVE('',#524,#500,#23,.T.);
#412=EDGE_CURVE('',#524,#525,#602,.T.);
#413=EDGE_CURVE('',#525,#501,#24,.T.);
#414=EDGE_CURVE('',#525,#526,#603,.T.);
#415=EDGE_CURVE('',#526,#502,#25,.T.);
#416=EDGE_CURVE('',#526,#518,#604,.T.);
#417=EDGE_CURVE('',#514,#517,#605,.T.);
#418=EDGE_CURVE('',#515,#516,#606,.T.);
#419=EDGE_CURVE('',#527,#504,#26,.T.);
#420=EDGE_CURVE('',#528,#527,#607,.T.);
#421=EDGE_CURVE('',#528,#503,#27,.T.);
#422=EDGE_CURVE('',#529,#511,#28,.T.);
#423=EDGE_CURVE('',#527,#529,#608,.T.);
#424=EDGE_CURVE('',#530,#510,#29,.T.);
#425=EDGE_CURVE('',#529,#530,#609,.T.);
#426=EDGE_CURVE('',#531,#509,#30,.T.);
#427=EDGE_CURVE('',#530,#531,#610,.T.);
#428=EDGE_CURVE('',#532,#508,#31,.T.);
#429=EDGE_CURVE('',#531,#532,#611,.T.);
#430=EDGE_CURVE('',#533,#507,#32,.T.);
#431=EDGE_CURVE('',#532,#533,#612,.T.);
#432=EDGE_CURVE('',#534,#506,#33,.T.);
#433=EDGE_CURVE('',#533,#534,#613,.T.);
#434=EDGE_CURVE('',#535,#505,#34,.T.);
#435=EDGE_CURVE('',#534,#535,#614,.T.);
#436=EDGE_CURVE('',#535,#528,#615,.T.);
#437=EDGE_CURVE('',#536,#537,#616,.T.);
#438=EDGE_CURVE('',#538,#536,#35,.T.);
#439=EDGE_CURVE('',#538,#539,#617,.T.);
#440=EDGE_CURVE('',#539,#537,#36,.T.);
#441=EDGE_CURVE('',#540,#536,#618,.T.);
#442=EDGE_CURVE('',#541,#540,#37,.T.);
#443=EDGE_CURVE('',#541,#538,#619,.T.);
#444=EDGE_CURVE('',#542,#540,#620,.T.);
#445=EDGE_CURVE('',#543,#542,#38,.T.);
#446=EDGE_CURVE('',#543,#541,#621,.T.);
#447=EDGE_CURVE('',#544,#542,#622,.T.);
#448=EDGE_CURVE('',#545,#544,#39,.T.);
#449=EDGE_CURVE('',#545,#543,#623,.T.);
#450=EDGE_CURVE('',#546,#544,#624,.T.);
#451=EDGE_CURVE('',#547,#546,#40,.T.);
#452=EDGE_CURVE('',#547,#545,#625,.T.);
#453=EDGE_CURVE('',#548,#546,#626,.T.);
#454=EDGE_CURVE('',#549,#548,#41,.T.);
#455=EDGE_CURVE('',#549,#547,#627,.T.);
#456=EDGE_CURVE('',#550,#548,#628,.T.);
#457=EDGE_CURVE('',#551,#550,#42,.T.);
#458=EDGE_CURVE('',#551,#549,#629,.T.);
#459=EDGE_CURVE('',#552,#550,#630,.T.);
#460=EDGE_CURVE('',#553,#552,#43,.T.);
#461=EDGE_CURVE('',#553,#551,#631,.T.);
#462=EDGE_CURVE('',#554,#555,#632,.T.);
#463=EDGE_CURVE('',#556,#555,#44,.T.);
#464=EDGE_CURVE('',#557,#556,#633,.T.);
#465=EDGE_CURVE('',#557,#554,#45,.T.);
#466=EDGE_CURVE('',#555,#558,#634,.T.);
#467=EDGE_CURVE('',#559,#558,#46,.T.);
#468=EDGE_CURVE('',#556,#559,#635,.T.);
#469=EDGE_CURVE('',#558,#560,#636,.T.);
#470=EDGE_CURVE('',#561,#560,#47,.T.);
#471=EDGE_CURVE('',#559,#561,#637,.T.);
#472=EDGE_CURVE('',#560,#562,#638,.T.);
#473=EDGE_CURVE('',#563,#562,#48,.T.);
#474=EDGE_CURVE('',#561,#563,#639,.T.);
#475=EDGE_CURVE('',#562,#564,#640,.T.);
#476=EDGE_CURVE('',#565,#564,#49,.T.);
#477=EDGE_CURVE('',#563,#565,#641,.T.);
#478=EDGE_CURVE('',#564,#566,#642,.T.);
#479=EDGE_CURVE('',#567,#566,#50,.T.);
#480=EDGE_CURVE('',#565,#567,#643,.T.);
#481=EDGE_CURVE('',#566,#568,#644,.T.);
#482=EDGE_CURVE('',#569,#568,#51,.T.);
#483=EDGE_CURVE('',#567,#569,#645,.T.);
#484=EDGE_CURVE('',#568,#570,#646,.T.);
#485=EDGE_CURVE('',#571,#570,#52,.T.);
#486=EDGE_CURVE('',#569,#571,#647,.T.);
#487=EDGE_CURVE('',#570,#572,#648,.T.);
#488=EDGE_CURVE('',#573,#572,#53,.T.);
#489=EDGE_CURVE('',#571,#573,#649,.T.);
#490=EDGE_CURVE('',#572,#554,#650,.T.);
#491=EDGE_CURVE('',#573,#557,#651,.T.);
#492=EDGE_CURVE('',#537,#552,#652,.T.);
#493=EDGE_CURVE('',#539,#553,#653,.T.);
#494=VERTEX_POINT('',#936);
#495=VERTEX_POINT('',#937);
#496=VERTEX_POINT('',#957);
#497=VERTEX_POINT('',#995);
#498=VERTEX_POINT('',#1013);
#499=VERTEX_POINT('',#1084);
#500=VERTEX_POINT('',#1109);
#501=VERTEX_POINT('',#1174);
#502=VERTEX_POINT('',#1234);
#503=VERTEX_POINT('',#1308);
#504=VERTEX_POINT('',#1309);
#505=VERTEX_POINT('',#1340);
#506=VERTEX_POINT('',#1406);
#507=VERTEX_POINT('',#1472);
#508=VERTEX_POINT('',#1496);
#509=VERTEX_POINT('',#1564);
#510=VERTEX_POINT('',#1584);
#511=VERTEX_POINT('',#1623);
#512=VERTEX_POINT('',#1665);
#513=VERTEX_POINT('',#1666);
#514=VERTEX_POINT('',#1677);
#515=VERTEX_POINT('',#1679);
#516=VERTEX_POINT('',#1745);
#517=VERTEX_POINT('',#1746);
#518=VERTEX_POINT('',#1860);
#519=VERTEX_POINT('',#1906);
#520=VERTEX_POINT('',#1953);
#521=VERTEX_POINT('',#2040);
#522=VERTEX_POINT('',#2083);
#523=VERTEX_POINT('',#2227);
#524=VERTEX_POINT('',#2281);
#525=VERTEX_POINT('',#2427);
#526=VERTEX_POINT('',#2560);
#527=VERTEX_POINT('',#2760);
#528=VERTEX_POINT('',#2806);
#529=VERTEX_POINT('',#2835);
#530=VERTEX_POINT('',#2903);
#531=VERTEX_POINT('',#2967);
#532=VERTEX_POINT('',#3062);
#533=VERTEX_POINT('',#3155);
#534=VERTEX_POINT('',#3264);
#535=VERTEX_POINT('',#3401);
#536=VERTEX_POINT('',#3597);
#537=VERTEX_POINT('',#3598);
#538=VERTEX_POINT('',#3600);
#539=VERTEX_POINT('',#3629);
#540=VERTEX_POINT('',#3762);
#541=VERTEX_POINT('',#3764);
#542=VERTEX_POINT('',#3968);
#543=VERTEX_POINT('',#3970);
#544=VERTEX_POINT('',#4087);
#545=VERTEX_POINT('',#4089);
#546=VERTEX_POINT('',#4256);
#547=VERTEX_POINT('',#4258);
#548=VERTEX_POINT('',#4370);
#549=VERTEX_POINT('',#4372);
#550=VERTEX_POINT('',#4475);
#551=VERTEX_POINT('',#4477);
#552=VERTEX_POINT('',#4560);
#553=VERTEX_POINT('',#4562);
#554=VERTEX_POINT('',#4632);
#555=VERTEX_POINT('',#4633);
#556=VERTEX_POINT('',#4635);
#557=VERTEX_POINT('',#4660);
#558=VERTEX_POINT('',#4781);
#559=VERTEX_POINT('',#4783);
#560=VERTEX_POINT('',#4886);
#561=VERTEX_POINT('',#4888);
#562=VERTEX_POINT('',#4984);
#563=VERTEX_POINT('',#4986);
#564=VERTEX_POINT('',#5064);
#565=VERTEX_POINT('',#5066);
#566=VERTEX_POINT('',#5162);
#567=VERTEX_POINT('',#5164);
#568=VERTEX_POINT('',#5292);
#569=VERTEX_POINT('',#5294);
#570=VERTEX_POINT('',#5402);
#571=VERTEX_POINT('',#5404);
#572=VERTEX_POINT('',#5624);
#573=VERTEX_POINT('',#5626);
#574=B_SPLINE_CURVE_WITH_KNOTS('',3,(#891,#892,#893,#894,#895,#896,#897,
#898,#899,#900,#901,#902,#903,#904,#905,#906,#907,#908,#909,#910,#911,#912,
#913,#914,#915,#916,#917,#918,#919,#920,#921,#922,#923,#924,#925,#926,#927,
#928,#929,#930,#931,#932,#933,#934,#935),.UNSPECIFIED.,.F.,.F.,(4,1,1,1,
1,1,1,1,1,1,1,1,1,1,1,1,1,1,1,1,1,1,1,1,1,1,1,1,1,1,1,1,1,1,1,1,1,1,1,1,
1,1,4),(0.858993625334341,0.861064486063595,0.863135346792849,0.864170777157477,
0.865206207522103,0.867277068251358,0.869347928980612,0.871418789709866,
0.875560511168374,0.879702232626882,0.88384395408539,0.887985675543898,
0.892127397002406,0.896269118460914,0.900410839919422,0.902481700648676,
0.90455256137793,0.906623422107184,0.908694282836438,0.910765143565692,
0.911800573930319,0.912836004294946,0.913871434659573,0.9149068650242,0.916977725753454,
0.919048586482708,0.921119447211962,0.923190307941216,0.925261168670471,
0.929402890128979,0.933544611587487,0.937686333045995,0.941828054504503,
0.945969775963011,0.950111497421519,0.952182358150773,0.954253218880027,
0.958394940338535,0.962536661797043,0.966678383255551,0.974961826172568,
0.983245269089584,0.9915287120066),.UNSPECIFIED.);
#575=B_SPLINE_CURVE_WITH_KNOTS('',3,(#938,#939,#940,#941,#942,#943,#944,
#945,#946,#947,#948,#949,#950,#951,#952,#953,#954,#955,#956),
 .UNSPECIFIED.,.F.,.F.,(4,1,1,1,1,1,1,1,1,1,1,1,1,1,1,1,4),(0.163502905688124,
0.165092256962569,0.166681608237014,0.169860310785904,0.173039013334794,
0.176217715883685,0.179396418432575,0.182575120981465,0.188932526079245,
0.195289931177026,0.201647336274806,0.208004741372587,0.214362146470367,
0.227076956665928,0.239791766861489,0.252506577057049,0.26522138725261),
 .UNSPECIFIED.);
#576=B_SPLINE_CURVE_WITH_KNOTS('',3,(#958,#959,#960,#961,#962,#963,#964,
#965,#966,#967,#968,#969,#970,#971,#972,#973,#974,#975,#976,#977,#978,#979,
#980,#981,#982,#983,#984,#985,#986,#987,#988,#989,#990,#991,#992,#993,#994),
 .UNSPECIFIED.,.F.,.F.,(4,1,1,1,1,1,1,1,1,1,1,1,1,1,1,1,1,1,1,1,1,1,1,1,
1,1,1,1,1,1,1,1,1,1,4),(0.452237492361367,0.456189272260693,0.460141052160018,
0.464092832059344,0.46804461195867,0.475948171757321,0.483851731555973,
0.491755291354624,0.499658851153276,0.507562410951927,0.515465970750578,
0.531273090347881,0.547080209945184,0.562887329542487,0.57869444913979,
0.594501568737093,0.610308688334396,0.626115807931698,0.641922927529001,
0.657730047126304,0.665633606924956,0.673537166723607,0.68934428632091,
0.705151405918213,0.736765645112818,0.768379884307424,0.79999412350203,
0.831608362696635,0.847415482293938,0.863222601891241,0.879029721488544,
0.894836841085847,0.91064396068315,0.926451080280452,0.958065319475058),
 .UNSPECIFIED.);
#577=B_SPLINE_CURVE_WITH_KNOTS('',3,(#996,#997,#998,#999,#1000,#1001,#1002,
#1003,#1004,#1005,#1006,#1007,#1008,#1009,#1010,#1011,#1012),
 .UNSPECIFIED.,.F.,.F.,(4,1,1,1,1,1,1,1,1,1,1,1,1,1,4),(0.0133307030683097,
0.0417906249665701,0.0702505468648306,0.0987104687630911,0.127170390661352,
0.141400351610482,0.155630312559612,0.169860273508742,0.176975253983307,
0.184090234457873,0.191205214932438,0.198320195407003,0.212550156356133,
0.226780117305263,0.241010078254393),.UNSPECIFIED.);
#578=B_SPLINE_CURVE_WITH_KNOTS('',3,(#1014,#1015,#1016,#1017,#1018,#1019,
#1020,#1021,#1022,#1023,#1024,#1025,#1026,#1027,#1028,#1029,#1030,#1031,
#1032,#1033,#1034,#1035,#1036,#1037,#1038,#1039,#1040,#1041,#1042,#1043,
#1044,#1045,#1046,#1047,#1048,#1049,#1050,#1051,#1052,#1053,#1054,#1055,
#1056,#1057,#1058,#1059,#1060,#1061,#1062,#1063,#1064,#1065,#1066,#1067,
#1068,#1069,#1070,#1071,#1072,#1073,#1074,#1075,#1076,#1077,#1078,#1079,
#1080,#1081,#1082,#1083),.UNSPECIFIED.,.F.,.F.,(4,1,1,1,1,1,1,1,1,1,1,1,
1,1,1,1,1,1,1,1,1,1,1,1,1,1,1,1,1,1,1,1,1,1,1,1,1,1,1,1,1,1,1,1,1,1,1,1,
1,1,1,1,1,1,1,1,1,1,1,1,1,1,1,1,1,1,1,4),(0.305290204051402,0.31095892660865,
0.316627649165898,0.322296371723146,0.32513073300177,0.327965094280394,
0.333633816837643,0.339302539394891,0.344971261952138,0.350639984509386,
0.361977429623883,0.37331487473838,0.378983597295628,0.384652319852876,
0.390321042410123,0.393155403688748,0.395989764967372,0.398824126245996,
0.40165848752462,0.407327210081868,0.412995932639116,0.418664655196364,
0.430002100310861,0.441339545425357,0.452676990539853,0.46401443565435,
0.475351880768846,0.486689325883342,0.49235804844059,0.498026770997838,
0.503695493555087,0.509364216112335,0.520701661226831,0.532039106341327,
0.55471399657032,0.577388886799312,0.600063777028305,0.622738667257297,
0.634076112371794,0.64541355748629,0.656751002600786,0.662419725158034,
0.668088447715282,0.679425892829779,0.690763337944275,0.713438228173268,
0.73611311840226,0.758788008631253,0.781462898860245,0.804137789089238,
0.82681267931823,0.849487569547223,0.872162459776215,0.894837350005208,
0.9175122402342,0.940187130463193,0.962862020692186,0.974199465806682,0.985536910921178,
0.991205633478426,0.996874356035674,0.998291536674986,0.999708717314298,
1.00254307859292,1.00537743987155,1.00821180115017,1.01954924626467,1.03088669137916),
 .UNSPECIFIED.);
#579=B_SPLINE_CURVE_WITH_KNOTS('',3,(#1085,#1086,#1087,#1088,#1089,#1090,
#1091,#1092,#1093,#1094,#1095,#1096,#1097,#1098,#1099,#1100,#1101,#1102,
#1103,#1104,#1105,#1106,#1107,#1108),.UNSPECIFIED.,.F.,.F.,(4,1,1,1,1,1,
1,1,1,1,1,1,1,1,1,1,1,1,1,1,1,4),(-0.00788423703551837,-0.00305394612532288,
0.0017763447848726,0.00660663569506809,0.0114369266052636,0.0210975084256546,
0.0307580902460455,0.0404186720664365,0.045248962976632,0.0500792538868275,
0.0524943993419252,0.0549095447970229,0.0597398357072184,0.0645701266174139,
0.0694004175276094,0.0790609993480004,0.0887215811683913,0.0983821629887823,
0.108042744809173,0.127363908449955,0.137024490270346,0.146685072090737),
 .UNSPECIFIED.);
#580=B_SPLINE_CURVE_WITH_KNOTS('',3,(#1110,#1111,#1112,#1113,#1114,#1115,
#1116,#1117,#1118,#1119,#1120,#1121,#1122,#1123,#1124,#1125,#1126,#1127,
#1128,#1129,#1130,#1131,#1132,#1133,#1134,#1135,#1136,#1137,#1138,#1139,
#1140,#1141,#1142,#1143,#1144,#1145,#1146,#1147,#1148,#1149,#1150,#1151,
#1152,#1153,#1154,#1155,#1156,#1157,#1158,#1159,#1160,#1161,#1162,#1163,
#1164,#1165,#1166,#1167,#1168,#1169,#1170,#1171,#1172,#1173),
 .UNSPECIFIED.,.F.,.F.,(4,1,1,1,1,1,1,1,1,1,1,1,1,1,1,1,1,1,1,1,1,1,1,1,
1,1,1,1,1,1,1,1,1,1,1,1,1,1,1,1,1,1,1,1,1,1,1,1,1,1,1,1,1,1,1,1,1,1,1,1,
1,4),(0.191965793584085,0.203700356153051,0.209567637437534,0.215434918722017,
0.218368559364258,0.221302200006499,0.227169481290982,0.238904043859948,
0.250638606428913,0.256505887713395,0.262373168997878,0.268240450282361,
0.274107731566844,0.277041372209086,0.279975012851327,0.285842294135809,
0.291709575420293,0.297576856704775,0.300510497347017,0.303444137989258,
0.3063777786315,0.30931141927374,0.312245059915982,0.313711880237103,0.315178700558224,
0.316645520879344,0.318112341200465,0.319579161521585,0.321045981842706,
0.321779392003266,0.322512802163827,0.323246212324387,0.323979622484948,
0.324713032645508,0.325446442806068,0.326179852966628,0.326913263127189,
0.327646673287749,0.328380083448309,0.329846903769431,0.331313724090551,
0.332780544411671,0.334247364732792,0.335714185053913,0.338647825696155,
0.341581466338396,0.344515106980637,0.347448747622879,0.35038238826512,
0.356249669549602,0.359183310191844,0.362116950834086,0.365050591476327,
0.367984232118569,0.369451052439689,0.37091787276081,0.372384693081931,
0.373851513403051,0.375318333724172,0.376785154045293,0.378251974366413,
0.379718794687534),.UNSPECIFIED.);
#581=B_SPLINE_CURVE_WITH_KNOTS('',3,(#1175,#1176,#1177,#1178,#1179,#1180,
#1181,#1182,#1183,#1184,#1185,#1186,#1187,#1188,#1189,#1190,#1191,#1192,
#1193,#1194,#1195,#1196,#1197,#1198,#1199,#1200,#1201,#1202,#1203,#1204,
#1205,#1206,#1207,#1208,#1209,#1210,#1211,#1212,#1213,#1214,#1215,#1216,
#1217,#1218,#1219,#1220,#1221,#1222,#1223,#1224,#1225,#1226,#1227,#1228,
#1229,#1230,#1231,#1232,#1233),.UNSPECIFIED.,.F.,.F.,(4,1,1,1,1,1,1,1,1,
1,1,1,1,1,1,1,1,1,1,1,1,1,1,1,1,1,1,1,1,1,1,1,1,1,1,1,1,1,1,1,1,1,1,1,1,
1,1,1,1,1,1,1,1,1,1,1,4),(0.387213798343764,0.39107877812007,0.394943757896375,
0.402673717448988,0.4104036770016,0.414268656777906,0.418133636554211,0.421998616330517,
0.425863596106823,0.429728575883129,0.433593555659435,0.441323515212047,
0.449053474764659,0.452918454540965,0.456783434317271,0.460648414093577,
0.46258090398173,0.464513393869882,0.468378373646188,0.472243353422494,
0.479973312975106,0.487703272527718,0.49543323208033,0.503163191632942,
0.507028171409248,0.510893151185554,0.51475813096186,0.518623110738166,
0.522488090514472,0.526353070290777,0.534083029843389,0.541812989396001,
0.549542948948613,0.557272908501225,0.565002868053837,0.568867847830143,
0.572732827606449,0.58046278715906,0.588192746711672,0.592057726487978,
0.595922706264284,0.59978768604059,0.603652665816896,0.607517645593202,
0.611382625369508,0.613315115257661,0.615247605145814,0.617180095033967,
0.61911258492212,0.621045074810273,0.622977564698426,0.624910054586579,
0.626842544474732,0.628775034362885,0.630707524251038,0.632640014139191,
0.634572504027343),.UNSPECIFIED.);
#582=B_SPLINE_CURVE_WITH_KNOTS('',3,(#1235,#1236,#1237,#1238,#1239,#1240,
#1241,#1242,#1243,#1244,#1245,#1246,#1247,#1248,#1249,#1250,#1251,#1252,
#1253,#1254,#1255,#1256,#1257,#1258,#1259,#1260,#1261,#1262),
 .UNSPECIFIED.,.F.,.F.,(4,1,1,1,1,1,1,1,1,1,1,1,1,1,1,1,1,1,1,1,1,1,1,1,
1,4),(0.707716180815979,0.709522539935971,0.710425719495967,0.711328899055963,
0.713135258175954,0.714941617295946,0.718554335535929,0.722167053775912,
0.725779772015896,0.729392490255879,0.736617926735846,0.743843363215812,
0.751068799695779,0.758294236175745,0.765519672655712,0.772745109135678,
0.779970545615645,0.787195982095611,0.794421418575578,0.801646855055544,
0.808872291535511,0.812485009775494,0.816097728015477,0.817904087135469,
0.819710446255461,0.823323164495444),.UNSPECIFIED.);
#583=B_SPLINE_CURVE_WITH_KNOTS('',3,(#1263,#1264,#1265,#1266,#1267,#1268,
#1269,#1270,#1271,#1272,#1273,#1274,#1275,#1276,#1277,#1278,#1279,#1280,
#1281,#1282,#1283,#1284,#1285,#1286,#1287,#1288,#1289,#1290,#1291,#1292,
#1293,#1294,#1295,#1296,#1297,#1298,#1299,#1300,#1301,#1302,#1303,#1304,
#1305,#1306,#1307),.UNSPECIFIED.,.F.,.F.,(4,1,1,1,1,1,1,1,1,1,1,1,1,1,1,
1,1,1,1,1,1,1,1,1,1,1,1,1,1,1,1,1,1,1,1,1,1,1,1,1,1,1,4),(0.858285375282913,
0.860381619638143,0.862477863993373,0.863525986170988,0.864574108348603,
0.866670352703833,0.868766597059063,0.870862841414293,0.875055330124753,
0.879247818835213,0.883440307545673,0.887632796256133,0.891825284966592,
0.896017773677052,0.900210262387512,0.902306506742742,0.904402751097972,
0.906498995453202,0.908595239808432,0.910691484163662,0.911739606341277,
0.912787728518892,0.914883972874122,0.916980217229352,0.919076461584582,
0.921172705939812,0.923268950295042,0.925365194650272,0.929557683360732,
0.933750172071192,0.937942660781652,0.942135149492112,0.946327638202572,
0.948423882557802,0.950520126913032,0.952616371268262,0.954712615623492,
0.958905104333952,0.963097593044412,0.967290081754872,0.975675059175792,
0.984060036596712,0.992445014017632),.UNSPECIFIED.);
#584=B_SPLINE_CURVE_WITH_KNOTS('',3,(#1310,#1311,#1312,#1313,#1314,#1315,
#1316,#1317,#1318,#1319,#1320,#1321,#1322,#1323,#1324,#1325,#1326,#1327,
#1328,#1329,#1330,#1331,#1332,#1333,#1334,#1335,#1336,#1337,#1338,#1339),
 .UNSPECIFIED.,.F.,.F.,(4,1,1,1,1,1,1,1,1,1,1,1,1,1,1,1,1,1,1,1,1,1,1,1,
1,1,1,4),(0.705928859329534,0.707780943642586,0.708706985799112,0.709633027955638,
0.710559070112165,0.71148511226869,0.713337196581742,0.715189280894794,
0.717041365207846,0.72074553383395,0.724449702460054,0.728153871086158,
0.731858039712262,0.735562208338366,0.742970545590574,0.750378882842781,
0.757787220094989,0.765195557347197,0.772603894599405,0.780012231851613,
0.787420569103821,0.794828906356029,0.802237243608236,0.809645580860444,
0.813349749486548,0.817053918112652,0.820758086738756,0.82446225536486),
 .UNSPECIFIED.);
#585=B_SPLINE_CURVE_WITH_KNOTS('',3,(#1341,#1342,#1343,#1344,#1345,#1346,
#1347,#1348,#1349,#1350,#1351,#1352,#1353,#1354,#1355,#1356,#1357,#1358,
#1359,#1360,#1361,#1362,#1363,#1364,#1365,#1366,#1367,#1368,#1369,#1370,
#1371,#1372,#1373,#1374,#1375,#1376,#1377,#1378,#1379,#1380,#1381,#1382,
#1383,#1384,#1385,#1386,#1387,#1388,#1389,#1390,#1391,#1392,#1393,#1394,
#1395,#1396,#1397,#1398,#1399,#1400,#1401,#1402,#1403,#1404,#1405),
 .UNSPECIFIED.,.F.,.F.,(4,1,1,1,1,1,1,1,1,1,1,1,1,1,1,1,1,1,1,1,1,1,1,1,
1,1,1,1,1,1,1,1,1,1,1,1,1,1,1,1,1,1,1,1,1,1,1,1,1,1,1,1,1,1,1,1,1,1,1,1,
1,1,4),(0.386801695442055,0.390783856879529,0.394766018317002,0.398748179754476,
0.40273034119195,0.410694664066897,0.414676825504372,0.418658986941845,
0.422641148379319,0.424632229098056,0.426623309816793,0.430605471254267,
0.43458763269174,0.442551955566687,0.450516278441635,0.454498439879109,
0.458480601316583,0.46047168203532,0.462462762754057,0.46644492419153,0.470427085629004,
0.474409247066478,0.482373569941425,0.490337892816373,0.498302215691321,
0.502284377128794,0.506266538566268,0.510248700003742,0.514230861441216,
0.518213022878689,0.522195184316163,0.530159507191111,0.538123830066058,
0.546088152941006,0.554052475815953,0.562016798690901,0.565998960128375,
0.569981121565848,0.573963283003322,0.577945444440796,0.585909767315743,
0.589891928753217,0.593874090190691,0.597856251628165,0.601838413065639,
0.605820574503112,0.609802735940586,0.611793816659323,0.61378489737806,
0.615775978096797,0.617767058815534,0.61975813953427,0.621749220253007,
0.623740300971744,0.625731381690481,0.627722462409218,0.629713543127955,
0.631704623846692,0.63270016420606,0.633695704565429,0.635686785284165,
0.637677866002902,0.641660027440376),.UNSPECIFIED.);
#586=B_SPLINE_CURVE_WITH_KNOTS('',3,(#1407,#1408,#1409,#1410,#1411,#1412,
#1413,#1414,#1415,#1416,#1417,#1418,#1419,#1420,#1421,#1422,#1423,#1424,
#1425,#1426,#1427,#1428,#1429,#1430,#1431,#1432,#1433,#1434,#1435,#1436,
#1437,#1438,#1439,#1440,#1441,#1442,#1443,#1444,#1445,#1446,#1447,#1448,
#1449,#1450,#1451,#1452,#1453,#1454,#1455,#1456,#1457,#1458,#1459,#1460,
#1461,#1462,#1463,#1464,#1465,#1466,#1467,#1468,#1469,#1470,#1471),
 .UNSPECIFIED.,.F.,.F.,(4,1,1,1,1,1,1,1,1,1,1,1,1,1,1,1,1,1,1,1,1,1,1,1,
1,1,1,1,1,1,1,1,1,1,1,1,1,1,1,1,1,1,1,1,1,1,1,1,1,1,1,1,1,1,1,1,1,1,1,1,
1,1,4),(0.190426845314963,0.202267259795269,0.208187467035423,0.214107674275576,
0.220027881515729,0.222987985135807,0.225948088755883,0.231868295996037,
0.23778850323619,0.249628917716496,0.255549124956649,0.261469332196803,
0.267389539436956,0.273309746677109,0.276269850297186,0.279229953917263,
0.285150161157416,0.29107036839757,0.296990575637722,0.2999506792578,0.302910782877876,
0.305870886497953,0.30883099011803,0.311791093738106,0.313271145548144,
0.314751197358182,0.316231249168221,0.317711300978259,0.319191352788297,
0.320671404598336,0.321411430503355,0.322151456408375,0.322891482313393,
0.323631508218413,0.324371534123432,0.325111560028451,0.32585158593347,
0.32659161183849,0.327331637743508,0.328071663648528,0.329551715458566,
0.331031767268605,0.332511819078642,0.333991870888681,0.33547192269872,
0.338432026318796,0.341392129938872,0.344352233558949,0.347312337179026,
0.350272440799103,0.356192648039256,0.359152751659332,0.362112855279409,
0.365072958899486,0.368033062519563,0.369513114329601,0.370993166139639,
0.372473217949678,0.373953269759716,0.375433321569754,0.376913373379792,
0.378393425189831,0.379873476999869),.UNSPECIFIED.);
#587=B_SPLINE_CURVE_WITH_KNOTS('',3,(#1473,#1474,#1475,#1476,#1477,#1478,
#1479,#1480,#1481,#1482,#1483,#1484,#1485,#1486,#1487,#1488,#1489,#1490,
#1491,#1492,#1493,#1494,#1495),.UNSPECIFIED.,.F.,.F.,(4,1,1,1,1,1,1,1,1,
1,1,1,1,1,1,1,1,1,1,1,4),(-0.00709581333196656,-0.00225375038650338,0.0025883125589598,
0.0122724384498862,0.0219565643408125,0.0316406902317389,0.0413248161226653,
0.0461668790681284,0.0510089420135916,0.0534299734863232,0.0558510049590548,
0.060693067904518,0.0655351308499811,0.0703771937954443,0.0800613196863707,
0.0897454455772971,0.10911369735915,0.118797823250076,0.128481949141002,
0.138166075031929,0.147850200922855),.UNSPECIFIED.);
#588=B_SPLINE_CURVE_WITH_KNOTS('',3,(#1497,#1498,#1499,#1500,#1501,#1502,
#1503,#1504,#1505,#1506,#1507,#1508,#1509,#1510,#1511,#1512,#1513,#1514,
#1515,#1516,#1517,#1518,#1519,#1520,#1521,#1522,#1523,#1524,#1525,#1526,
#1527,#1528,#1529,#1530,#1531,#1532,#1533,#1534,#1535,#1536,#1537,#1538,
#1539,#1540,#1541,#1542,#1543,#1544,#1545,#1546,#1547,#1548,#1549,#1550,
#1551,#1552,#1553,#1554,#1555,#1556,#1557,#1558,#1559,#1560,#1561,#1562,
#1563),.UNSPECIFIED.,.F.,.F.,(4,1,1,1,1,1,1,1,1,1,1,1,1,1,1,1,1,1,1,1,1,
1,1,1,1,1,1,1,1,1,1,1,1,1,1,1,1,1,1,1,1,1,1,1,1,1,1,1,1,1,1,1,1,1,1,1,1,
1,1,1,1,1,1,1,4),(0.303438605082539,0.309097663029092,0.314756720975644,
0.320415778922196,0.323245307895472,0.326074836868748,0.328904365842025,
0.331733894815301,0.337392952761854,0.343052010708406,0.348711068654958,
0.354370126601511,0.360029184548063,0.371347300441168,0.382665416334273,
0.388324474280825,0.393983532227378,0.39964259017393,0.405301648120483,
0.410960706067035,0.416619764013587,0.427937879906692,0.439255995799797,
0.450574111692902,0.461892227586006,0.473210343479111,0.484528459372216,
0.490187517318768,0.495846575265321,0.501505633211873,0.507164691158426,
0.51848280705153,0.529800922944635,0.552437154730845,0.575073386517055,
0.597709618303264,0.620345850089474,0.642982081875683,0.654300197768788,
0.665618313661893,0.676936429554998,0.688254545448103,0.710890777234312,
0.733527009020522,0.756163240806731,0.778799472592941,0.801435704379151,
0.82407193616536,0.84670816795157,0.869344399737779,0.891980631523989,0.914616863310199,
0.937253095096408,0.959889326882618,0.971207442775723,0.982525558668828,
0.98818461661538,0.993843674561932,0.996673203535209,0.999502732508485,
1.00233226148176,1.00516179045504,1.01082084840159,1.01647990634814,1.02779802224125),
 .UNSPECIFIED.);
#589=B_SPLINE_CURVE_WITH_KNOTS('',3,(#1565,#1566,#1567,#1568,#1569,#1570,
#1571,#1572,#1573,#1574,#1575,#1576,#1577,#1578,#1579,#1580,#1581,#1582,
#1583),.UNSPECIFIED.,.F.,.F.,(4,1,1,1,1,1,1,1,1,1,1,1,1,1,1,1,4),(0.011932846539753,
0.0409626580090148,0.0699924694782766,0.0990222809475384,0.113537186682169,
0.1280520924168,0.142566998151431,0.157081903886062,0.164339356753377,0.171596809620693,
0.178854262488008,0.186111715355324,0.193369168222639,0.200626621089954,
0.215141526824586,0.229656432559217,0.244171338293847),.UNSPECIFIED.);
#590=B_SPLINE_CURVE_WITH_KNOTS('',3,(#1585,#1586,#1587,#1588,#1589,#1590,
#1591,#1592,#1593,#1594,#1595,#1596,#1597,#1598,#1599,#1600,#1601,#1602,
#1603,#1604,#1605,#1606,#1607,#1608,#1609,#1610,#1611,#1612,#1613,#1614,
#1615,#1616,#1617,#1618,#1619,#1620,#1621,#1622),.UNSPECIFIED.,.F.,.F.,
(4,1,1,1,1,1,1,1,1,1,1,1,1,1,1,1,1,1,1,1,1,1,1,1,1,1,1,1,1,1,1,1,1,1,1,
4),(0.451073418377715,0.45507403558435,0.459074652790986,0.463075269997621,
0.467075887204257,0.475077121617528,0.483078356030799,0.49107959044407,
0.499080824857341,0.507082059270612,0.515083293683883,0.531085762510425,
0.547088231336967,0.563090700163509,0.579093168990052,0.595095637816594,
0.611098106643136,0.627100575469678,0.64310304429622,0.659105513122762,
0.675107981949304,0.691110450775846,0.707112919602388,0.739117857255473,
0.771122794908557,0.803127732561641,0.819130201388183,0.835132670214725,
0.851135139041268,0.86713760786781,0.875138842281081,0.883140076694352,
0.899142545520894,0.915145014347436,0.931147483173978,0.963152420827062),
 .UNSPECIFIED.);
#591=B_SPLINE_CURVE_WITH_KNOTS('',3,(#1624,#1625,#1626,#1627,#1628,#1629,
#1630,#1631,#1632,#1633,#1634,#1635,#1636,#1637,#1638,#1639,#1640,#1641,
#1642,#1643),.UNSPECIFIED.,.F.,.F.,(4,1,1,1,1,1,1,1,1,1,1,1,1,1,1,1,1,4),
(0.162830965823437,0.164477949054305,0.166124932285172,0.167771915516041,
0.169418898746908,0.172712865208644,0.176006831670379,0.179300798132114,
0.18259476459385,0.189182697517321,0.195770630440792,0.202358563364263,
0.208946496287734,0.215534429211205,0.228710295058147,0.241886160905088,
0.25506202675203,0.268237892598972),.UNSPECIFIED.);
#592=B_SPLINE_CURVE_WITH_KNOTS('',3,(#1667,#1668,#1669,#1670,#1671,#1672,
#1673,#1674,#1675,#1676),.UNSPECIFIED.,.F.,.F.,(4,1,1,1,1,1,1,4),(0.,0.0950261642844115,
0.162962675316671,0.351488826198367,0.443878602443968,0.669039319172563,
0.871009629020716,1.),.UNSPECIFIED.);
#593=B_SPLINE_CURVE_WITH_KNOTS('',3,(#1680,#1681,#1682,#1683,#1684,#1685,
#1686,#1687,#1688,#1689),.UNSPECIFIED.,.F.,.F.,(4,1,1,1,1,1,1,4),(0.,0.0950261642844115,
0.162962675316671,0.351488826198367,0.443878602443968,0.669039319172563,
0.871009629020716,1.),.UNSPECIFIED.);
#594=B_SPLINE_CURVE_WITH_KNOTS('',3,(#1747,#1748,#1749,#1750,#1751,#1752,
#1753,#1754,#1755,#1756,#1757,#1758,#1759,#1760,#1761,#1762,#1763,#1764,
#1765,#1766,#1767,#1768,#1769,#1770,#1771,#1772,#1773),.UNSPECIFIED.,.F.,
 .F.,(4,1,1,1,1,1,1,1,1,1,1,1,1,1,1,1,1,1,1,1,1,1,1,1,4),(0.,0.051920411545335,
0.156305810996759,0.170745708747686,0.220372260319164,0.275404869247826,
0.326956873487756,0.373406914507282,0.383706369368777,0.423889462275099,
0.461444724361653,0.512580499750415,0.569972250842022,0.618655888694354,
0.633375406017779,0.660574048878396,0.683877288955917,0.709730614865097,
0.782209808844613,0.818920194738768,0.842326631561483,0.864059019214493,
0.911548736297282,0.95064075821053,1.),.UNSPECIFIED.);
#595=B_SPLINE_CURVE_WITH_KNOTS('',3,(#1774,#1775,#1776,#1777,#1778,#1779,
#1780,#1781,#1782,#1783,#1784,#1785,#1786,#1787,#1788,#1789,#1790,#1791,
#1792,#1793,#1794,#1795,#1796,#1797,#1798,#1799,#1800),.UNSPECIFIED.,.F.,
 .F.,(4,1,1,1,1,1,1,1,1,1,1,1,1,1,1,1,1,1,1,1,1,1,1,1,4),(0.,0.051920411545335,
0.156305810996759,0.170745708747686,0.220372260319164,0.275404869247826,
0.326956873487756,0.373406914507282,0.383706369368777,0.423889462275099,
0.461444724361653,0.512580499750415,0.569972250842022,0.618655888694354,
0.633375406017779,0.660574048878396,0.683877288955917,0.709730614865097,
0.782209808844613,0.818920194738768,0.842326631561483,0.864059019214493,
0.911548736297282,0.95064075821053,1.),.UNSPECIFIED.);
#596=B_SPLINE_CURVE_WITH_KNOTS('',3,(#1861,#1862,#1863,#1864,#1865,#1866,
#1867,#1868,#1869,#1870,#1871,#1872,#1873,#1874,#1875,#1876,#1877,#1878,
#1879,#1880,#1881,#1882,#1883,#1884,#1885,#1886,#1887,#1888,#1889,#1890,
#1891,#1892,#1893,#1894,#1895,#1896,#1897,#1898,#1899,#1900,#1901,#1902,
#1903,#1904,#1905),.UNSPECIFIED.,.F.,.F.,(4,1,1,1,1,1,1,1,1,1,1,1,1,1,1,
1,1,1,1,1,1,1,1,1,1,1,1,1,1,1,1,1,1,1,1,1,1,1,1,1,1,1,4),(0.858993625334341,
0.861064486063595,0.863135346792849,0.864170777157477,0.865206207522103,
0.867277068251358,0.869347928980612,0.871418789709866,0.875560511168374,
0.879702232626882,0.88384395408539,0.887985675543898,0.892127397002406,
0.896269118460914,0.900410839919422,0.902481700648676,0.90455256137793,
0.906623422107184,0.908694282836438,0.910765143565692,0.911800573930319,
0.912836004294946,0.913871434659573,0.9149068650242,0.916977725753454,0.919048586482708,
0.921119447211962,0.923190307941216,0.925261168670471,0.929402890128979,
0.933544611587487,0.937686333045995,0.941828054504503,0.945969775963011,
0.950111497421519,0.952182358150773,0.954253218880027,0.958394940338535,
0.962536661797043,0.966678383255551,0.974961826172568,0.983245269089584,
0.9915287120066),.UNSPECIFIED.);
#597=B_SPLINE_CURVE_WITH_KNOTS('',3,(#1934,#1935,#1936,#1937,#1938,#1939,
#1940,#1941,#1942,#1943,#1944,#1945,#1946,#1947,#1948,#1949,#1950,#1951,
#1952),.UNSPECIFIED.,.F.,.F.,(4,1,1,1,1,1,1,1,1,1,1,1,1,1,1,1,4),(0.163502905688124,
0.165092256962569,0.166681608237014,0.169860310785904,0.173039013334794,
0.176217715883685,0.179396418432575,0.182575120981465,0.188932526079245,
0.195289931177026,0.201647336274806,0.208004741372587,0.214362146470367,
0.227076956665928,0.239791766861489,0.252506577057049,0.26522138725261),
 .UNSPECIFIED.);
#598=B_SPLINE_CURVE_WITH_KNOTS('',3,(#2003,#2004,#2005,#2006,#2007,#2008,
#2009,#2010,#2011,#2012,#2013,#2014,#2015,#2016,#2017,#2018,#2019,#2020,
#2021,#2022,#2023,#2024,#2025,#2026,#2027,#2028,#2029,#2030,#2031,#2032,
#2033,#2034,#2035,#2036,#2037,#2038,#2039),.UNSPECIFIED.,.F.,.F.,(4,1,1,
1,1,1,1,1,1,1,1,1,1,1,1,1,1,1,1,1,1,1,1,1,1,1,1,1,1,1,1,1,1,1,4),(0.452237492361367,
0.456189272260693,0.460141052160018,0.464092832059344,0.46804461195867,
0.475948171757321,0.483851731555973,0.491755291354624,0.499658851153276,
0.507562410951927,0.515465970750578,0.531273090347881,0.547080209945184,
0.562887329542487,0.57869444913979,0.594501568737093,0.610308688334396,
0.626115807931698,0.641922927529001,0.657730047126304,0.665633606924956,
0.673537166723607,0.68934428632091,0.705151405918213,0.736765645112818,
0.768379884307424,0.79999412350203,0.831608362696635,0.847415482293938,
0.863222601891241,0.879029721488544,0.894836841085847,0.91064396068315,
0.926451080280452,0.958065319475058),.UNSPECIFIED.);
#599=B_SPLINE_CURVE_WITH_KNOTS('',3,(#2066,#2067,#2068,#2069,#2070,#2071,
#2072,#2073,#2074,#2075,#2076,#2077,#2078,#2079,#2080,#2081,#2082),
 .UNSPECIFIED.,.F.,.F.,(4,1,1,1,1,1,1,1,1,1,1,1,1,1,4),(0.0133307030683097,
0.0417906249665701,0.0702505468648306,0.0987104687630911,0.127170390661352,
0.141400351610482,0.155630312559612,0.169860273508742,0.176975253983307,
0.184090234457873,0.191205214932438,0.198320195407003,0.212550156356133,
0.226780117305263,0.241010078254393),.UNSPECIFIED.);
#600=B_SPLINE_CURVE_WITH_KNOTS('',3,(#2157,#2158,#2159,#2160,#2161,#2162,
#2163,#2164,#2165,#2166,#2167,#2168,#2169,#2170,#2171,#2172,#2173,#2174,
#2175,#2176,#2177,#2178,#2179,#2180,#2181,#2182,#2183,#2184,#2185,#2186,
#2187,#2188,#2189,#2190,#2191,#2192,#2193,#2194,#2195,#2196,#2197,#2198,
#2199,#2200,#2201,#2202,#2203,#2204,#2205,#2206,#2207,#2208,#2209,#2210,
#2211,#2212,#2213,#2214,#2215,#2216,#2217,#2218,#2219,#2220,#2221,#2222,
#2223,#2224,#2225,#2226),.UNSPECIFIED.,.F.,.F.,(4,1,1,1,1,1,1,1,1,1,1,1,
1,1,1,1,1,1,1,1,1,1,1,1,1,1,1,1,1,1,1,1,1,1,1,1,1,1,1,1,1,1,1,1,1,1,1,1,
1,1,1,1,1,1,1,1,1,1,1,1,1,1,1,1,1,1,1,4),(0.305290204051402,0.31095892660865,
0.316627649165898,0.322296371723146,0.32513073300177,0.327965094280394,
0.333633816837643,0.339302539394891,0.344971261952138,0.350639984509386,
0.361977429623883,0.37331487473838,0.378983597295628,0.384652319852876,
0.390321042410123,0.393155403688748,0.395989764967372,0.398824126245996,
0.40165848752462,0.407327210081868,0.412995932639116,0.418664655196364,
0.430002100310861,0.441339545425357,0.452676990539853,0.46401443565435,
0.475351880768846,0.486689325883342,0.49235804844059,0.498026770997838,
0.503695493555087,0.509364216112335,0.520701661226831,0.532039106341327,
0.55471399657032,0.577388886799312,0.600063777028305,0.622738667257297,
0.634076112371794,0.64541355748629,0.656751002600786,0.662419725158034,
0.668088447715282,0.679425892829779,0.690763337944275,0.713438228173268,
0.73611311840226,0.758788008631253,0.781462898860245,0.804137789089238,
0.82681267931823,0.849487569547223,0.872162459776215,0.894837350005208,
0.9175122402342,0.940187130463193,0.962862020692186,0.974199465806682,0.985536910921178,
0.991205633478426,0.996874356035674,0.998291536674986,0.999708717314298,
1.00254307859292,1.00537743987155,1.00821180115017,1.01954924626467,1.03088669137916),
 .UNSPECIFIED.);
#601=B_SPLINE_CURVE_WITH_KNOTS('',3,(#2257,#2258,#2259,#2260,#2261,#2262,
#2263,#2264,#2265,#2266,#2267,#2268,#2269,#2270,#2271,#2272,#2273,#2274,
#2275,#2276,#2277,#2278,#2279,#2280),.UNSPECIFIED.,.F.,.F.,(4,1,1,1,1,1,
1,1,1,1,1,1,1,1,1,1,1,1,1,1,1,4),(-0.00788423703551837,-0.00305394612532288,
0.0017763447848726,0.00660663569506809,0.0114369266052636,0.0210975084256546,
0.0307580902460455,0.0404186720664365,0.045248962976632,0.0500792538868275,
0.0524943993419252,0.0549095447970229,0.0597398357072184,0.0645701266174139,
0.0694004175276094,0.0790609993480004,0.0887215811683913,0.0983821629887823,
0.108042744809173,0.127363908449955,0.137024490270346,0.146685072090737),
 .UNSPECIFIED.);
#602=B_SPLINE_CURVE_WITH_KNOTS('',3,(#2363,#2364,#2365,#2366,#2367,#2368,
#2369,#2370,#2371,#2372,#2373,#2374,#2375,#2376,#2377,#2378,#2379,#2380,
#2381,#2382,#2383,#2384,#2385,#2386,#2387,#2388,#2389,#2390,#2391,#2392,
#2393,#2394,#2395,#2396,#2397,#2398,#2399,#2400,#2401,#2402,#2403,#2404,
#2405,#2406,#2407,#2408,#2409,#2410,#2411,#2412,#2413,#2414,#2415,#2416,
#2417,#2418,#2419,#2420,#2421,#2422,#2423,#2424,#2425,#2426),
 .UNSPECIFIED.,.F.,.F.,(4,1,1,1,1,1,1,1,1,1,1,1,1,1,1,1,1,1,1,1,1,1,1,1,
1,1,1,1,1,1,1,1,1,1,1,1,1,1,1,1,1,1,1,1,1,1,1,1,1,1,1,1,1,1,1,1,1,1,1,1,
1,4),(0.191965793584085,0.203700356153051,0.209567637437534,0.215434918722017,
0.218368559364258,0.221302200006499,0.227169481290982,0.238904043859948,
0.250638606428913,0.256505887713395,0.262373168997878,0.268240450282361,
0.274107731566844,0.277041372209086,0.279975012851327,0.285842294135809,
0.291709575420293,0.297576856704775,0.300510497347017,0.303444137989258,
0.3063777786315,0.30931141927374,0.312245059915982,0.313711880237103,0.315178700558224,
0.316645520879344,0.318112341200465,0.319579161521585,0.321045981842706,
0.321779392003266,0.322512802163827,0.323246212324387,0.323979622484948,
0.324713032645508,0.325446442806068,0.326179852966628,0.326913263127189,
0.327646673287749,0.328380083448309,0.329846903769431,0.331313724090551,
0.332780544411671,0.334247364732792,0.335714185053913,0.338647825696155,
0.341581466338396,0.344515106980637,0.347448747622879,0.35038238826512,
0.356249669549602,0.359183310191844,0.362116950834086,0.365050591476327,
0.367984232118569,0.369451052439689,0.37091787276081,0.372384693081931,
0.373851513403051,0.375318333724172,0.376785154045293,0.378251974366413,
0.379718794687534),.UNSPECIFIED.);
#603=B_SPLINE_CURVE_WITH_KNOTS('',3,(#2501,#2502,#2503,#2504,#2505,#2506,
#2507,#2508,#2509,#2510,#2511,#2512,#2513,#2514,#2515,#2516,#2517,#2518,
#2519,#2520,#2521,#2522,#2523,#2524,#2525,#2526,#2527,#2528,#2529,#2530,
#2531,#2532,#2533,#2534,#2535,#2536,#2537,#2538,#2539,#2540,#2541,#2542,
#2543,#2544,#2545,#2546,#2547,#2548,#2549,#2550,#2551,#2552,#2553,#2554,
#2555,#2556,#2557,#2558,#2559),.UNSPECIFIED.,.F.,.F.,(4,1,1,1,1,1,1,1,1,
1,1,1,1,1,1,1,1,1,1,1,1,1,1,1,1,1,1,1,1,1,1,1,1,1,1,1,1,1,1,1,1,1,1,1,1,
1,1,1,1,1,1,1,1,1,1,1,4),(0.387213798343764,0.39107877812007,0.394943757896375,
0.402673717448988,0.4104036770016,0.414268656777906,0.418133636554211,0.421998616330517,
0.425863596106823,0.429728575883129,0.433593555659435,0.441323515212047,
0.449053474764659,0.452918454540965,0.456783434317271,0.460648414093577,
0.46258090398173,0.464513393869882,0.468378373646188,0.472243353422494,
0.479973312975106,0.487703272527718,0.49543323208033,0.503163191632942,
0.507028171409248,0.510893151185554,0.51475813096186,0.518623110738166,
0.522488090514472,0.526353070290777,0.534083029843389,0.541812989396001,
0.549542948948613,0.557272908501225,0.565002868053837,0.568867847830143,
0.572732827606449,0.58046278715906,0.588192746711672,0.592057726487978,
0.595922706264284,0.59978768604059,0.603652665816896,0.607517645593202,
0.611382625369508,0.613315115257661,0.615247605145814,0.617180095033967,
0.61911258492212,0.621045074810273,0.622977564698426,0.624910054586579,
0.626842544474732,0.628775034362885,0.630707524251038,0.632640014139191,
0.634572504027343),.UNSPECIFIED.);
#604=B_SPLINE_CURVE_WITH_KNOTS('',3,(#2596,#2597,#2598,#2599,#2600,#2601,
#2602,#2603,#2604,#2605,#2606,#2607,#2608,#2609,#2610,#2611,#2612,#2613,
#2614,#2615,#2616,#2617,#2618,#2619,#2620,#2621,#2622,#2623),
 .UNSPECIFIED.,.F.,.F.,(4,1,1,1,1,1,1,1,1,1,1,1,1,1,1,1,1,1,1,1,1,1,1,1,
1,4),(0.707716180815979,0.709522539935971,0.710425719495967,0.711328899055963,
0.713135258175954,0.714941617295946,0.718554335535929,0.722167053775912,
0.725779772015896,0.729392490255879,0.736617926735846,0.743843363215812,
0.751068799695779,0.758294236175745,0.765519672655712,0.772745109135678,
0.779970545615645,0.787195982095611,0.794421418575578,0.801646855055544,
0.808872291535511,0.812485009775494,0.816097728015477,0.817904087135469,
0.819710446255461,0.823323164495444),.UNSPECIFIED.);
#605=B_SPLINE_CURVE_WITH_KNOTS('',3,(#2678,#2679,#2680,#2681,#2682,#2683,
#2684,#2685,#2686,#2687,#2688),.UNSPECIFIED.,.F.,.F.,(4,1,1,1,1,1,1,1,4),
(0.,0.184570321530484,0.274966227821927,0.326254828847313,0.3960165182441,
0.496751642943815,0.666789257056756,0.858581454522145,1.),.UNSPECIFIED.);
#606=B_SPLINE_CURVE_WITH_KNOTS('',3,(#2689,#2690,#2691,#2692,#2693,#2694,
#2695,#2696,#2697,#2698,#2699),.UNSPECIFIED.,.F.,.F.,(4,1,1,1,1,1,1,1,4),
(0.,0.184570321530484,0.274966227821927,0.326254828847313,0.3960165182441,
0.496751642943815,0.666789257056756,0.858581454522145,1.),.UNSPECIFIED.);
#607=B_SPLINE_CURVE_WITH_KNOTS('',3,(#2761,#2762,#2763,#2764,#2765,#2766,
#2767,#2768,#2769,#2770,#2771,#2772,#2773,#2774,#2775,#2776,#2777,#2778,
#2779,#2780,#2781,#2782,#2783,#2784,#2785,#2786,#2787,#2788,#2789,#2790,
#2791,#2792,#2793,#2794,#2795,#2796,#2797,#2798,#2799,#2800,#2801,#2802,
#2803,#2804,#2805),.UNSPECIFIED.,.F.,.F.,(4,1,1,1,1,1,1,1,1,1,1,1,1,1,1,
1,1,1,1,1,1,1,1,1,1,1,1,1,1,1,1,1,1,1,1,1,1,1,1,1,1,1,4),(0.858285375282913,
0.860381619638143,0.862477863993373,0.863525986170988,0.864574108348603,
0.866670352703833,0.868766597059063,0.870862841414293,0.875055330124753,
0.879247818835213,0.883440307545673,0.887632796256133,0.891825284966592,
0.896017773677052,0.900210262387512,0.902306506742742,0.904402751097972,
0.906498995453202,0.908595239808432,0.910691484163662,0.911739606341277,
0.912787728518892,0.914883972874122,0.916980217229352,0.919076461584582,
0.921172705939812,0.923268950295042,0.925365194650272,0.929557683360732,
0.933750172071192,0.937942660781652,0.942135149492112,0.946327638202572,
0.948423882557802,0.950520126913032,0.952616371268262,0.954712615623492,
0.958905104333952,0.963097593044412,0.967290081754872,0.975675059175792,
0.984060036596712,0.992445014017632),.UNSPECIFIED.);
#608=B_SPLINE_CURVE_WITH_KNOTS('',3,(#2836,#2837,#2838,#2839,#2840,#2841,
#2842,#2843,#2844,#2845,#2846,#2847,#2848,#2849,#2850,#2851,#2852,#2853,
#2854,#2855),.UNSPECIFIED.,.F.,.F.,(4,1,1,1,1,1,1,1,1,1,1,1,1,1,1,1,1,4),
(0.162830965823437,0.164477949054305,0.166124932285172,0.167771915516041,
0.169418898746908,0.172712865208644,0.176006831670379,0.179300798132114,
0.18259476459385,0.189182697517321,0.195770630440792,0.202358563364263,
0.208946496287734,0.215534429211205,0.228710295058147,0.241886160905088,
0.25506202675203,0.268237892598972),.UNSPECIFIED.);
#609=B_SPLINE_CURVE_WITH_KNOTS('',3,(#2904,#2905,#2906,#2907,#2908,#2909,
#2910,#2911,#2912,#2913,#2914,#2915,#2916,#2917,#2918,#2919,#2920,#2921,
#2922,#2923,#2924,#2925,#2926,#2927,#2928,#2929,#2930,#2931,#2932,#2933,
#2934,#2935,#2936,#2937,#2938,#2939,#2940,#2941),.UNSPECIFIED.,.F.,.F.,
(4,1,1,1,1,1,1,1,1,1,1,1,1,1,1,1,1,1,1,1,1,1,1,1,1,1,1,1,1,1,1,1,1,1,1,
4),(0.451073418377715,0.45507403558435,0.459074652790986,0.463075269997621,
0.467075887204257,0.475077121617528,0.483078356030799,0.49107959044407,
0.499080824857341,0.507082059270612,0.515083293683883,0.531085762510425,
0.547088231336967,0.563090700163509,0.579093168990052,0.595095637816594,
0.611098106643136,0.627100575469678,0.64310304429622,0.659105513122762,
0.675107981949304,0.691110450775846,0.707112919602388,0.739117857255473,
0.771122794908557,0.803127732561641,0.819130201388183,0.835132670214725,
0.851135139041268,0.86713760786781,0.875138842281081,0.883140076694352,
0.899142545520894,0.915145014347436,0.931147483173978,0.963152420827062),
 .UNSPECIFIED.);
#610=B_SPLINE_CURVE_WITH_KNOTS('',3,(#2968,#2969,#2970,#2971,#2972,#2973,
#2974,#2975,#2976,#2977,#2978,#2979,#2980,#2981,#2982,#2983,#2984,#2985,
#2986),.UNSPECIFIED.,.F.,.F.,(4,1,1,1,1,1,1,1,1,1,1,1,1,1,1,1,4),(0.011932846539753,
0.0409626580090148,0.0699924694782766,0.0990222809475384,0.113537186682169,
0.1280520924168,0.142566998151431,0.157081903886062,0.164339356753377,0.171596809620693,
0.178854262488008,0.186111715355324,0.193369168222639,0.200626621089954,
0.215141526824586,0.229656432559217,0.244171338293847),.UNSPECIFIED.);
#611=B_SPLINE_CURVE_WITH_KNOTS('',3,(#3063,#3064,#3065,#3066,#3067,#3068,
#3069,#3070,#3071,#3072,#3073,#3074,#3075,#3076,#3077,#3078,#3079,#3080,
#3081,#3082,#3083,#3084,#3085,#3086,#3087,#3088,#3089,#3090,#3091,#3092,
#3093,#3094,#3095,#3096,#3097,#3098,#3099,#3100,#3101,#3102,#3103,#3104,
#3105,#3106,#3107,#3108,#3109,#3110,#3111,#3112,#3113,#3114,#3115,#3116,
#3117,#3118,#3119,#3120,#3121,#3122,#3123,#3124,#3125,#3126,#3127,#3128,
#3129),.UNSPECIFIED.,.F.,.F.,(4,1,1,1,1,1,1,1,1,1,1,1,1,1,1,1,1,1,1,1,1,
1,1,1,1,1,1,1,1,1,1,1,1,1,1,1,1,1,1,1,1,1,1,1,1,1,1,1,1,1,1,1,1,1,1,1,1,
1,1,1,1,1,1,1,4),(0.303438605082539,0.309097663029092,0.314756720975644,
0.320415778922196,0.323245307895472,0.326074836868748,0.328904365842025,
0.331733894815301,0.337392952761854,0.343052010708406,0.348711068654958,
0.354370126601511,0.360029184548063,0.371347300441168,0.382665416334273,
0.388324474280825,0.393983532227378,0.39964259017393,0.405301648120483,
0.410960706067035,0.416619764013587,0.427937879906692,0.439255995799797,
0.450574111692902,0.461892227586006,0.473210343479111,0.484528459372216,
0.490187517318768,0.495846575265321,0.501505633211873,0.507164691158426,
0.51848280705153,0.529800922944635,0.552437154730845,0.575073386517055,
0.597709618303264,0.620345850089474,0.642982081875683,0.654300197768788,
0.665618313661893,0.676936429554998,0.688254545448103,0.710890777234312,
0.733527009020522,0.756163240806731,0.778799472592941,0.801435704379151,
0.82407193616536,0.84670816795157,0.869344399737779,0.891980631523989,0.914616863310199,
0.937253095096408,0.959889326882618,0.971207442775723,0.982525558668828,
0.98818461661538,0.993843674561932,0.996673203535209,0.999502732508485,
1.00233226148176,1.00516179045504,1.01082084840159,1.01647990634814,1.02779802224125),
 .UNSPECIFIED.);
#612=B_SPLINE_CURVE_WITH_KNOTS('',3,(#3156,#3157,#3158,#3159,#3160,#3161,
#3162,#3163,#3164,#3165,#3166,#3167,#3168,#3169,#3170,#3171,#3172,#3173,
#3174,#3175,#3176,#3177,#3178),.UNSPECIFIED.,.F.,.F.,(4,1,1,1,1,1,1,1,1,
1,1,1,1,1,1,1,1,1,1,1,4),(-0.00709581333196656,-0.00225375038650338,0.0025883125589598,
0.0122724384498862,0.0219565643408125,0.0316406902317389,0.0413248161226653,
0.0461668790681284,0.0510089420135916,0.0534299734863232,0.0558510049590548,
0.060693067904518,0.0655351308499811,0.0703771937954443,0.0800613196863707,
0.0897454455772971,0.10911369735915,0.118797823250076,0.128481949141002,
0.138166075031929,0.147850200922855),.UNSPECIFIED.);
#613=B_SPLINE_CURVE_WITH_KNOTS('',3,(#3265,#3266,#3267,#3268,#3269,#3270,
#3271,#3272,#3273,#3274,#3275,#3276,#3277,#3278,#3279,#3280,#3281,#3282,
#3283,#3284,#3285,#3286,#3287,#3288,#3289,#3290,#3291,#3292,#3293,#3294,
#3295,#3296,#3297,#3298,#3299,#3300,#3301,#3302,#3303,#3304,#3305,#3306,
#3307,#3308,#3309,#3310,#3311,#3312,#3313,#3314,#3315,#3316,#3317,#3318,
#3319,#3320,#3321,#3322,#3323,#3324,#3325,#3326,#3327,#3328,#3329),
 .UNSPECIFIED.,.F.,.F.,(4,1,1,1,1,1,1,1,1,1,1,1,1,1,1,1,1,1,1,1,1,1,1,1,
1,1,1,1,1,1,1,1,1,1,1,1,1,1,1,1,1,1,1,1,1,1,1,1,1,1,1,1,1,1,1,1,1,1,1,1,
1,1,4),(0.190426845314963,0.202267259795269,0.208187467035423,0.214107674275576,
0.220027881515729,0.222987985135807,0.225948088755883,0.231868295996037,
0.23778850323619,0.249628917716496,0.255549124956649,0.261469332196803,
0.267389539436956,0.273309746677109,0.276269850297186,0.279229953917263,
0.285150161157416,0.29107036839757,0.296990575637722,0.2999506792578,0.302910782877876,
0.305870886497953,0.30883099011803,0.311791093738106,0.313271145548144,
0.314751197358182,0.316231249168221,0.317711300978259,0.319191352788297,
0.320671404598336,0.321411430503355,0.322151456408375,0.322891482313393,
0.323631508218413,0.324371534123432,0.325111560028451,0.32585158593347,
0.32659161183849,0.327331637743508,0.328071663648528,0.329551715458566,
0.331031767268605,0.332511819078642,0.333991870888681,0.33547192269872,
0.338432026318796,0.341392129938872,0.344352233558949,0.347312337179026,
0.350272440799103,0.356192648039256,0.359152751659332,0.362112855279409,
0.365072958899486,0.368033062519563,0.369513114329601,0.370993166139639,
0.372473217949678,0.373953269759716,0.375433321569754,0.376913373379792,
0.378393425189831,0.379873476999869),.UNSPECIFIED.);
#614=B_SPLINE_CURVE_WITH_KNOTS('',3,(#3402,#3403,#3404,#3405,#3406,#3407,
#3408,#3409,#3410,#3411,#3412,#3413,#3414,#3415,#3416,#3417,#3418,#3419,
#3420,#3421,#3422,#3423,#3424,#3425,#3426,#3427,#3428,#3429,#3430,#3431,
#3432,#3433,#3434,#3435,#3436,#3437,#3438,#3439,#3440,#3441,#3442,#3443,
#3444,#3445,#3446,#3447,#3448,#3449,#3450,#3451,#3452,#3453,#3454,#3455,
#3456,#3457,#3458,#3459,#3460,#3461,#3462,#3463,#3464,#3465,#3466),
 .UNSPECIFIED.,.F.,.F.,(4,1,1,1,1,1,1,1,1,1,1,1,1,1,1,1,1,1,1,1,1,1,1,1,
1,1,1,1,1,1,1,1,1,1,1,1,1,1,1,1,1,1,1,1,1,1,1,1,1,1,1,1,1,1,1,1,1,1,1,1,
1,1,4),(0.386801695442055,0.390783856879529,0.394766018317002,0.398748179754476,
0.40273034119195,0.410694664066897,0.414676825504372,0.418658986941845,
0.422641148379319,0.424632229098056,0.426623309816793,0.430605471254267,
0.43458763269174,0.442551955566687,0.450516278441635,0.454498439879109,
0.458480601316583,0.46047168203532,0.462462762754057,0.46644492419153,0.470427085629004,
0.474409247066478,0.482373569941425,0.490337892816373,0.498302215691321,
0.502284377128794,0.506266538566268,0.510248700003742,0.514230861441216,
0.518213022878689,0.522195184316163,0.530159507191111,0.538123830066058,
0.546088152941006,0.554052475815953,0.562016798690901,0.565998960128375,
0.569981121565848,0.573963283003322,0.577945444440796,0.585909767315743,
0.589891928753217,0.593874090190691,0.597856251628165,0.601838413065639,
0.605820574503112,0.609802735940586,0.611793816659323,0.61378489737806,
0.615775978096797,0.617767058815534,0.61975813953427,0.621749220253007,
0.623740300971744,0.625731381690481,0.627722462409218,0.629713543127955,
0.631704623846692,0.63270016420606,0.633695704565429,0.635686785284165,
0.637677866002902,0.641660027440376),.UNSPECIFIED.);
#615=B_SPLINE_CURVE_WITH_KNOTS('',3,(#3503,#3504,#3505,#3506,#3507,#3508,
#3509,#3510,#3511,#3512,#3513,#3514,#3515,#3516,#3517,#3518,#3519,#3520,
#3521,#3522,#3523,#3524,#3525,#3526,#3527,#3528,#3529,#3530,#3531,#3532),
 .UNSPECIFIED.,.F.,.F.,(4,1,1,1,1,1,1,1,1,1,1,1,1,1,1,1,1,1,1,1,1,1,1,1,
1,1,1,4),(0.705928859329534,0.707780943642586,0.708706985799112,0.709633027955638,
0.710559070112165,0.71148511226869,0.713337196581742,0.715189280894794,
0.717041365207846,0.72074553383395,0.724449702460054,0.728153871086158,
0.731858039712262,0.735562208338366,0.742970545590574,0.750378882842781,
0.757787220094989,0.765195557347197,0.772603894599405,0.780012231851613,
0.787420569103821,0.794828906356029,0.802237243608236,0.809645580860444,
0.813349749486548,0.817053918112652,0.820758086738756,0.82446225536486),
 .UNSPECIFIED.);
#616=B_SPLINE_CURVE_WITH_KNOTS('',3,(#3569,#3570,#3571,#3572,#3573,#3574,
#3575,#3576,#3577,#3578,#3579,#3580,#3581,#3582,#3583,#3584,#3585,#3586,
#3587,#3588,#3589,#3590,#3591,#3592,#3593,#3594,#3595,#3596),
 .UNSPECIFIED.,.F.,.F.,(4,1,1,1,1,1,1,1,1,1,1,1,1,1,1,1,1,1,1,1,1,1,1,1,
1,4),(0.707716180815979,0.709522539935971,0.710425719495967,0.711328899055963,
0.713135258175954,0.714941617295946,0.718554335535929,0.722167053775912,
0.725779772015896,0.729392490255879,0.736617926735846,0.743843363215812,
0.751068799695779,0.758294236175745,0.765519672655712,0.772745109135678,
0.779970545615645,0.787195982095611,0.794421418575578,0.801646855055544,
0.808872291535511,0.812485009775494,0.816097728015477,0.817904087135469,
0.819710446255461,0.823323164495444),.UNSPECIFIED.);
#617=B_SPLINE_CURVE_WITH_KNOTS('',3,(#3601,#3602,#3603,#3604,#3605,#3606,
#3607,#3608,#3609,#3610,#3611,#3612,#3613,#3614,#3615,#3616,#3617,#3618,
#3619,#3620,#3621,#3622,#3623,#3624,#3625,#3626,#3627,#3628),
 .UNSPECIFIED.,.F.,.F.,(4,1,1,1,1,1,1,1,1,1,1,1,1,1,1,1,1,1,1,1,1,1,1,1,
1,4),(0.707716180815979,0.709522539935971,0.710425719495967,0.711328899055963,
0.713135258175954,0.714941617295946,0.718554335535929,0.722167053775912,
0.725779772015896,0.729392490255879,0.736617926735846,0.743843363215812,
0.751068799695779,0.758294236175745,0.765519672655712,0.772745109135678,
0.779970545615645,0.787195982095611,0.794421418575578,0.801646855055544,
0.808872291535511,0.812485009775494,0.816097728015477,0.817904087135469,
0.819710446255461,0.823323164495444),.UNSPECIFIED.);
#618=B_SPLINE_CURVE_WITH_KNOTS('',3,(#3703,#3704,#3705,#3706,#3707,#3708,
#3709,#3710,#3711,#3712,#3713,#3714,#3715,#3716,#3717,#3718,#3719,#3720,
#3721,#3722,#3723,#3724,#3725,#3726,#3727,#3728,#3729,#3730,#3731,#3732,
#3733,#3734,#3735,#3736,#3737,#3738,#3739,#3740,#3741,#3742,#3743,#3744,
#3745,#3746,#3747,#3748,#3749,#3750,#3751,#3752,#3753,#3754,#3755,#3756,
#3757,#3758,#3759,#3760,#3761),.UNSPECIFIED.,.F.,.F.,(4,1,1,1,1,1,1,1,1,
1,1,1,1,1,1,1,1,1,1,1,1,1,1,1,1,1,1,1,1,1,1,1,1,1,1,1,1,1,1,1,1,1,1,1,1,
1,1,1,1,1,1,1,1,1,1,1,4),(0.387213798343764,0.39107877812007,0.394943757896375,
0.402673717448988,0.4104036770016,0.414268656777906,0.418133636554211,0.421998616330517,
0.425863596106823,0.429728575883129,0.433593555659435,0.441323515212047,
0.449053474764659,0.452918454540965,0.456783434317271,0.460648414093577,
0.46258090398173,0.464513393869882,0.468378373646188,0.472243353422494,
0.479973312975106,0.487703272527718,0.49543323208033,0.503163191632942,
0.507028171409248,0.510893151185554,0.51475813096186,0.518623110738166,
0.522488090514472,0.526353070290777,0.534083029843389,0.541812989396001,
0.549542948948613,0.557272908501225,0.565002868053837,0.568867847830143,
0.572732827606449,0.58046278715906,0.588192746711672,0.592057726487978,
0.595922706264284,0.59978768604059,0.603652665816896,0.607517645593202,
0.611382625369508,0.613315115257661,0.615247605145814,0.617180095033967,
0.61911258492212,0.621045074810273,0.622977564698426,0.624910054586579,
0.626842544474732,0.628775034362885,0.630707524251038,0.632640014139191,
0.634572504027343),.UNSPECIFIED.);
#619=B_SPLINE_CURVE_WITH_KNOTS('',3,(#3765,#3766,#3767,#3768,#3769,#3770,
#3771,#3772,#3773,#3774,#3775,#3776,#3777,#3778,#3779,#3780,#3781,#3782,
#3783,#3784,#3785,#3786,#3787,#3788,#3789,#3790,#3791,#3792,#3793,#3794,
#3795,#3796,#3797,#3798,#3799,#3800,#3801,#3802,#3803,#3804,#3805,#3806,
#3807,#3808,#3809,#3810,#3811,#3812,#3813,#3814,#3815,#3816,#3817,#3818,
#3819,#3820,#3821,#3822,#3823),.UNSPECIFIED.,.F.,.F.,(4,1,1,1,1,1,1,1,1,
1,1,1,1,1,1,1,1,1,1,1,1,1,1,1,1,1,1,1,1,1,1,1,1,1,1,1,1,1,1,1,1,1,1,1,1,
1,1,1,1,1,1,1,1,1,1,1,4),(0.387213798343764,0.39107877812007,0.394943757896375,
0.402673717448988,0.4104036770016,0.414268656777906,0.418133636554211,0.421998616330517,
0.425863596106823,0.429728575883129,0.433593555659435,0.441323515212047,
0.449053474764659,0.452918454540965,0.456783434317271,0.460648414093577,
0.46258090398173,0.464513393869882,0.468378373646188,0.472243353422494,
0.479973312975106,0.487703272527718,0.49543323208033,0.503163191632942,
0.507028171409248,0.510893151185554,0.51475813096186,0.518623110738166,
0.522488090514472,0.526353070290777,0.534083029843389,0.541812989396001,
0.549542948948613,0.557272908501225,0.565002868053837,0.568867847830143,
0.572732827606449,0.58046278715906,0.588192746711672,0.592057726487978,
0.595922706264284,0.59978768604059,0.603652665816896,0.607517645593202,
0.611382625369508,0.613315115257661,0.615247605145814,0.617180095033967,
0.61911258492212,0.621045074810273,0.622977564698426,0.624910054586579,
0.626842544474732,0.628775034362885,0.630707524251038,0.632640014139191,
0.634572504027343),.UNSPECIFIED.);
#620=B_SPLINE_CURVE_WITH_KNOTS('',3,(#3904,#3905,#3906,#3907,#3908,#3909,
#3910,#3911,#3912,#3913,#3914,#3915,#3916,#3917,#3918,#3919,#3920,#3921,
#3922,#3923,#3924,#3925,#3926,#3927,#3928,#3929,#3930,#3931,#3932,#3933,
#3934,#3935,#3936,#3937,#3938,#3939,#3940,#3941,#3942,#3943,#3944,#3945,
#3946,#3947,#3948,#3949,#3950,#3951,#3952,#3953,#3954,#3955,#3956,#3957,
#3958,#3959,#3960,#3961,#3962,#3963,#3964,#3965,#3966,#3967),
 .UNSPECIFIED.,.F.,.F.,(4,1,1,1,1,1,1,1,1,1,1,1,1,1,1,1,1,1,1,1,1,1,1,1,
1,1,1,1,1,1,1,1,1,1,1,1,1,1,1,1,1,1,1,1,1,1,1,1,1,1,1,1,1,1,1,1,1,1,1,1,
1,4),(0.191965793584085,0.203700356153051,0.209567637437534,0.215434918722017,
0.218368559364258,0.221302200006499,0.227169481290982,0.238904043859948,
0.250638606428913,0.256505887713395,0.262373168997878,0.268240450282361,
0.274107731566844,0.277041372209086,0.279975012851327,0.285842294135809,
0.291709575420293,0.297576856704775,0.300510497347017,0.303444137989258,
0.3063777786315,0.30931141927374,0.312245059915982,0.313711880237103,0.315178700558224,
0.316645520879344,0.318112341200465,0.319579161521585,0.321045981842706,
0.321779392003266,0.322512802163827,0.323246212324387,0.323979622484948,
0.324713032645508,0.325446442806068,0.326179852966628,0.326913263127189,
0.327646673287749,0.328380083448309,0.329846903769431,0.331313724090551,
0.332780544411671,0.334247364732792,0.335714185053913,0.338647825696155,
0.341581466338396,0.344515106980637,0.347448747622879,0.35038238826512,
0.356249669549602,0.359183310191844,0.362116950834086,0.365050591476327,
0.367984232118569,0.369451052439689,0.37091787276081,0.372384693081931,
0.373851513403051,0.375318333724172,0.376785154045293,0.378251974366413,
0.379718794687534),.UNSPECIFIED.);
#621=B_SPLINE_CURVE_WITH_KNOTS('',3,(#3971,#3972,#3973,#3974,#3975,#3976,
#3977,#3978,#3979,#3980,#3981,#3982,#3983,#3984,#3985,#3986,#3987,#3988,
#3989,#3990,#3991,#3992,#3993,#3994,#3995,#3996,#3997,#3998,#3999,#4000,
#4001,#4002,#4003,#4004,#4005,#4006,#4007,#4008,#4009,#4010,#4011,#4012,
#4013,#4014,#4015,#4016,#4017,#4018,#4019,#4020,#4021,#4022,#4023,#4024,
#4025,#4026,#4027,#4028,#4029,#4030,#4031,#4032,#4033,#4034),
 .UNSPECIFIED.,.F.,.F.,(4,1,1,1,1,1,1,1,1,1,1,1,1,1,1,1,1,1,1,1,1,1,1,1,
1,1,1,1,1,1,1,1,1,1,1,1,1,1,1,1,1,1,1,1,1,1,1,1,1,1,1,1,1,1,1,1,1,1,1,1,
1,4),(0.191965793584085,0.203700356153051,0.209567637437534,0.215434918722017,
0.218368559364258,0.221302200006499,0.227169481290982,0.238904043859948,
0.250638606428913,0.256505887713395,0.262373168997878,0.268240450282361,
0.274107731566844,0.277041372209086,0.279975012851327,0.285842294135809,
0.291709575420293,0.297576856704775,0.300510497347017,0.303444137989258,
0.3063777786315,0.30931141927374,0.312245059915982,0.313711880237103,0.315178700558224,
0.316645520879344,0.318112341200465,0.319579161521585,0.321045981842706,
0.321779392003266,0.322512802163827,0.323246212324387,0.323979622484948,
0.324713032645508,0.325446442806068,0.326179852966628,0.326913263127189,
0.327646673287749,0.328380083448309,0.329846903769431,0.331313724090551,
0.332780544411671,0.334247364732792,0.335714185053913,0.338647825696155,
0.341581466338396,0.344515106980637,0.347448747622879,0.35038238826512,
0.356249669549602,0.359183310191844,0.362116950834086,0.365050591476327,
0.367984232118569,0.369451052439689,0.37091787276081,0.372384693081931,
0.373851513403051,0.375318333724172,0.376785154045293,0.378251974366413,
0.379718794687534),.UNSPECIFIED.);
#622=B_SPLINE_CURVE_WITH_KNOTS('',3,(#4063,#4064,#4065,#4066,#4067,#4068,
#4069,#4070,#4071,#4072,#4073,#4074,#4075,#4076,#4077,#4078,#4079,#4080,
#4081,#4082,#4083,#4084,#4085,#4086),.UNSPECIFIED.,.F.,.F.,(4,1,1,1,1,1,
1,1,1,1,1,1,1,1,1,1,1,1,1,1,1,4),(-0.00788423703551837,-0.00305394612532288,
0.0017763447848726,0.00660663569506809,0.0114369266052636,0.0210975084256546,
0.0307580902460455,0.0404186720664365,0.045248962976632,0.0500792538868275,
0.0524943993419252,0.0549095447970229,0.0597398357072184,0.0645701266174139,
0.0694004175276094,0.0790609993480004,0.0887215811683913,0.0983821629887823,
0.108042744809173,0.127363908449955,0.137024490270346,0.146685072090737),
 .UNSPECIFIED.);
#623=B_SPLINE_CURVE_WITH_KNOTS('',3,(#4090,#4091,#4092,#4093,#4094,#4095,
#4096,#4097,#4098,#4099,#4100,#4101,#4102,#4103,#4104,#4105,#4106,#4107,
#4108,#4109,#4110,#4111,#4112,#4113),.UNSPECIFIED.,.F.,.F.,(4,1,1,1,1,1,
1,1,1,1,1,1,1,1,1,1,1,1,1,1,1,4),(-0.00788423703551837,-0.00305394612532288,
0.0017763447848726,0.00660663569506809,0.0114369266052636,0.0210975084256546,
0.0307580902460455,0.0404186720664365,0.045248962976632,0.0500792538868275,
0.0524943993419252,0.0549095447970229,0.0597398357072184,0.0645701266174139,
0.0694004175276094,0.0790609993480004,0.0887215811683913,0.0983821629887823,
0.108042744809173,0.127363908449955,0.137024490270346,0.146685072090737),
 .UNSPECIFIED.);
#624=B_SPLINE_CURVE_WITH_KNOTS('',3,(#4186,#4187,#4188,#4189,#4190,#4191,
#4192,#4193,#4194,#4195,#4196,#4197,#4198,#4199,#4200,#4201,#4202,#4203,
#4204,#4205,#4206,#4207,#4208,#4209,#4210,#4211,#4212,#4213,#4214,#4215,
#4216,#4217,#4218,#4219,#4220,#4221,#4222,#4223,#4224,#4225,#4226,#4227,
#4228,#4229,#4230,#4231,#4232,#4233,#4234,#4235,#4236,#4237,#4238,#4239,
#4240,#4241,#4242,#4243,#4244,#4245,#4246,#4247,#4248,#4249,#4250,#4251,
#4252,#4253,#4254,#4255),.UNSPECIFIED.,.F.,.F.,(4,1,1,1,1,1,1,1,1,1,1,1,
1,1,1,1,1,1,1,1,1,1,1,1,1,1,1,1,1,1,1,1,1,1,1,1,1,1,1,1,1,1,1,1,1,1,1,1,
1,1,1,1,1,1,1,1,1,1,1,1,1,1,1,1,1,1,1,4),(0.305290204051402,0.31095892660865,
0.316627649165898,0.322296371723146,0.32513073300177,0.327965094280394,
0.333633816837643,0.339302539394891,0.344971261952138,0.350639984509386,
0.361977429623883,0.37331487473838,0.378983597295628,0.384652319852876,
0.390321042410123,0.393155403688748,0.395989764967372,0.398824126245996,
0.40165848752462,0.407327210081868,0.412995932639116,0.418664655196364,
0.430002100310861,0.441339545425357,0.452676990539853,0.46401443565435,
0.475351880768846,0.486689325883342,0.49235804844059,0.498026770997838,
0.503695493555087,0.509364216112335,0.520701661226831,0.532039106341327,
0.55471399657032,0.577388886799312,0.600063777028305,0.622738667257297,
0.634076112371794,0.64541355748629,0.656751002600786,0.662419725158034,
0.668088447715282,0.679425892829779,0.690763337944275,0.713438228173268,
0.73611311840226,0.758788008631253,0.781462898860245,0.804137789089238,
0.82681267931823,0.849487569547223,0.872162459776215,0.894837350005208,
0.9175122402342,0.940187130463193,0.962862020692186,0.974199465806682,0.985536910921178,
0.991205633478426,0.996874356035674,0.998291536674986,0.999708717314298,
1.00254307859292,1.00537743987155,1.00821180115017,1.01954924626467,1.03088669137916),
 .UNSPECIFIED.);
#625=B_SPLINE_CURVE_WITH_KNOTS('',3,(#4259,#4260,#4261,#4262,#4263,#4264,
#4265,#4266,#4267,#4268,#4269,#4270,#4271,#4272,#4273,#4274,#4275,#4276,
#4277,#4278,#4279,#4280,#4281,#4282,#4283,#4284,#4285,#4286,#4287,#4288,
#4289,#4290,#4291,#4292,#4293,#4294,#4295,#4296,#4297,#4298,#4299,#4300,
#4301,#4302,#4303,#4304,#4305,#4306,#4307,#4308,#4309,#4310,#4311,#4312,
#4313,#4314,#4315,#4316,#4317,#4318,#4319,#4320,#4321,#4322,#4323,#4324,
#4325,#4326,#4327,#4328),.UNSPECIFIED.,.F.,.F.,(4,1,1,1,1,1,1,1,1,1,1,1,
1,1,1,1,1,1,1,1,1,1,1,1,1,1,1,1,1,1,1,1,1,1,1,1,1,1,1,1,1,1,1,1,1,1,1,1,
1,1,1,1,1,1,1,1,1,1,1,1,1,1,1,1,1,1,1,4),(0.305290204051402,0.31095892660865,
0.316627649165898,0.322296371723146,0.32513073300177,0.327965094280394,
0.333633816837643,0.339302539394891,0.344971261952138,0.350639984509386,
0.361977429623883,0.37331487473838,0.378983597295628,0.384652319852876,
0.390321042410123,0.393155403688748,0.395989764967372,0.398824126245996,
0.40165848752462,0.407327210081868,0.412995932639116,0.418664655196364,
0.430002100310861,0.441339545425357,0.452676990539853,0.46401443565435,
0.475351880768846,0.486689325883342,0.49235804844059,0.498026770997838,
0.503695493555087,0.509364216112335,0.520701661226831,0.532039106341327,
0.55471399657032,0.577388886799312,0.600063777028305,0.622738667257297,
0.634076112371794,0.64541355748629,0.656751002600786,0.662419725158034,
0.668088447715282,0.679425892829779,0.690763337944275,0.713438228173268,
0.73611311840226,0.758788008631253,0.781462898860245,0.804137789089238,
0.82681267931823,0.849487569547223,0.872162459776215,0.894837350005208,
0.9175122402342,0.940187130463193,0.962862020692186,0.974199465806682,0.985536910921178,
0.991205633478426,0.996874356035674,0.998291536674986,0.999708717314298,
1.00254307859292,1.00537743987155,1.00821180115017,1.01954924626467,1.03088669137916),
 .UNSPECIFIED.);
#626=B_SPLINE_CURVE_WITH_KNOTS('',3,(#4353,#4354,#4355,#4356,#4357,#4358,
#4359,#4360,#4361,#4362,#4363,#4364,#4365,#4366,#4367,#4368,#4369),
 .UNSPECIFIED.,.F.,.F.,(4,1,1,1,1,1,1,1,1,1,1,1,1,1,4),(0.0133307030683097,
0.0417906249665701,0.0702505468648306,0.0987104687630911,0.127170390661352,
0.141400351610482,0.155630312559612,0.169860273508742,0.176975253983307,
0.184090234457873,0.191205214932438,0.198320195407003,0.212550156356133,
0.226780117305263,0.241010078254393),.UNSPECIFIED.);
#627=B_SPLINE_CURVE_WITH_KNOTS('',3,(#4373,#4374,#4375,#4376,#4377,#4378,
#4379,#4380,#4381,#4382,#4383,#4384,#4385,#4386,#4387,#4388,#4389),
 .UNSPECIFIED.,.F.,.F.,(4,1,1,1,1,1,1,1,1,1,1,1,1,1,4),(0.0133307030683097,
0.0417906249665701,0.0702505468648306,0.0987104687630911,0.127170390661352,
0.141400351610482,0.155630312559612,0.169860273508742,0.176975253983307,
0.184090234457873,0.191205214932438,0.198320195407003,0.212550156356133,
0.226780117305263,0.241010078254393),.UNSPECIFIED.);
#628=B_SPLINE_CURVE_WITH_KNOTS('',3,(#4438,#4439,#4440,#4441,#4442,#4443,
#4444,#4445,#4446,#4447,#4448,#4449,#4450,#4451,#4452,#4453,#4454,#4455,
#4456,#4457,#4458,#4459,#4460,#4461,#4462,#4463,#4464,#4465,#4466,#4467,
#4468,#4469,#4470,#4471,#4472,#4473,#4474),.UNSPECIFIED.,.F.,.F.,(4,1,1,
1,1,1,1,1,1,1,1,1,1,1,1,1,1,1,1,1,1,1,1,1,1,1,1,1,1,1,1,1,1,1,4),(0.452237492361367,
0.456189272260693,0.460141052160018,0.464092832059344,0.46804461195867,
0.475948171757321,0.483851731555973,0.491755291354624,0.499658851153276,
0.507562410951927,0.515465970750578,0.531273090347881,0.547080209945184,
0.562887329542487,0.57869444913979,0.594501568737093,0.610308688334396,
0.626115807931698,0.641922927529001,0.657730047126304,0.665633606924956,
0.673537166723607,0.68934428632091,0.705151405918213,0.736765645112818,
0.768379884307424,0.79999412350203,0.831608362696635,0.847415482293938,
0.863222601891241,0.879029721488544,0.894836841085847,0.91064396068315,
0.926451080280452,0.958065319475058),.UNSPECIFIED.);
#629=B_SPLINE_CURVE_WITH_KNOTS('',3,(#4478,#4479,#4480,#4481,#4482,#4483,
#4484,#4485,#4486,#4487,#4488,#4489,#4490,#4491,#4492,#4493,#4494,#4495,
#4496,#4497,#4498,#4499,#4500,#4501,#4502,#4503,#4504,#4505,#4506,#4507,
#4508,#4509,#4510,#4511,#4512,#4513,#4514),.UNSPECIFIED.,.F.,.F.,(4,1,1,
1,1,1,1,1,1,1,1,1,1,1,1,1,1,1,1,1,1,1,1,1,1,1,1,1,1,1,1,1,1,1,4),(0.452237492361367,
0.456189272260693,0.460141052160018,0.464092832059344,0.46804461195867,
0.475948171757321,0.483851731555973,0.491755291354624,0.499658851153276,
0.507562410951927,0.515465970750578,0.531273090347881,0.547080209945184,
0.562887329542487,0.57869444913979,0.594501568737093,0.610308688334396,
0.626115807931698,0.641922927529001,0.657730047126304,0.665633606924956,
0.673537166723607,0.68934428632091,0.705151405918213,0.736765645112818,
0.768379884307424,0.79999412350203,0.831608362696635,0.847415482293938,
0.863222601891241,0.879029721488544,0.894836841085847,0.91064396068315,
0.926451080280452,0.958065319475058),.UNSPECIFIED.);
#630=B_SPLINE_CURVE_WITH_KNOTS('',3,(#4541,#4542,#4543,#4544,#4545,#4546,
#4547,#4548,#4549,#4550,#4551,#4552,#4553,#4554,#4555,#4556,#4557,#4558,
#4559),.UNSPECIFIED.,.F.,.F.,(4,1,1,1,1,1,1,1,1,1,1,1,1,1,1,1,4),(0.163502905688124,
0.165092256962569,0.166681608237014,0.169860310785904,0.173039013334794,
0.176217715883685,0.179396418432575,0.182575120981465,0.188932526079245,
0.195289931177026,0.201647336274806,0.208004741372587,0.214362146470367,
0.227076956665928,0.239791766861489,0.252506577057049,0.26522138725261),
 .UNSPECIFIED.);
#631=B_SPLINE_CURVE_WITH_KNOTS('',3,(#4563,#4564,#4565,#4566,#4567,#4568,
#4569,#4570,#4571,#4572,#4573,#4574,#4575,#4576,#4577,#4578,#4579,#4580,
#4581),.UNSPECIFIED.,.F.,.F.,(4,1,1,1,1,1,1,1,1,1,1,1,1,1,1,1,4),(0.163502905688124,
0.165092256962569,0.166681608237014,0.169860310785904,0.173039013334794,
0.176217715883685,0.179396418432575,0.182575120981465,0.188932526079245,
0.195289931177026,0.201647336274806,0.208004741372587,0.214362146470367,
0.227076956665928,0.239791766861489,0.252506577057049,0.26522138725261),
 .UNSPECIFIED.);
#632=B_SPLINE_CURVE_WITH_KNOTS('',3,(#4608,#4609,#4610,#4611,#4612,#4613,
#4614,#4615,#4616,#4617,#4618,#4619,#4620,#4621,#4622,#4623,#4624,#4625,
#4626,#4627,#4628,#4629,#4630,#4631),.UNSPECIFIED.,.F.,.F.,(4,1,1,1,1,1,
1,1,1,1,1,1,1,1,1,1,1,1,1,1,1,4),(0.714544004770101,0.716149497315693,0.717754989861285,
0.719360482406878,0.72096597495247,0.724176960043654,0.727387945134838,
0.733809915317207,0.740231885499575,0.746653855681944,0.753075825864312,
0.759497796046681,0.765919766229049,0.772341736411418,0.778763706593786,
0.785185676776155,0.791607646958523,0.798029617140892,0.80445158732326,
0.810873557505629,0.814084542596813,0.817295527687997),.UNSPECIFIED.);
#633=B_SPLINE_CURVE_WITH_KNOTS('',3,(#4636,#4637,#4638,#4639,#4640,#4641,
#4642,#4643,#4644,#4645,#4646,#4647,#4648,#4649,#4650,#4651,#4652,#4653,
#4654,#4655,#4656,#4657,#4658,#4659),.UNSPECIFIED.,.F.,.F.,(4,1,1,1,1,1,
1,1,1,1,1,1,1,1,1,1,1,1,1,1,1,4),(0.714544004770101,0.716149497315693,0.717754989861285,
0.719360482406878,0.72096597495247,0.724176960043654,0.727387945134838,
0.733809915317207,0.740231885499575,0.746653855681944,0.753075825864312,
0.759497796046681,0.765919766229049,0.772341736411418,0.778763706593786,
0.785185676776155,0.791607646958523,0.798029617140892,0.80445158732326,
0.810873557505629,0.814084542596813,0.817295527687997),.UNSPECIFIED.);
#634=B_SPLINE_CURVE_WITH_KNOTS('',3,(#4724,#4725,#4726,#4727,#4728,#4729,
#4730,#4731,#4732,#4733,#4734,#4735,#4736,#4737,#4738,#4739,#4740,#4741,
#4742,#4743,#4744,#4745,#4746,#4747,#4748,#4749,#4750,#4751,#4752,#4753,
#4754,#4755,#4756,#4757,#4758,#4759,#4760,#4761,#4762,#4763,#4764,#4765,
#4766,#4767,#4768,#4769,#4770,#4771,#4772,#4773,#4774,#4775,#4776,#4777,
#4778,#4779,#4780),.UNSPECIFIED.,.F.,.F.,(4,1,1,1,1,1,1,1,1,1,1,1,1,1,1,
1,1,1,1,1,1,1,1,1,1,1,1,1,1,1,1,1,1,1,1,1,1,1,1,1,1,1,1,1,1,1,1,1,1,1,1,
1,1,1,4),(0.862683089103263,0.8645916723749,0.866500255646537,0.868408838918174,
0.870317422189812,0.874134588733087,0.877951755276361,0.881768921819636,
0.885586088362911,0.889403254906185,0.89322042144946,0.897037587992735,
0.898946171264372,0.900854754536009,0.902763337807647,0.904671921079284,
0.906580504350921,0.90753479598674,0.908489087622559,0.908966233440468,
0.909443379258377,0.910397670894196,0.911351962530015,0.912306254165833,
0.913260545801652,0.914214837437471,0.91469198325538,0.915169129073289,
0.916123420709108,0.917077712344927,0.918032003980745,0.918986295616564,
0.919463441434473,0.919940587252383,0.920894878888201,0.92184917052402,
0.922803462159839,0.923757753795657,0.924712045431476,0.925666337067295,
0.927574920338932,0.931392086882207,0.935209253425481,0.939026419968756,
0.942843586512031,0.946660753055306,0.948569336326943,0.95047791959858,
0.952386502870217,0.954295086141855,0.958112252685129,0.961929419228404,
0.969563752314953,0.977198085401503,0.984832418488052),.UNSPECIFIED.);
#635=B_SPLINE_CURVE_WITH_KNOTS('',3,(#4784,#4785,#4786,#4787,#4788,#4789,
#4790,#4791,#4792,#4793,#4794,#4795,#4796,#4797,#4798,#4799,#4800,#4801,
#4802,#4803,#4804,#4805,#4806,#4807,#4808,#4809,#4810,#4811,#4812,#4813,
#4814,#4815,#4816,#4817,#4818,#4819,#4820,#4821,#4822,#4823,#4824,#4825,
#4826,#4827,#4828,#4829,#4830,#4831,#4832,#4833,#4834,#4835,#4836,#4837,
#4838,#4839,#4840),.UNSPECIFIED.,.F.,.F.,(4,1,1,1,1,1,1,1,1,1,1,1,1,1,1,
1,1,1,1,1,1,1,1,1,1,1,1,1,1,1,1,1,1,1,1,1,1,1,1,1,1,1,1,1,1,1,1,1,1,1,1,
1,1,1,4),(0.862683089103263,0.8645916723749,0.866500255646537,0.868408838918174,
0.870317422189812,0.874134588733087,0.877951755276361,0.881768921819636,
0.885586088362911,0.889403254906185,0.89322042144946,0.897037587992735,
0.898946171264372,0.900854754536009,0.902763337807647,0.904671921079284,
0.906580504350921,0.90753479598674,0.908489087622559,0.908966233440468,
0.909443379258377,0.910397670894196,0.911351962530015,0.912306254165833,
0.913260545801652,0.914214837437471,0.91469198325538,0.915169129073289,
0.916123420709108,0.917077712344927,0.918032003980745,0.918986295616564,
0.919463441434473,0.919940587252383,0.920894878888201,0.92184917052402,
0.922803462159839,0.923757753795657,0.924712045431476,0.925666337067295,
0.927574920338932,0.931392086882207,0.935209253425481,0.939026419968756,
0.942843586512031,0.946660753055306,0.948569336326943,0.95047791959858,
0.952386502870217,0.954295086141855,0.958112252685129,0.961929419228404,
0.969563752314953,0.977198085401503,0.984832418488052),.UNSPECIFIED.);
#636=B_SPLINE_CURVE_WITH_KNOTS('',3,(#4865,#4866,#4867,#4868,#4869,#4870,
#4871,#4872,#4873,#4874,#4875,#4876,#4877,#4878,#4879,#4880,#4881,#4882,
#4883,#4884,#4885),.UNSPECIFIED.,.F.,.F.,(4,1,1,1,1,1,1,1,1,1,1,1,1,1,1,
1,1,1,4),(0.168529234432503,0.169722068178195,0.17031848505104,0.170914901923886,
0.172107735669578,0.173300569415269,0.17449340316096,0.175686236906652,
0.176879070652343,0.178071904398035,0.182843239380801,0.187614574363567,
0.192385909346333,0.197157244329099,0.206699914294631,0.216242584260163,
0.225785254225695,0.235327924191227,0.244870594156759),.UNSPECIFIED.);
#637=B_SPLINE_CURVE_WITH_KNOTS('',3,(#4889,#4890,#4891,#4892,#4893,#4894,
#4895,#4896,#4897,#4898,#4899,#4900,#4901,#4902,#4903,#4904,#4905,#4906,
#4907,#4908,#4909),.UNSPECIFIED.,.F.,.F.,(4,1,1,1,1,1,1,1,1,1,1,1,1,1,1,
1,1,1,4),(0.168529234432503,0.169722068178195,0.17031848505104,0.170914901923886,
0.172107735669578,0.173300569415269,0.17449340316096,0.175686236906652,
0.176879070652343,0.178071904398035,0.182843239380801,0.187614574363567,
0.192385909346333,0.197157244329099,0.206699914294631,0.216242584260163,
0.225785254225695,0.235327924191227,0.244870594156759),.UNSPECIFIED.);
#638=B_SPLINE_CURVE_WITH_KNOTS('',3,(#4946,#4947,#4948,#4949,#4950,#4951,
#4952,#4953,#4954,#4955,#4956,#4957,#4958,#4959,#4960,#4961,#4962,#4963,
#4964,#4965,#4966,#4967,#4968,#4969,#4970,#4971,#4972,#4973,#4974,#4975,
#4976,#4977,#4978,#4979,#4980,#4981,#4982,#4983),.UNSPECIFIED.,.F.,.F.,
(4,1,1,1,1,1,1,1,1,1,1,1,1,1,1,1,1,1,1,1,1,1,1,1,1,1,1,1,1,1,1,1,1,1,1,
4),(0.458525569536476,0.461493790114579,0.46297790040363,0.464462010692681,
0.467430231270784,0.468914341559836,0.470398451848887,0.47336667242699,
0.474850782716042,0.476334893005093,0.479303113583196,0.482271334161299,
0.485239554739402,0.488207775317505,0.494144216473711,0.506017098786123,
0.517889981098535,0.529762863410946,0.541635745723358,0.55350862803577,
0.577254392660594,0.601000157285417,0.624745921910241,0.636618804222653,
0.648491686535065,0.660364568847476,0.672237451159888,0.6841103334723,0.695983215784712,
0.719728980409536,0.743474745034359,0.767220509659183,0.790966274284007,
0.81471203890883,0.826584921221242,0.838457803533654),.UNSPECIFIED.);
#639=B_SPLINE_CURVE_WITH_KNOTS('',3,(#4987,#4988,#4989,#4990,#4991,#4992,
#4993,#4994,#4995,#4996,#4997,#4998,#4999,#5000,#5001,#5002,#5003,#5004,
#5005,#5006,#5007,#5008,#5009,#5010,#5011,#5012,#5013,#5014,#5015,#5016,
#5017,#5018,#5019,#5020,#5021,#5022,#5023,#5024),.UNSPECIFIED.,.F.,.F.,
(4,1,1,1,1,1,1,1,1,1,1,1,1,1,1,1,1,1,1,1,1,1,1,1,1,1,1,1,1,1,1,1,1,1,1,
4),(0.458525569536476,0.461493790114579,0.46297790040363,0.464462010692681,
0.467430231270784,0.468914341559836,0.470398451848887,0.47336667242699,
0.474850782716042,0.476334893005093,0.479303113583196,0.482271334161299,
0.485239554739402,0.488207775317505,0.494144216473711,0.506017098786123,
0.517889981098535,0.529762863410946,0.541635745723358,0.55350862803577,
0.577254392660594,0.601000157285417,0.624745921910241,0.636618804222653,
0.648491686535065,0.660364568847476,0.672237451159888,0.6841103334723,0.695983215784712,
0.719728980409536,0.743474745034359,0.767220509659183,0.790966274284007,
0.81471203890883,0.826584921221242,0.838457803533654),.UNSPECIFIED.);
#640=B_SPLINE_CURVE_WITH_KNOTS('',3,(#5047,#5048,#5049,#5050,#5051,#5052,
#5053,#5054,#5055,#5056,#5057,#5058,#5059,#5060,#5061,#5062,#5063),
 .UNSPECIFIED.,.F.,.F.,(4,1,1,1,1,1,1,1,1,1,1,1,1,1,4),(0.0305333918597431,
0.0547281995590277,0.0789230072583122,0.103117814957597,0.127312622656881,
0.151507430356166,0.163604834205808,0.16965353613063,0.175702238055451,
0.181750939980272,0.187799641905093,0.193848343829914,0.199897045754735,
0.211994449604377,0.22409185345402),.UNSPECIFIED.);
#641=B_SPLINE_CURVE_WITH_KNOTS('',3,(#5067,#5068,#5069,#5070,#5071,#5072,
#5073,#5074,#5075,#5076,#5077,#5078,#5079,#5080,#5081,#5082,#5083),
 .UNSPECIFIED.,.F.,.F.,(4,1,1,1,1,1,1,1,1,1,1,1,1,1,4),(0.0305333918597431,
0.0547281995590277,0.0789230072583122,0.103117814957597,0.127312622656881,
0.151507430356166,0.163604834205808,0.16965353613063,0.175702238055451,
0.181750939980272,0.187799641905093,0.193848343829914,0.199897045754735,
0.211994449604377,0.22409185345402),.UNSPECIFIED.);
#642=B_SPLINE_CURVE_WITH_KNOTS('',3,(#5122,#5123,#5124,#5125,#5126,#5127,
#5128,#5129,#5130,#5131,#5132,#5133,#5134,#5135,#5136,#5137,#5138,#5139,
#5140,#5141,#5142,#5143,#5144,#5145,#5146,#5147,#5148,#5149,#5150,#5151,
#5152,#5153,#5154,#5155,#5156,#5157,#5158,#5159,#5160,#5161),
 .UNSPECIFIED.,.F.,.F.,(4,1,1,1,1,1,1,1,1,1,1,1,1,1,1,1,1,1,1,1,1,1,1,1,
1,1,1,1,1,1,1,1,1,1,1,1,1,4),(0.31303056381971,0.317694276287847,0.320026132521916,
0.322357988755984,0.324689844990053,0.325855773107088,0.327021701224122,
0.329353557458191,0.331685413692259,0.334017269926328,0.336349126160396,
0.338680982394466,0.341012838628534,0.343344694862603,0.345676551096672,
0.350340263564809,0.355003976032946,0.359667688501084,0.364331400969222,
0.368995113437359,0.378322538373633,0.382986250841771,0.387649963309908,
0.392313675778046,0.394645532012114,0.396977388246184,0.401641100714321,
0.406304813182458,0.410968525650596,0.415632238118734,0.420295950586871,
0.424959663055008,0.429623375523146,0.434287087991283,0.43895080045942,
0.443614512927558,0.452941937863833,0.462269362800108),.UNSPECIFIED.);
#643=B_SPLINE_CURVE_WITH_KNOTS('',3,(#5165,#5166,#5167,#5168,#5169,#5170,
#5171,#5172,#5173,#5174,#5175,#5176,#5177,#5178,#5179,#5180,#5181,#5182,
#5183,#5184,#5185,#5186,#5187,#5188,#5189,#5190,#5191,#5192,#5193,#5194,
#5195,#5196,#5197,#5198,#5199,#5200,#5201,#5202,#5203,#5204),
 .UNSPECIFIED.,.F.,.F.,(4,1,1,1,1,1,1,1,1,1,1,1,1,1,1,1,1,1,1,1,1,1,1,1,
1,1,1,1,1,1,1,1,1,1,1,1,1,4),(0.31303056381971,0.317694276287847,0.320026132521916,
0.322357988755984,0.324689844990053,0.325855773107088,0.327021701224122,
0.329353557458191,0.331685413692259,0.334017269926328,0.336349126160396,
0.338680982394466,0.341012838628534,0.343344694862603,0.345676551096672,
0.350340263564809,0.355003976032946,0.359667688501084,0.364331400969222,
0.368995113437359,0.378322538373633,0.382986250841771,0.387649963309908,
0.392313675778046,0.394645532012114,0.396977388246184,0.401641100714321,
0.406304813182458,0.410968525650596,0.415632238118734,0.420295950586871,
0.424959663055008,0.429623375523146,0.434287087991283,0.43895080045942,
0.443614512927558,0.452941937863833,0.462269362800108),.UNSPECIFIED.);
#644=B_SPLINE_CURVE_WITH_KNOTS('',3,(#5247,#5248,#5249,#5250,#5251,#5252,
#5253,#5254,#5255,#5256,#5257,#5258,#5259,#5260,#5261,#5262,#5263,#5264,
#5265,#5266,#5267,#5268,#5269,#5270,#5271,#5272,#5273,#5274,#5275,#5276,
#5277,#5278,#5279,#5280,#5281,#5282,#5283,#5284,#5285,#5286,#5287,#5288,
#5289,#5290,#5291),.UNSPECIFIED.,.F.,.F.,(4,1,1,1,1,1,1,1,1,1,1,1,1,1,1,
1,1,1,1,1,1,1,1,1,1,1,1,1,1,1,1,1,1,1,1,1,1,1,1,1,1,1,4),(0.522784266815197,
0.53953115577786,0.547904600259191,0.556278044740523,0.573024933703185,
0.589771822665848,0.606518711628511,0.623265600591174,0.640012489553837,
0.648385934035169,0.6567593785165,0.665132822997832,0.673506267479163,0.690253156441826,
0.707000045404489,0.723746934367152,0.740493823329815,0.757240712292478,
0.790734490217804,0.824228268143129,0.857722046068455,0.891215823993781,
0.907962712956444,0.924709601919107,0.94145649088177,0.958203379844433,
0.966576824325764,0.974950268807096,0.983323713288427,0.987510435529093,
0.991697157769759,0.995883880010424,0.997977241130757,1.00007060225109,
1.00216396337142,1.00425732449176,1.00844404673242,1.01263076897309,1.01681749121375,
1.02519093569508,1.03356438017642,1.04193782465775,1.05868471362041),
 .UNSPECIFIED.);
#645=B_SPLINE_CURVE_WITH_KNOTS('',3,(#5295,#5296,#5297,#5298,#5299,#5300,
#5301,#5302,#5303,#5304,#5305,#5306,#5307,#5308,#5309,#5310,#5311,#5312,
#5313,#5314,#5315,#5316,#5317,#5318,#5319,#5320,#5321,#5322,#5323,#5324,
#5325,#5326,#5327,#5328,#5329,#5330,#5331,#5332,#5333,#5334,#5335,#5336,
#5337,#5338,#5339),.UNSPECIFIED.,.F.,.F.,(4,1,1,1,1,1,1,1,1,1,1,1,1,1,1,
1,1,1,1,1,1,1,1,1,1,1,1,1,1,1,1,1,1,1,1,1,1,1,1,1,1,1,4),(0.522784266815197,
0.53953115577786,0.547904600259191,0.556278044740523,0.573024933703185,
0.589771822665848,0.606518711628511,0.623265600591174,0.640012489553837,
0.648385934035169,0.6567593785165,0.665132822997832,0.673506267479163,0.690253156441826,
0.707000045404489,0.723746934367152,0.740493823329815,0.757240712292478,
0.790734490217804,0.824228268143129,0.857722046068455,0.891215823993781,
0.907962712956444,0.924709601919107,0.94145649088177,0.958203379844433,
0.966576824325764,0.974950268807096,0.983323713288427,0.987510435529093,
0.991697157769759,0.995883880010424,0.997977241130757,1.00007060225109,
1.00216396337142,1.00425732449176,1.00844404673242,1.01263076897309,1.01681749121375,
1.02519093569508,1.03356438017642,1.04193782465775,1.05868471362041),
 .UNSPECIFIED.);
#646=B_SPLINE_CURVE_WITH_KNOTS('',3,(#5372,#5373,#5374,#5375,#5376,#5377,
#5378,#5379,#5380,#5381,#5382,#5383,#5384,#5385,#5386,#5387,#5388,#5389,
#5390,#5391,#5392,#5393,#5394,#5395,#5396,#5397,#5398,#5399,#5400,#5401),
 .UNSPECIFIED.,.F.,.F.,(4,1,1,1,1,1,1,1,1,1,1,1,1,1,1,1,1,1,1,1,1,1,1,1,
1,1,1,4),(-0.0149800503674853,-0.0102130328473854,-0.00544601532728552,
-0.000678997807185635,0.00408801971291425,0.00885503723301413,0.013622054753114,
0.0183890722732139,0.0231560897933138,0.0279231073134136,0.0326901248335136,
0.0374571423536134,0.0422241598737133,0.0469911773938132,0.0493746861538631,
0.0517581949139131,0.054141703673963,0.056525212434013,0.0612922299541129,
0.0660592474742127,0.0708262649943126,0.0803603000345124,0.0898943350747122,
0.0994283701149119,0.108962405155112,0.118496440195311,0.128030475235511,
0.137564510275711),.UNSPECIFIED.);
#647=B_SPLINE_CURVE_WITH_KNOTS('',3,(#5405,#5406,#5407,#5408,#5409,#5410,
#5411,#5412,#5413,#5414,#5415,#5416,#5417,#5418,#5419,#5420,#5421,#5422,
#5423,#5424,#5425,#5426,#5427,#5428,#5429,#5430,#5431,#5432,#5433,#5434),
 .UNSPECIFIED.,.F.,.F.,(4,1,1,1,1,1,1,1,1,1,1,1,1,1,1,1,1,1,1,1,1,1,1,1,
1,1,1,4),(-0.0149800503674853,-0.0102130328473854,-0.00544601532728552,
-0.000678997807185635,0.00408801971291425,0.00885503723301413,0.013622054753114,
0.0183890722732139,0.0231560897933138,0.0279231073134136,0.0326901248335136,
0.0374571423536134,0.0422241598737133,0.0469911773938132,0.0493746861538631,
0.0517581949139131,0.054141703673963,0.056525212434013,0.0612922299541129,
0.0660592474742127,0.0708262649943126,0.0803603000345124,0.0898943350747122,
0.0994283701149119,0.108962405155112,0.118496440195311,0.128030475235511,
0.137564510275711),.UNSPECIFIED.);
#648=B_SPLINE_CURVE_WITH_KNOTS('',3,(#5529,#5530,#5531,#5532,#5533,#5534,
#5535,#5536,#5537,#5538,#5539,#5540,#5541,#5542,#5543,#5544,#5545,#5546,
#5547,#5548,#5549,#5550,#5551,#5552,#5553,#5554,#5555,#5556,#5557,#5558,
#5559,#5560,#5561,#5562,#5563,#5564,#5565,#5566,#5567,#5568,#5569,#5570,
#5571,#5572,#5573,#5574,#5575,#5576,#5577,#5578,#5579,#5580,#5581,#5582,
#5583,#5584,#5585,#5586,#5587,#5588,#5589,#5590,#5591,#5592,#5593,#5594,
#5595,#5596,#5597,#5598,#5599,#5600,#5601,#5602,#5603,#5604,#5605,#5606,
#5607,#5608,#5609,#5610,#5611,#5612,#5613,#5614,#5615,#5616,#5617,#5618,
#5619,#5620,#5621,#5622,#5623),.UNSPECIFIED.,.F.,.F.,(4,1,1,1,1,1,1,1,1,
1,1,1,1,1,1,1,1,1,1,1,1,1,1,1,1,1,1,1,1,1,1,1,1,1,1,1,1,1,1,1,1,1,1,1,1,
1,1,1,1,1,1,1,1,1,1,1,1,1,1,1,1,1,1,1,1,1,1,1,1,1,1,1,1,1,1,1,1,1,1,1,1,
1,1,1,1,1,1,1,1,1,1,1,4),(0.205262214377787,0.210691512847954,0.216120811318119,
0.218835460553202,0.221550109788285,0.224264759023368,0.226979408258451,
0.237838005198782,0.243267303668948,0.248696602139113,0.25412590060928,
0.259555199079446,0.264984497549611,0.270413796019776,0.27312844525486,
0.275843094489942,0.278557743725026,0.281272392960108,0.286701691430274,
0.29213098990044,0.294845639135522,0.297560288370605,0.300274937605689,
0.302989586840771,0.305704236075854,0.308418885310937,0.31113353454602,
0.313848183781103,0.315205508398644,0.316562833016185,0.317241495324956,
0.317920157633727,0.318598819942498,0.319277482251269,0.319616813405654,
0.31995614456004,0.32063480686881,0.320974138023196,0.321313469177581,0.321652800331966,
0.321992131486352,0.322670793795122,0.323010124949507,0.323349456103893,
0.323688787258278,0.323858452835471,0.324028118412663,0.324367449567049,
0.324706780721434,0.325046111875819,0.325385443030205,0.325724774184591,
0.326064105338976,0.326742767647747,0.327082098802132,0.327421429956517,
0.327760761110903,0.328100092265288,0.328778754574059,0.329457416882829,
0.3301360791916,0.330814741500371,0.331493403809141,0.332850728426683,0.334208053044225,
0.335565377661766,0.338280026896848,0.340994676131932,0.343709325367014,
0.346423974602098,0.34913862383718,0.351853273072263,0.354567922307346,
0.357282571542429,0.359997220777512,0.362711870012594,0.365426519247677,
0.368141168482761,0.370855817717843,0.372213142335384,0.372891804644156,
0.373570466952926,0.374249129261697,0.374927791570468,0.375606453879238,
0.376285116188009,0.376624447342394,0.37696377849678,0.377642440805551,
0.377981771959936,0.378321103114321,0.378660434268706,0.378999765423092),
 .UNSPECIFIED.);
#649=B_SPLINE_CURVE_WITH_KNOTS('',3,(#5627,#5628,#5629,#5630,#5631,#5632,
#5633,#5634,#5635,#5636,#5637,#5638,#5639,#5640,#5641,#5642,#5643,#5644,
#5645,#5646,#5647,#5648,#5649,#5650,#5651,#5652,#5653,#5654,#5655,#5656,
#5657,#5658,#5659,#5660,#5661,#5662,#5663,#5664,#5665,#5666,#5667,#5668,
#5669,#5670,#5671,#5672,#5673,#5674,#5675,#5676,#5677,#5678,#5679,#5680,
#5681,#5682,#5683,#5684,#5685,#5686,#5687,#5688,#5689,#5690,#5691,#5692,
#5693,#5694,#5695,#5696,#5697,#5698,#5699,#5700,#5701,#5702,#5703,#5704,
#5705,#5706,#5707,#5708,#5709,#5710,#5711,#5712,#5713,#5714,#5715,#5716,
#5717,#5718,#5719,#5720,#5721),.UNSPECIFIED.,.F.,.F.,(4,1,1,1,1,1,1,1,1,
1,1,1,1,1,1,1,1,1,1,1,1,1,1,1,1,1,1,1,1,1,1,1,1,1,1,1,1,1,1,1,1,1,1,1,1,
1,1,1,1,1,1,1,1,1,1,1,1,1,1,1,1,1,1,1,1,1,1,1,1,1,1,1,1,1,1,1,1,1,1,1,1,
1,1,1,1,1,1,1,1,1,1,1,4),(0.205262214377787,0.210691512847954,0.216120811318119,
0.218835460553202,0.221550109788285,0.224264759023368,0.226979408258451,
0.237838005198782,0.243267303668948,0.248696602139113,0.25412590060928,
0.259555199079446,0.264984497549611,0.270413796019776,0.27312844525486,
0.275843094489942,0.278557743725026,0.281272392960108,0.286701691430274,
0.29213098990044,0.294845639135522,0.297560288370605,0.300274937605689,
0.302989586840771,0.305704236075854,0.308418885310937,0.31113353454602,
0.313848183781103,0.315205508398644,0.316562833016185,0.317241495324956,
0.317920157633727,0.318598819942498,0.319277482251269,0.319616813405654,
0.31995614456004,0.32063480686881,0.320974138023196,0.321313469177581,0.321652800331966,
0.321992131486352,0.322670793795122,0.323010124949507,0.323349456103893,
0.323688787258278,0.323858452835471,0.324028118412663,0.324367449567049,
0.324706780721434,0.325046111875819,0.325385443030205,0.325724774184591,
0.326064105338976,0.326742767647747,0.327082098802132,0.327421429956517,
0.327760761110903,0.328100092265288,0.328778754574059,0.329457416882829,
0.3301360791916,0.330814741500371,0.331493403809141,0.332850728426683,0.334208053044225,
0.335565377661766,0.338280026896848,0.340994676131932,0.343709325367014,
0.346423974602098,0.34913862383718,0.351853273072263,0.354567922307346,
0.357282571542429,0.359997220777512,0.362711870012594,0.365426519247677,
0.368141168482761,0.370855817717843,0.372213142335384,0.372891804644156,
0.373570466952926,0.374249129261697,0.374927791570468,0.375606453879238,
0.376285116188009,0.376624447342394,0.37696377849678,0.377642440805551,
0.377981771959936,0.378321103114321,0.378660434268706,0.378999765423092),
 .UNSPECIFIED.);
#650=B_SPLINE_CURVE_WITH_KNOTS('',3,(#5790,#5791,#5792,#5793,#5794,#5795,
#5796,#5797,#5798,#5799,#5800,#5801,#5802,#5803,#5804,#5805,#5806,#5807,
#5808,#5809,#5810,#5811,#5812,#5813,#5814,#5815,#5816,#5817,#5818,#5819,
#5820,#5821,#5822,#5823,#5824,#5825,#5826,#5827,#5828,#5829,#5830,#5831,
#5832,#5833,#5834,#5835,#5836,#5837,#5838,#5839,#5840,#5841,#5842,#5843,
#5844,#5845,#5846,#5847,#5848,#5849,#5850,#5851,#5852,#5853,#5854),
 .UNSPECIFIED.,.F.,.F.,(4,1,1,1,1,1,1,1,1,1,1,1,1,1,1,1,1,1,1,1,1,1,1,1,
1,1,1,1,1,1,1,1,1,1,1,1,1,1,1,1,1,1,1,1,1,1,1,1,1,1,1,1,1,1,1,1,1,1,1,1,
1,1,4),(0.389878207102865,0.397165623770797,0.404453040438728,0.408096748772694,
0.41174045710666,0.415384165440626,0.417206019607609,0.419027873774591,
0.420849727941574,0.422671582108557,0.424493436275539,0.426315290442523,
0.429958998776488,0.433602707110454,0.43724641544442,0.440890123778386,
0.448177540446317,0.451821248780283,0.455464957114248,0.459108665448214,
0.460930519615197,0.46275237378218,0.466396082116146,0.470039790450111,
0.477327207118043,0.484614623785974,0.491902040453906,0.499189457121837,
0.502833165455803,0.506476873789769,0.510120582123734,0.5137642904577,0.517407998791666,
0.521051707125631,0.528339123793563,0.535626540461494,0.542913957129426,
0.550201373797357,0.557488790465289,0.56477620713322,0.568419915467186,
0.572063623801152,0.579351040469083,0.586638457137014,0.593925873804946,
0.597569582138912,0.601213290472877,0.604856998806843,0.608500707140809,
0.610322561307792,0.612144415474774,0.613966269641757,0.614877196725249,
0.61578812380874,0.616699050892232,0.617609977975723,0.618520905059214,
0.619431832142706,0.620342759226197,0.620798222767943,0.621253686309689,
0.62216461339318,0.623075540476672),.UNSPECIFIED.);
#651=B_SPLINE_CURVE_WITH_KNOTS('',3,(#5855,#5856,#5857,#5858,#5859,#5860,
#5861,#5862,#5863,#5864,#5865,#5866,#5867,#5868,#5869,#5870,#5871,#5872,
#5873,#5874,#5875,#5876,#5877,#5878,#5879,#5880,#5881,#5882,#5883,#5884,
#5885,#5886,#5887,#5888,#5889,#5890,#5891,#5892,#5893,#5894,#5895,#5896,
#5897,#5898,#5899,#5900,#5901,#5902,#5903,#5904,#5905,#5906,#5907,#5908,
#5909,#5910,#5911,#5912,#5913,#5914,#5915,#5916,#5917,#5918,#5919),
 .UNSPECIFIED.,.F.,.F.,(4,1,1,1,1,1,1,1,1,1,1,1,1,1,1,1,1,1,1,1,1,1,1,1,
1,1,1,1,1,1,1,1,1,1,1,1,1,1,1,1,1,1,1,1,1,1,1,1,1,1,1,1,1,1,1,1,1,1,1,1,
1,1,4),(0.389878207102865,0.397165623770797,0.404453040438728,0.408096748772694,
0.41174045710666,0.415384165440626,0.417206019607609,0.419027873774591,
0.420849727941574,0.422671582108557,0.424493436275539,0.426315290442523,
0.429958998776488,0.433602707110454,0.43724641544442,0.440890123778386,
0.448177540446317,0.451821248780283,0.455464957114248,0.459108665448214,
0.460930519615197,0.46275237378218,0.466396082116146,0.470039790450111,
0.477327207118043,0.484614623785974,0.491902040453906,0.499189457121837,
0.502833165455803,0.506476873789769,0.510120582123734,0.5137642904577,0.517407998791666,
0.521051707125631,0.528339123793563,0.535626540461494,0.542913957129426,
0.550201373797357,0.557488790465289,0.56477620713322,0.568419915467186,
0.572063623801152,0.579351040469083,0.586638457137014,0.593925873804946,
0.597569582138912,0.601213290472877,0.604856998806843,0.608500707140809,
0.610322561307792,0.612144415474774,0.613966269641757,0.614877196725249,
0.61578812380874,0.616699050892232,0.617609977975723,0.618520905059214,
0.619431832142706,0.620342759226197,0.620798222767943,0.621253686309689,
0.62216461339318,0.623075540476672),.UNSPECIFIED.);
#652=B_SPLINE_CURVE_WITH_KNOTS('',3,(#5978,#5979,#5980,#5981,#5982,#5983,
#5984,#5985,#5986,#5987,#5988,#5989,#5990,#5991,#5992,#5993,#5994,#5995,
#5996,#5997,#5998,#5999,#6000,#6001,#6002,#6003,#6004,#6005,#6006,#6007,
#6008,#6009,#6010,#6011,#6012,#6013,#6014,#6015,#6016,#6017,#6018,#6019,
#6020,#6021,#6022),.UNSPECIFIED.,.F.,.F.,(4,1,1,1,1,1,1,1,1,1,1,1,1,1,1,
1,1,1,1,1,1,1,1,1,1,1,1,1,1,1,1,1,1,1,1,1,1,1,1,1,1,1,4),(0.858993625334341,
0.861064486063595,0.863135346792849,0.864170777157477,0.865206207522103,
0.867277068251358,0.869347928980612,0.871418789709866,0.875560511168374,
0.879702232626882,0.88384395408539,0.887985675543898,0.892127397002406,
0.896269118460914,0.900410839919422,0.902481700648676,0.90455256137793,
0.906623422107184,0.908694282836438,0.910765143565692,0.911800573930319,
0.912836004294946,0.913871434659573,0.9149068650242,0.916977725753454,0.919048586482708,
0.921119447211962,0.923190307941216,0.925261168670471,0.929402890128979,
0.933544611587487,0.937686333045995,0.941828054504503,0.945969775963011,
0.950111497421519,0.952182358150773,0.954253218880027,0.958394940338535,
0.962536661797043,0.966678383255551,0.974961826172568,0.983245269089584,
0.9915287120066),.UNSPECIFIED.);
#653=B_SPLINE_CURVE_WITH_KNOTS('',3,(#6023,#6024,#6025,#6026,#6027,#6028,
#6029,#6030,#6031,#6032,#6033,#6034,#6035,#6036,#6037,#6038,#6039,#6040,
#6041,#6042,#6043,#6044,#6045,#6046,#6047,#6048,#6049,#6050,#6051,#6052,
#6053,#6054,#6055,#6056,#6057,#6058,#6059,#6060,#6061,#6062,#6063,#6064,
#6065,#6066,#6067),.UNSPECIFIED.,.F.,.F.,(4,1,1,1,1,1,1,1,1,1,1,1,1,1,1,
1,1,1,1,1,1,1,1,1,1,1,1,1,1,1,1,1,1,1,1,1,1,1,1,1,1,1,4),(0.858993625334341,
0.861064486063595,0.863135346792849,0.864170777157477,0.865206207522103,
0.867277068251358,0.869347928980612,0.871418789709866,0.875560511168374,
0.879702232626882,0.88384395408539,0.887985675543898,0.892127397002406,
0.896269118460914,0.900410839919422,0.902481700648676,0.90455256137793,
0.906623422107184,0.908694282836438,0.910765143565692,0.911800573930319,
0.912836004294946,0.913871434659573,0.9149068650242,0.916977725753454,0.919048586482708,
0.921119447211962,0.923190307941216,0.925261168670471,0.929402890128979,
0.933544611587487,0.937686333045995,0.941828054504503,0.945969775963011,
0.950111497421519,0.952182358150773,0.954253218880027,0.958394940338535,
0.962536661797043,0.966678383255551,0.974961826172568,0.983245269089584,
0.9915287120066),.UNSPECIFIED.);
#654=EDGE_LOOP('',(#134,#135,#136,#137,#138,#139,#140,#141,#142));
#655=EDGE_LOOP('',(#143,#144,#145,#146,#147,#148,#149,#150,#151));
#656=EDGE_LOOP('',(#152,#153,#154,#155));
#657=EDGE_LOOP('',(#156,#157,#158,#159));
#658=EDGE_LOOP('',(#160,#161,#162,#163));
#659=EDGE_LOOP('',(#164,#165,#166,#167));
#660=EDGE_LOOP('',(#168,#169,#170,#171));
#661=EDGE_LOOP('',(#172,#173,#174,#175));
#662=EDGE_LOOP('',(#176,#177,#178,#179));
#663=EDGE_LOOP('',(#180,#181,#182,#183));
#664=EDGE_LOOP('',(#184,#185,#186,#187));
#665=EDGE_LOOP('',(#188,#189,#190,#191));
#666=EDGE_LOOP('',(#192,#193,#194,#195));
#667=EDGE_LOOP('',(#196,#197,#198,#199));
#668=EDGE_LOOP('',(#200,#201,#202,#203,#204,#205,#206,#207,#208));
#669=EDGE_LOOP('',(#209,#210,#211));
#670=EDGE_LOOP('',(#212,#213,#214,#215));
#671=EDGE_LOOP('',(#216,#217,#218,#219));
#672=EDGE_LOOP('',(#220,#221,#222,#223));
#673=EDGE_LOOP('',(#224,#225,#226,#227));
#674=EDGE_LOOP('',(#228,#229,#230,#231));
#675=EDGE_LOOP('',(#232,#233,#234,#235));
#676=EDGE_LOOP('',(#236,#237,#238,#239));
#677=EDGE_LOOP('',(#240,#241,#242,#243));
#678=EDGE_LOOP('',(#244,#245,#246,#247));
#679=EDGE_LOOP('',(#248,#249,#250,#251,#252,#253,#254,#255,#256));
#680=EDGE_LOOP('',(#257,#258,#259));
#681=EDGE_LOOP('',(#260,#261,#262,#263));
#682=EDGE_LOOP('',(#264,#265,#266,#267));
#683=EDGE_LOOP('',(#268,#269,#270,#271));
#684=EDGE_LOOP('',(#272,#273,#274,#275));
#685=EDGE_LOOP('',(#276,#277,#278,#279));
#686=EDGE_LOOP('',(#280,#281,#282,#283));
#687=EDGE_LOOP('',(#284,#285,#286,#287));
#688=EDGE_LOOP('',(#288,#289,#290,#291));
#689=EDGE_LOOP('',(#292,#293,#294,#295));
#690=EDGE_LOOP('',(#296,#297,#298,#299));
#691=EDGE_LOOP('',(#300,#301,#302,#303));
#692=EDGE_LOOP('',(#304,#305,#306,#307));
#693=EDGE_LOOP('',(#308,#309,#310,#311));
#694=EDGE_LOOP('',(#312,#313,#314,#315));
#695=EDGE_LOOP('',(#316,#317,#318,#319));
#696=EDGE_LOOP('',(#320,#321,#322,#323));
#697=EDGE_LOOP('',(#324,#325,#326,#327));
#698=EDGE_LOOP('',(#328,#329,#330,#331));
#699=EDGE_LOOP('',(#332,#333,#334,#335));
#700=EDGE_LOOP('',(#336,#337,#338,#339,#340,#341,#342,#343,#344,#345));
#701=EDGE_LOOP('',(#346,#347,#348,#349,#350,#351,#352,#353,#354));
#702=EDGE_LOOP('',(#355,#356,#357,#358,#359,#360,#361,#362,#363,#364));
#703=EDGE_LOOP('',(#365,#366,#367,#368,#369,#370,#371,#372,#373));
#704=FACE_BOUND('',#654,.T.);
#705=FACE_BOUND('',#655,.T.);
#706=FACE_BOUND('',#656,.T.);
#707=FACE_BOUND('',#657,.T.);
#708=FACE_BOUND('',#658,.T.);
#709=FACE_BOUND('',#659,.T.);
#710=FACE_BOUND('',#660,.T.);
#711=FACE_BOUND('',#661,.T.);
#712=FACE_BOUND('',#662,.T.);
#713=FACE_BOUND('',#663,.T.);
#714=FACE_BOUND('',#664,.T.);
#715=FACE_BOUND('',#665,.T.);
#716=FACE_BOUND('',#666,.T.);
#717=FACE_BOUND('',#667,.T.);
#718=FACE_BOUND('',#668,.T.);
#719=FACE_BOUND('',#669,.T.);
#720=FACE_BOUND('',#670,.T.);
#721=FACE_BOUND('',#671,.T.);
#722=FACE_BOUND('',#672,.T.);
#723=FACE_BOUND('',#673,.T.);
#724=FACE_BOUND('',#674,.T.);
#725=FACE_BOUND('',#675,.T.);
#726=FACE_BOUND('',#676,.T.);
#727=FACE_BOUND('',#677,.T.);
#728=FACE_BOUND('',#678,.T.);
#729=FACE_BOUND('',#679,.T.);
#730=FACE_BOUND('',#680,.T.);
#731=FACE_BOUND('',#681,.T.);
#732=FACE_BOUND('',#682,.T.);
#733=FACE_BOUND('',#683,.T.);
#734=FACE_BOUND('',#684,.T.);
#735=FACE_BOUND('',#685,.T.);
#736=FACE_BOUND('',#686,.T.);
#737=FACE_BOUND('',#687,.T.);
#738=FACE_BOUND('',#688,.T.);
#739=FACE_BOUND('',#689,.T.);
#740=FACE_BOUND('',#690,.T.);
#741=FACE_BOUND('',#691,.T.);
#742=FACE_BOUND('',#692,.T.);
#743=FACE_BOUND('',#693,.T.);
#744=FACE_BOUND('',#694,.T.);
#745=FACE_BOUND('',#695,.T.);
#746=FACE_BOUND('',#696,.T.);
#747=FACE_BOUND('',#697,.T.);
#748=FACE_BOUND('',#698,.T.);
#749=FACE_BOUND('',#699,.T.);
#750=FACE_BOUND('',#700,.T.);
#751=FACE_BOUND('',#701,.T.);
#752=FACE_BOUND('',#702,.T.);
#753=FACE_BOUND('',#703,.T.);
#754=PLANE('',#829);
#755=PLANE('',#830);
#756=PLANE('',#831);
#757=PLANE('',#833);
#758=PLANE('',#834);
#759=ADVANCED_FACE('',(#704,#705),#754,.F.);
#760=ADVANCED_FACE('',(#706),#94,.F.);
#761=ADVANCED_FACE('',(#707),#95,.F.);
#762=ADVANCED_FACE('',(#708),#96,.T.);
#763=ADVANCED_FACE('',(#709),#97,.T.);
#764=ADVANCED_FACE('',(#710),#98,.T.);
#765=ADVANCED_FACE('',(#711),#99,.T.);
#766=ADVANCED_FACE('',(#712),#100,.T.);
#767=ADVANCED_FACE('',(#713),#101,.T.);
#768=ADVANCED_FACE('',(#714),#102,.T.);
#769=ADVANCED_FACE('',(#715),#103,.T.);
#770=ADVANCED_FACE('',(#716),#104,.T.);
#771=ADVANCED_FACE('',(#717),#105,.F.);
#772=ADVANCED_FACE('',(#718,#719),#755,.T.);
#773=ADVANCED_FACE('',(#720),#106,.F.);
#774=ADVANCED_FACE('',(#721),#107,.F.);
#775=ADVANCED_FACE('',(#722),#108,.F.);
#776=ADVANCED_FACE('',(#723),#109,.F.);
#777=ADVANCED_FACE('',(#724),#110,.F.);
#778=ADVANCED_FACE('',(#725),#111,.F.);
#779=ADVANCED_FACE('',(#726),#112,.F.);
#780=ADVANCED_FACE('',(#727),#113,.F.);
#781=ADVANCED_FACE('',(#728),#114,.F.);
#782=ADVANCED_FACE('',(#729,#730),#756,.F.);
#783=ADVANCED_FACE('',(#731),#115,.T.);
#784=ADVANCED_FACE('',(#732),#116,.T.);
#785=ADVANCED_FACE('',(#733),#117,.T.);
#786=ADVANCED_FACE('',(#734),#118,.T.);
#787=ADVANCED_FACE('',(#735),#119,.T.);
#788=ADVANCED_FACE('',(#736),#120,.T.);
#789=ADVANCED_FACE('',(#737),#121,.T.);
#790=ADVANCED_FACE('',(#738),#122,.T.);
#791=ADVANCED_FACE('',(#739),#123,.F.);
#792=ADVANCED_FACE('',(#740),#124,.F.);
#793=ADVANCED_FACE('',(#741),#125,.F.);
#794=ADVANCED_FACE('',(#742),#126,.F.);
#795=ADVANCED_FACE('',(#743),#127,.F.);
#796=ADVANCED_FACE('',(#744),#128,.F.);
#797=ADVANCED_FACE('',(#745),#129,.F.);
#798=ADVANCED_FACE('',(#746),#130,.F.);
#799=ADVANCED_FACE('',(#747),#131,.F.);
#800=ADVANCED_FACE('',(#748),#132,.F.);
#801=ADVANCED_FACE('',(#749),#133,.T.);
#802=ADVANCED_FACE('',(#750,#751),#757,.F.);
#803=ADVANCED_FACE('',(#752,#753),#758,.T.);
#804=CLOSED_SHELL('',(#759,#760,#761,#762,#763,#764,#765,#766,#767,#768,
#769,#770,#771,#772,#773,#774,#775,#776,#777,#778,#779,#780,#781,#782));
#805=CLOSED_SHELL('',(#783,#784,#785,#786,#787,#788,#789,#790,#791,#792,
#793,#794,#795,#796,#797,#798,#799,#800,#801,#802,#803));
#806=STYLED_ITEM('',(#808),#822);
#807=STYLED_ITEM('',(#809),#823);
#808=PRESENTATION_STYLE_ASSIGNMENT((#810));
#809=PRESENTATION_STYLE_ASSIGNMENT((#811));
#810=SURFACE_STYLE_USAGE(.BOTH.,#812);
#811=SURFACE_STYLE_USAGE(.BOTH.,#813);
#812=SURFACE_SIDE_STYLE('',(#814));
#813=SURFACE_SIDE_STYLE('',(#815));
#814=SURFACE_STYLE_FILL_AREA(#816);
#815=SURFACE_STYLE_FILL_AREA(#817);
#816=FILL_AREA_STYLE('',(#818));
#817=FILL_AREA_STYLE('',(#819));
#818=FILL_AREA_STYLE_COLOUR('',#820);
#819=FILL_AREA_STYLE_COLOUR('',#821);
#820=COLOUR_RGB('',0.231372549019608,0.380392156862745,0.705882352941177);
#821=COLOUR_RGB('',0.768627450980392,0.886274509803922,0.952941176470588);
#822=MANIFOLD_SOLID_BREP('Part 3',#804);
#823=MANIFOLD_SOLID_BREP('Part 4',#805);
#824=SHAPE_DEFINITION_REPRESENTATION(#6082,#826);
#825=SHAPE_DEFINITION_REPRESENTATION(#6083,#827);
#826=SHAPE_REPRESENTATION('Part 3',(#828),#6072);
#827=SHAPE_REPRESENTATION('Part 4',(#832),#6073);
#828=AXIS2_PLACEMENT_3D('',#889,#835,#836);
#829=AXIS2_PLACEMENT_3D('',#890,#837,#838);
#830=AXIS2_PLACEMENT_3D('',#2700,#851,#852);
#831=AXIS2_PLACEMENT_3D('',#3533,#862,#863);
#832=AXIS2_PLACEMENT_3D('',#3534,#864,#865);
#833=AXIS2_PLACEMENT_3D('',#6068,#885,#886);
#834=AXIS2_PLACEMENT_3D('',#6069,#887,#888);
#835=DIRECTION('',(0.,0.,1.));
#836=DIRECTION('',(1.,0.,0.));
#837=DIRECTION('',(0.,0.,1.));
#838=DIRECTION('',(1.,0.,0.));
#839=DIRECTION('',(0.,0.,-1.));
#840=DIRECTION('',(0.,0.,-1.));
#841=DIRECTION('',(0.,0.,-1.));
#842=DIRECTION('',(0.,0.,-1.));
#843=DIRECTION('',(0.,0.,-1.));
#844=DIRECTION('',(0.,0.,-1.));
#845=DIRECTION('',(0.,0.,-1.));
#846=DIRECTION('',(0.,0.,-1.));
#847=DIRECTION('',(0.,0.,-1.));
#848=DIRECTION('',(0.,0.,-1.));
#849=DIRECTION('',(0.,0.,-1.));
#850=DIRECTION('',(0.,0.,-1.));
#851=DIRECTION('',(0.,0.,1.));
#852=DIRECTION('',(1.,0.,0.));
#853=DIRECTION('',(0.,0.,1.));
#854=DIRECTION('',(0.,0.,1.));
#855=DIRECTION('',(0.,0.,1.));
#856=DIRECTION('',(0.,0.,1.));
#857=DIRECTION('',(0.,0.,1.));
#858=DIRECTION('',(0.,0.,1.));
#859=DIRECTION('',(0.,0.,1.));
#860=DIRECTION('',(0.,0.,1.));
#861=DIRECTION('',(0.,0.,1.));
#862=DIRECTION('',(0.,0.,1.));
#863=DIRECTION('',(1.,0.,0.));
#864=DIRECTION('',(0.,0.,1.));
#865=DIRECTION('',(1.,0.,0.));
#866=DIRECTION('',(0.,0.,1.));
#867=DIRECTION('',(0.,0.,1.));
#868=DIRECTION('',(0.,0.,1.));
#869=DIRECTION('',(0.,0.,1.));
#870=DIRECTION('',(0.,0.,1.));
#871=DIRECTION('',(0.,0.,1.));
#872=DIRECTION('',(0.,0.,1.));
#873=DIRECTION('',(0.,0.,1.));
#874=DIRECTION('',(0.,0.,1.));
#875=DIRECTION('',(0.,0.,1.));
#876=DIRECTION('',(0.,0.,1.));
#877=DIRECTION('',(0.,0.,1.));
#878=DIRECTION('',(0.,0.,1.));
#879=DIRECTION('',(0.,0.,1.));
#880=DIRECTION('',(0.,0.,1.));
#881=DIRECTION('',(0.,0.,1.));
#882=DIRECTION('',(0.,0.,1.));
#883=DIRECTION('',(0.,0.,1.));
#884=DIRECTION('',(0.,0.,1.));
#885=DIRECTION('',(0.,0.,1.));
#886=DIRECTION('',(1.,0.,0.));
#887=DIRECTION('',(0.,0.,1.));
#888=DIRECTION('',(1.,0.,0.));
#889=CARTESIAN_POINT('',(0.,0.,0.));
#890=CARTESIAN_POINT('',(-0.0613275623378206,-0.0645216217945754,0.));
#891=CARTESIAN_POINT('',(-0.0499327465399714,-0.06836422815815,0.));
#892=CARTESIAN_POINT('',(-0.0500335435997768,-0.0684676759066396,0.));
#893=CARTESIAN_POINT('',(-0.050258642369571,-0.0686749492142877,0.));
#894=CARTESIAN_POINT('',(-0.0505925101511495,-0.0689134419618116,0.));
#895=CARTESIAN_POINT('',(-0.050890364335577,-0.0690854462587648,0.));
#896=CARTESIAN_POINT('',(-0.0511919825198757,-0.0692357100204983,0.));
#897=CARTESIAN_POINT('',(-0.0515643899829382,-0.0693861568175065,0.));
#898=CARTESIAN_POINT('',(-0.0520158996086764,-0.0695289975827465,0.));
#899=CARTESIAN_POINT('',(-0.0526291751112553,-0.0696819841158216,0.));
#900=CARTESIAN_POINT('',(-0.053424523943658,-0.0698187462678085,0.));
#901=CARTESIAN_POINT('',(-0.0544235954118183,-0.0699172969783573,0.));
#902=CARTESIAN_POINT('',(-0.0554504312157074,-0.0699580449517696,0.));
#903=CARTESIAN_POINT('',(-0.0564824523574543,-0.0699445962136333,0.));
#904=CARTESIAN_POINT('',(-0.057495432343184,-0.0698779672016409,0.));
#905=CARTESIAN_POINT('',(-0.0584674654831871,-0.0697563750014632,0.));
#906=CARTESIAN_POINT('',(-0.0592308092431635,-0.069603945543487,0.));
#907=CARTESIAN_POINT('',(-0.0598162682527019,-0.0694393741459289,0.));
#908=CARTESIAN_POINT('',(-0.0602475453409496,-0.0692869596032419,0.));
#909=CARTESIAN_POINT('',(-0.0606792162240507,-0.0690918054923023,0.));
#910=CARTESIAN_POINT('',(-0.0611238435237609,-0.0688248271080513,0.));
#911=CARTESIAN_POINT('',(-0.0615132517555158,-0.0684960746405865,0.));
#912=CARTESIAN_POINT('',(-0.0618197294860277,-0.0681132858936562,0.));
#913=CARTESIAN_POINT('',(-0.0620178141916357,-0.0677715171763634,0.));
#914=CARTESIAN_POINT('',(-0.062163026037471,-0.0673920202502657,0.));
#915=CARTESIAN_POINT('',(-0.0622710943450632,-0.0668647227744806,0.));
#916=CARTESIAN_POINT('',(-0.0622439694251365,-0.0662386942581818,0.));
#917=CARTESIAN_POINT('',(-0.062063660500396,-0.0656512321602645,0.));
#918=CARTESIAN_POINT('',(-0.0618326529317625,-0.0651992743844668,0.));
#919=CARTESIAN_POINT('',(-0.0615846517413745,-0.0648328884495685,0.));
#920=CARTESIAN_POINT('',(-0.0612433986209267,-0.0644116875482134,0.));
#921=CARTESIAN_POINT('',(-0.0607995887720965,-0.0639546967368685,0.));
#922=CARTESIAN_POINT('',(-0.0602405458850901,-0.0634380560820364,0.));
#923=CARTESIAN_POINT('',(-0.0596679919185791,-0.0629290807919578,0.));
#924=CARTESIAN_POINT('',(-0.059104733469161,-0.0624203414463147,0.));
#925=CARTESIAN_POINT('',(-0.0585786266382812,-0.0619140424748617,0.));
#926=CARTESIAN_POINT('',(-0.0581980250951617,-0.0615036302983971,0.));
#927=CARTESIAN_POINT('',(-0.0579415141177272,-0.0611893328899179,0.));
#928=CARTESIAN_POINT('',(-0.057699825812592,-0.0608647740105771,0.));
#929=CARTESIAN_POINT('',(-0.0574288350076588,-0.0604458821350567,0.));
#930=CARTESIAN_POINT('',(-0.0571449881682684,-0.0599164185393937,0.));
#931=CARTESIAN_POINT('',(-0.0568157509369886,-0.0591720631532694,0.));
#932=CARTESIAN_POINT('',(-0.0564865116951681,-0.0581649437670765,0.));
#933=CARTESIAN_POINT('',(-0.0561970574197983,-0.0568367540435892,0.));
#934=CARTESIAN_POINT('',(-0.056054657282936,-0.0558826371406831,0.));
#935=CARTESIAN_POINT('',(-0.0559898805336529,-0.0553918054442652,0.));
#936=CARTESIAN_POINT('',(-0.0499327465399715,-0.0683642281581501,0.));
#937=CARTESIAN_POINT('',(-0.0559898805336529,-0.0553918054442652,0.));
#938=CARTESIAN_POINT('',(-0.0559898805336525,-0.0553918054442653,0.));
#939=CARTESIAN_POINT('',(-0.0561114628964395,-0.055345883618789,0.));
#940=CARTESIAN_POINT('',(-0.0563144539422858,-0.0552438782087127,0.));
#941=CARTESIAN_POINT('',(-0.0565997781655541,-0.0550461512836554,0.));
#942=CARTESIAN_POINT('',(-0.0568099212970864,-0.0548400828999899,0.));
#943=CARTESIAN_POINT('',(-0.0569639122584909,-0.0546515495312062,0.));
#944=CARTESIAN_POINT('',(-0.05707081573524,-0.054497166325114,0.));
#945=CARTESIAN_POINT('',(-0.0571539415854205,-0.0543623090687902,0.));
#946=CARTESIAN_POINT('',(-0.0572473370733667,-0.0541962455087589,0.));
#947=CARTESIAN_POINT('',(-0.0573463930266883,-0.0539998585602053,0.));
#948=CARTESIAN_POINT('',(-0.057456891824906,-0.0537597366230136,0.));
#949=CARTESIAN_POINT('',(-0.0575655716753299,-0.0535071992834929,0.));
#950=CARTESIAN_POINT('',(-0.0576754382931827,-0.0532392222010143,0.));
#951=CARTESIAN_POINT('',(-0.0578250348988813,-0.0528609280546299,0.));
#952=CARTESIAN_POINT('',(-0.0580189812790847,-0.0523508547405135,0.));
#953=CARTESIAN_POINT('',(-0.0582616450297406,-0.0516948219992719,0.));
#954=CARTESIAN_POINT('',(-0.0585104570126762,-0.0510156063908717,0.));
#955=CARTESIAN_POINT('',(-0.0586772650836421,-0.0505626270551147,0.));
#956=CARTESIAN_POINT('',(-0.0587599775730547,-0.0503402114747891,0.));
#957=CARTESIAN_POINT('',(-0.0587599775730547,-0.0503402114747891,0.));
#958=CARTESIAN_POINT('',(-0.0587599775730547,-0.0503402114747891,0.));
#959=CARTESIAN_POINT('',(-0.0589562317958376,-0.0503689819483862,0.));
#960=CARTESIAN_POINT('',(-0.0593413947567551,-0.0503686502543035,0.));
#961=CARTESIAN_POINT('',(-0.0598109173202723,-0.0502521791691444,0.));
#962=CARTESIAN_POINT('',(-0.0601657646938395,-0.0500897525187502,0.));
#963=CARTESIAN_POINT('',(-0.0605230575831695,-0.0498599051700238,0.));
#964=CARTESIAN_POINT('',(-0.0608261863618187,-0.0495826425200969,0.));
#965=CARTESIAN_POINT('',(-0.061093973660817,-0.0492698748141242,0.));
#966=CARTESIAN_POINT('',(-0.0613172027473462,-0.0489574560098597,0.));
#967=CARTESIAN_POINT('',(-0.0615189900655463,-0.048633932998423,0.));
#968=CARTESIAN_POINT('',(-0.061709634811235,-0.0482924324373216,0.));
#969=CARTESIAN_POINT('',(-0.0619554791477915,-0.0478087556176872,0.));
#970=CARTESIAN_POINT('',(-0.0622532093990258,-0.0471471672950149,0.));
#971=CARTESIAN_POINT('',(-0.0625990571599216,-0.0462641422416035,0.));
#972=CARTESIAN_POINT('',(-0.0629290806136311,-0.045302761835186,0.));
#973=CARTESIAN_POINT('',(-0.0632363165850829,-0.0442768217083832,0.));
#974=CARTESIAN_POINT('',(-0.0635123597970007,-0.0432014994261555,0.));
#975=CARTESIAN_POINT('',(-0.0637479946613381,-0.0420922140494006,0.));
#976=CARTESIAN_POINT('',(-0.0639332554932072,-0.0409638884821066,0.));
#977=CARTESIAN_POINT('',(-0.0640572060901333,-0.0398302405097821,0.));
#978=CARTESIAN_POINT('',(-0.0640988263445354,-0.0388907239516818,0.));
#979=CARTESIAN_POINT('',(-0.0640872282984843,-0.0381465920479927,0.));
#980=CARTESIAN_POINT('',(-0.0640414816192157,-0.0374077288608202,0.));
#981=CARTESIAN_POINT('',(-0.0639216345002374,-0.0365299409238543,0.));
#982=CARTESIAN_POINT('',(-0.0636162841328666,-0.0352199566111562,0.));
#983=CARTESIAN_POINT('',(-0.0630622446928535,-0.0337692536157771,0.));
#984=CARTESIAN_POINT('',(-0.0622662852620514,-0.032317863220278,0.));
#985=CARTESIAN_POINT('',(-0.0614777239657317,-0.0311240201507386,0.));
#986=CARTESIAN_POINT('',(-0.0609326666402995,-0.0303215220096713,0.));
#987=CARTESIAN_POINT('',(-0.0606215929886018,-0.0298060489547528,0.));
#988=CARTESIAN_POINT('',(-0.0604600541953243,-0.0294905886159566,0.));
#989=CARTESIAN_POINT('',(-0.060375261787042,-0.029271267324069,0.));
#990=CARTESIAN_POINT('',(-0.0603192110028441,-0.0290559563986861,0.));
#991=CARTESIAN_POINT('',(-0.0602876338598776,-0.0288338633930195,0.));
#992=CARTESIAN_POINT('',(-0.0602742282563533,-0.0285077426441836,0.));
#993=CARTESIAN_POINT('',(-0.0602985246935574,-0.0282159147205863,0.));
#994=CARTESIAN_POINT('',(-0.0603296507620268,-0.0279967338607779,0.));
#995=CARTESIAN_POINT('',(-0.0603296507620268,-0.0279967338607779,0.));
#996=CARTESIAN_POINT('',(-0.0603296507620269,-0.0279967338607779,0.));
#997=CARTESIAN_POINT('',(-0.0610148000236651,-0.027695596143539,0.));
#998=CARTESIAN_POINT('',(-0.062367150928704,-0.0270958512430369,0.));
#999=CARTESIAN_POINT('',(-0.0642930126046863,-0.0261903183952067,0.));
#1000=CARTESIAN_POINT('',(-0.0660718748687756,-0.0252602433226184,0.));
#1001=CARTESIAN_POINT('',(-0.0674005667372477,-0.0244411986895124,0.));
#1002=CARTESIAN_POINT('',(-0.0683565337213619,-0.0237318141417562,0.));
#1003=CARTESIAN_POINT('',(-0.0690160126412749,-0.0231606646048719,0.));
#1004=CARTESIAN_POINT('',(-0.0695129768136345,-0.0226378106408582,0.));
#1005=CARTESIAN_POINT('',(-0.0698713745953104,-0.0221817083101916,0.));
#1006=CARTESIAN_POINT('',(-0.0701196527274912,-0.0218145094223355,0.));
#1007=CARTESIAN_POINT('',(-0.0703345338741001,-0.0214330194767085,0.));
#1008=CARTESIAN_POINT('',(-0.0705641655893481,-0.0209432318545815,0.));
#1009=CARTESIAN_POINT('',(-0.0707662602685578,-0.0203705919866713,0.));
#1010=CARTESIAN_POINT('',(-0.0709168227473631,-0.0197925342514668,0.));
#1011=CARTESIAN_POINT('',(-0.0709826871069552,-0.0195048993193095,0.));
#1012=CARTESIAN_POINT('',(-0.0710097116033217,-0.0193951339273341,0.));
#1013=CARTESIAN_POINT('',(-0.0710097116033219,-0.0193951339273333,0.));
#1014=CARTESIAN_POINT('',(-0.0710097116033215,-0.0193951339273328,0.));
#1015=CARTESIAN_POINT('',(-0.0710734323581846,-0.0193464342479213,0.));
#1016=CARTESIAN_POINT('',(-0.0712253640176154,-0.0192238343290046,0.));
#1017=CARTESIAN_POINT('',(-0.0715111217281538,-0.0189264494938574,0.));
#1018=CARTESIAN_POINT('',(-0.0717490066699781,-0.0185562991025643,0.));
#1019=CARTESIAN_POINT('',(-0.0718932124050587,-0.0182032255455027,0.));
#1020=CARTESIAN_POINT('',(-0.071993394361331,-0.0178311016283885,0.));
#1021=CARTESIAN_POINT('',(-0.0720285998959981,-0.017427865513617,0.));
#1022=CARTESIAN_POINT('',(-0.0719983138269705,-0.0170170154680736,0.));
#1023=CARTESIAN_POINT('',(-0.07192401499294,-0.0166594388245601,0.));
#1024=CARTESIAN_POINT('',(-0.0717844700170225,-0.0162287156792204,0.));
#1025=CARTESIAN_POINT('',(-0.0715475403158911,-0.0157460372180309,0.));
#1026=CARTESIAN_POINT('',(-0.0712277168554671,-0.0152999579178847,0.));
#1027=CARTESIAN_POINT('',(-0.0709080258118619,-0.0149634420547996,0.));
#1028=CARTESIAN_POINT('',(-0.0706309666472171,-0.0147241231531198,0.));
#1029=CARTESIAN_POINT('',(-0.0703635566577674,-0.0145398497869891,0.));
#1030=CARTESIAN_POINT('',(-0.0701256030307399,-0.0144066643800385,0.));
#1031=CARTESIAN_POINT('',(-0.0699326786858794,-0.0143147187645486,0.));
#1032=CARTESIAN_POINT('',(-0.0697331441104042,-0.0142361781932369,0.));
#1033=CARTESIAN_POINT('',(-0.0694730849717964,-0.0141531841959788,0.));
#1034=CARTESIAN_POINT('',(-0.0691594056813255,-0.0140845613716578,0.));
#1035=CARTESIAN_POINT('',(-0.068812654099918,-0.0140454713803649,0.));
#1036=CARTESIAN_POINT('',(-0.0683920111242847,-0.0140331430193335,0.));
#1037=CARTESIAN_POINT('',(-0.067939929915275,-0.0140646519842708,0.));
#1038=CARTESIAN_POINT('',(-0.0674875123712231,-0.0141241972218044,0.));
#1039=CARTESIAN_POINT('',(-0.0671058942608682,-0.014179431872157,0.));
#1040=CARTESIAN_POINT('',(-0.066788758945028,-0.0142156780756111,0.));
#1041=CARTESIAN_POINT('',(-0.0665366850333258,-0.0142265110936712,0.));
#1042=CARTESIAN_POINT('',(-0.066382624387773,-0.014216457239097,0.));
#1043=CARTESIAN_POINT('',(-0.0662849301932203,-0.0142000558279772,0.));
#1044=CARTESIAN_POINT('',(-0.0662267824396894,-0.0141859533143734,0.));
#1045=CARTESIAN_POINT('',(-0.0661509817426024,-0.0141612374710421,0.));
#1046=CARTESIAN_POINT('',(-0.0660192714036399,-0.0141073925928828,0.));
#1047=CARTESIAN_POINT('',(-0.0658044498183446,-0.0139964445123841,0.));
#1048=CARTESIAN_POINT('',(-0.0653731608364026,-0.0137179923416932,0.));
#1049=CARTESIAN_POINT('',(-0.0647079754622817,-0.0131912421313086,0.));
#1050=CARTESIAN_POINT('',(-0.0637696704976759,-0.012349085032868,0.));
#1051=CARTESIAN_POINT('',(-0.0627048404328717,-0.0113815753618985,0.));
#1052=CARTESIAN_POINT('',(-0.0617045485584742,-0.010537362093602,0.));
#1053=CARTESIAN_POINT('',(-0.0608246449567555,-0.00987947932736218,0.));
#1054=CARTESIAN_POINT('',(-0.0601210488690926,-0.00940561112116509,0.));
#1055=CARTESIAN_POINT('',(-0.0594946917033116,-0.00903649459378312,0.));
#1056=CARTESIAN_POINT('',(-0.0589684429990907,-0.00876331170359216,0.));
#1057=CARTESIAN_POINT('',(-0.0584225474583447,-0.00850628683402132,0.));
#1058=CARTESIAN_POINT('',(-0.0577238928515931,-0.00822791059259157,0.));
#1059=CARTESIAN_POINT('',(-0.0565847501048646,-0.00786982584960179,0.));
#1060=CARTESIAN_POINT('',(-0.0551304976345554,-0.00757355019186286,0.));
#1061=CARTESIAN_POINT('',(-0.0533690520334469,-0.00742593128963436,0.));
#1062=CARTESIAN_POINT('',(-0.0516168690145755,-0.0074565294143713,0.));
#1063=CARTESIAN_POINT('',(-0.0498983506231975,-0.0076401270732875,0.));
#1064=CARTESIAN_POINT('',(-0.0482374214975249,-0.00795486304521677,0.));
#1065=CARTESIAN_POINT('',(-0.0466581691419082,-0.00838158335188983,0.));
#1066=CARTESIAN_POINT('',(-0.0451831523315106,-0.00890383655793826,0.));
#1067=CARTESIAN_POINT('',(-0.0438367073502324,-0.00950882163948876,0.));
#1068=CARTESIAN_POINT('',(-0.0426303740266026,-0.0101869162596799,0.));
#1069=CARTESIAN_POINT('',(-0.0415525480320436,-0.0109323728574442,0.));
#1070=CARTESIAN_POINT('',(-0.0405968682248568,-0.0117345155820498,0.));
#1071=CARTESIAN_POINT('',(-0.0398942715584554,-0.0124391957109252,0.));
#1072=CARTESIAN_POINT('',(-0.039382293059392,-0.0130174526788872,0.));
#1073=CARTESIAN_POINT('',(-0.0390814928231148,-0.0133836208381395,0.));
#1074=CARTESIAN_POINT('',(-0.0388515875202914,-0.0136782802604437,0.));
#1075=CARTESIAN_POINT('',(-0.0387256432595077,-0.0138451647293927,0.));
#1076=CARTESIAN_POINT('',(-0.0386437596488938,-0.0139557689318278,0.));
#1077=CARTESIAN_POINT('',(-0.0385881271783267,-0.0140315794785926,0.));
#1078=CARTESIAN_POINT('',(-0.038529745005229,-0.0141116603304315,0.));
#1079=CARTESIAN_POINT('',(-0.0384563412617151,-0.0142120975779919,0.));
#1080=CARTESIAN_POINT('',(-0.0383112549233956,-0.0144107389281175,0.));
#1081=CARTESIAN_POINT('',(-0.0380928967037619,-0.014709646438082,0.));
#1082=CARTESIAN_POINT('',(-0.0378990966201376,-0.0149749578055067,0.));
#1083=CARTESIAN_POINT('',(-0.0378021595643748,-0.0151076615138425,0.));
#1084=CARTESIAN_POINT('',(-0.0378021595643748,-0.0151076615138425,0.));
#1085=CARTESIAN_POINT('',(-0.0378021595643748,-0.0151076615138425,0.));
#1086=CARTESIAN_POINT('',(-0.0379459661041454,-0.0153412298723978,0.));
#1087=CARTESIAN_POINT('',(-0.0382326784685718,-0.0158073329223903,0.));
#1088=CARTESIAN_POINT('',(-0.0386681513059013,-0.0165126895000865,0.));
#1089=CARTESIAN_POINT('',(-0.0390735301562714,-0.0171800539736377,0.));
#1090=CARTESIAN_POINT('',(-0.0395531742876905,-0.0180340139908092,0.));
#1091=CARTESIAN_POINT('',(-0.0400121472478433,-0.0190557521456515,0.));
#1092=CARTESIAN_POINT('',(-0.0403043108796834,-0.0203157999894973,0.));
#1093=CARTESIAN_POINT('',(-0.0402979406818754,-0.0215760236292039,0.));
#1094=CARTESIAN_POINT('',(-0.0400632975186319,-0.022821945334726,0.));
#1095=CARTESIAN_POINT('',(-0.0397986198775696,-0.0237139322512713,0.));
#1096=CARTESIAN_POINT('',(-0.039504607397919,-0.024499936656693,0.));
#1097=CARTESIAN_POINT('',(-0.039149526165013,-0.0253431645155572,0.));
#1098=CARTESIAN_POINT('',(-0.0385955970553616,-0.0264944744744091,0.));
#1099=CARTESIAN_POINT('',(-0.0377727185815204,-0.0280009722739223,0.));
#1100=CARTESIAN_POINT('',(-0.0364897391417317,-0.0301449688536378,0.));
#1101=CARTESIAN_POINT('',(-0.0345847497846484,-0.0330267943853071,0.));
#1102=CARTESIAN_POINT('',(-0.0319645781576282,-0.036664949780249,0.));
#1103=CARTESIAN_POINT('',(-0.0291548412393532,-0.040353366969063,0.));
#1104=CARTESIAN_POINT('',(-0.0253454966859294,-0.0451724991686416,0.));
#1105=CARTESIAN_POINT('',(-0.0217250710944927,-0.0495981777225011,0.));
#1106=CARTESIAN_POINT('',(-0.0188444288268746,-0.0531633180793721,0.));
#1107=CARTESIAN_POINT('',(-0.0177369571205309,-0.0545884515087713,0.));
#1108=CARTESIAN_POINT('',(-0.0172822216398564,-0.0552035391982322,0.));
#1109=CARTESIAN_POINT('',(-0.0172822216398564,-0.0552035391982322,0.));
#1110=CARTESIAN_POINT('',(-0.0172822216398564,-0.0552035391982322,0.));
#1111=CARTESIAN_POINT('',(-0.0168684577791137,-0.0546417629947825,0.));
#1112=CARTESIAN_POINT('',(-0.0161975360955557,-0.053638310884907,0.));
#1113=CARTESIAN_POINT('',(-0.0153957703053916,-0.0521602891814779,0.));
#1114=CARTESIAN_POINT('',(-0.0149705100169851,-0.0512184553935562,0.));
#1115=CARTESIAN_POINT('',(-0.0146961858129617,-0.0504799233151202,0.));
#1116=CARTESIAN_POINT('',(-0.0144730399922165,-0.0497653101502111,0.));
#1117=CARTESIAN_POINT('',(-0.0142113002302751,-0.0485511495475993,0.));
#1118=CARTESIAN_POINT('',(-0.0141842778372263,-0.0469270953100075,0.));
#1119=CARTESIAN_POINT('',(-0.0145838464998274,-0.0454497852049965,0.));
#1120=CARTESIAN_POINT('',(-0.0151712277534964,-0.0443325140973521,0.));
#1121=CARTESIAN_POINT('',(-0.0157572988156925,-0.0435244330439608,0.));
#1122=CARTESIAN_POINT('',(-0.0165013214840106,-0.0427483414499788,0.));
#1123=CARTESIAN_POINT('',(-0.0172631577676348,-0.0421339947560668,0.));
#1124=CARTESIAN_POINT('',(-0.0179632805944826,-0.0416677226291194,0.));
#1125=CARTESIAN_POINT('',(-0.0187397653754785,-0.0412069972852648,0.));
#1126=CARTESIAN_POINT('',(-0.0198151988369735,-0.0406557095917091,0.));
#1127=CARTESIAN_POINT('',(-0.0211840935876133,-0.0400472452184318,0.));
#1128=CARTESIAN_POINT('',(-0.0223182161127702,-0.0395879856106736,0.));
#1129=CARTESIAN_POINT('',(-0.0231829439427555,-0.0392479355342964,0.));
#1130=CARTESIAN_POINT('',(-0.0238017786321282,-0.0390055222457742,0.));
#1131=CARTESIAN_POINT('',(-0.0243836371720811,-0.0387740611546631,0.));
#1132=CARTESIAN_POINT('',(-0.0249237178355326,-0.0385503864565823,0.));
#1133=CARTESIAN_POINT('',(-0.0253385075011804,-0.0383655811205724,0.));
#1134=CARTESIAN_POINT('',(-0.0256543459912473,-0.0382112269574676,0.));
#1135=CARTESIAN_POINT('',(-0.0258866737755369,-0.0380881869470272,0.));
#1136=CARTESIAN_POINT('',(-0.0261198717366575,-0.0379511752074464,0.));
#1137=CARTESIAN_POINT('',(-0.0263632066887493,-0.0377874581772964,0.));
#1138=CARTESIAN_POINT('',(-0.026630115791747,-0.0375711233003216,0.));
#1139=CARTESIAN_POINT('',(-0.0268874545483705,-0.0373010753960803,0.));
#1140=CARTESIAN_POINT('',(-0.0271055501900429,-0.036972029770136,0.));
#1141=CARTESIAN_POINT('',(-0.0272592898822578,-0.0366482491076493,0.));
#1142=CARTESIAN_POINT('',(-0.0273718625423201,-0.0362356064214344,0.));
#1143=CARTESIAN_POINT('',(-0.0273972475810121,-0.0357512030205022,0.));
#1144=CARTESIAN_POINT('',(-0.0273051449148826,-0.0352568715748997,0.));
#1145=CARTESIAN_POINT('',(-0.0271149478403323,-0.0348265305072831,0.));
#1146=CARTESIAN_POINT('',(-0.0268789361262239,-0.034495011434682,0.));
#1147=CARTESIAN_POINT('',(-0.0266381338772936,-0.0342536468046808,0.));
#1148=CARTESIAN_POINT('',(-0.0264167082175582,-0.0340832921419652,0.));
#1149=CARTESIAN_POINT('',(-0.0261568359596269,-0.0339217060735233,0.));
#1150=CARTESIAN_POINT('',(-0.0258811694163891,-0.0337927652686013,0.));
#1151=CARTESIAN_POINT('',(-0.0255899620948571,-0.033687372478781,0.));
#1152=CARTESIAN_POINT('',(-0.0253137768787184,-0.0336073013653359,0.));
#1153=CARTESIAN_POINT('',(-0.0250397103291897,-0.0335415591260873,0.));
#1154=CARTESIAN_POINT('',(-0.0246680165106197,-0.0334663296586645,0.));
#1155=CARTESIAN_POINT('',(-0.0241823076394194,-0.0333885511921433,0.));
#1156=CARTESIAN_POINT('',(-0.0235582616805225,-0.0333118020752463,0.));
#1157=CARTESIAN_POINT('',(-0.0228986558304371,-0.0332483266918916,0.));
#1158=CARTESIAN_POINT('',(-0.0222136432954626,-0.0331963520901471,0.));
#1159=CARTESIAN_POINT('',(-0.0212832089533997,-0.0331410713950634,0.));
#1160=CARTESIAN_POINT('',(-0.0203545059035074,-0.0331053935858343,0.));
#1161=CARTESIAN_POINT('',(-0.0194847589397516,-0.0330874189922555,0.));
#1162=CARTESIAN_POINT('',(-0.0188760322093489,-0.0330824603216282,0.));
#1163=CARTESIAN_POINT('',(-0.0183238546508335,-0.0330857901207582,0.));
#1164=CARTESIAN_POINT('',(-0.0179196725465797,-0.0330954599051258,0.));
#1165=CARTESIAN_POINT('',(-0.0176306872273424,-0.0331078959379004,0.));
#1166=CARTESIAN_POINT('',(-0.0174285903250609,-0.0331201276219322,0.));
#1167=CARTESIAN_POINT('',(-0.0172358576587267,-0.0331364765591936,0.));
#1168=CARTESIAN_POINT('',(-0.0170324979523406,-0.0331611889086154,0.));
#1169=CARTESIAN_POINT('',(-0.016783593849609,-0.0332075900482868,0.));
#1170=CARTESIAN_POINT('',(-0.0164535974035595,-0.0333072106510489,0.));
#1171=CARTESIAN_POINT('',(-0.016082302982861,-0.033498346985771,0.));
#1172=CARTESIAN_POINT('',(-0.0159165211588459,-0.0336274825663625,0.));
#1173=CARTESIAN_POINT('',(-0.0158651365260204,-0.0336694129065231,0.));
#1174=CARTESIAN_POINT('',(-0.0158651365260201,-0.0336694129065234,0.));
#1175=CARTESIAN_POINT('',(-0.0158651365260203,-0.0336694129065237,0.));
#1176=CARTESIAN_POINT('',(-0.0158104268776717,-0.0336989358965677,0.));
#1177=CARTESIAN_POINT('',(-0.0156235919771771,-0.0337941606883326,0.));
#1178=CARTESIAN_POINT('',(-0.0150657823537468,-0.0340615904378586,0.));
#1179=CARTESIAN_POINT('',(-0.0141222087799457,-0.0345091944696985,0.));
#1180=CARTESIAN_POINT('',(-0.0130210351886515,-0.0350741331684775,0.));
#1181=CARTESIAN_POINT('',(-0.0121223267080139,-0.0355931615784997,0.));
#1182=CARTESIAN_POINT('',(-0.0114556792767631,-0.0360192512596625,0.));
#1183=CARTESIAN_POINT('',(-0.0108117714846275,-0.036486904493825,0.));
#1184=CARTESIAN_POINT('',(-0.0101982891290111,-0.0370212531375771,0.));
#1185=CARTESIAN_POINT('',(-0.00967658862862189,-0.0375862115477996,0.));
#1186=CARTESIAN_POINT('',(-0.00909300319585283,-0.0383663181561934,0.));
#1187=CARTESIAN_POINT('',(-0.00856615940016965,-0.0393459229836593,0.));
#1188=CARTESIAN_POINT('',(-0.00820714211721935,-0.0402472797860399,0.));
#1189=CARTESIAN_POINT('',(-0.00795022294787662,-0.0409216394560123,0.));
#1190=CARTESIAN_POINT('',(-0.00775887848156528,-0.0414106631472785,0.));
#1191=CARTESIAN_POINT('',(-0.00758962824339928,-0.0418106781355394,0.));
#1192=CARTESIAN_POINT('',(-0.00744198325442723,-0.0421305945196966,0.));
#1193=CARTESIAN_POINT('',(-0.00727643516550652,-0.0424710509712707,0.));
#1194=CARTESIAN_POINT('',(-0.00704167676862024,-0.0429264398830562,0.));
#1195=CARTESIAN_POINT('',(-0.00661787869166185,-0.0437124520932845,0.));
#1196=CARTESIAN_POINT('',(-0.00602250446823421,-0.0447897762866173,0.));
#1197=CARTESIAN_POINT('',(-0.00528024225819725,-0.0462154599244034,0.));
#1198=CARTESIAN_POINT('',(-0.00458876269789617,-0.0477701527130578,0.));
#1199=CARTESIAN_POINT('',(-0.00412513575998656,-0.0491780513827696,0.));
#1200=CARTESIAN_POINT('',(-0.00387209260448903,-0.0503749709983574,0.));
#1201=CARTESIAN_POINT('',(-0.00375534402960274,-0.0513065759766599,0.));
#1202=CARTESIAN_POINT('',(-0.00372908732594684,-0.0522708076645248,0.));
#1203=CARTESIAN_POINT('',(-0.00379738985925164,-0.0532243231858741,0.));
#1204=CARTESIAN_POINT('',(-0.00395137160090065,-0.0541671783986722,0.));
#1205=CARTESIAN_POINT('',(-0.00426306249194244,-0.0554034850808765,0.));
#1206=CARTESIAN_POINT('',(-0.00483642121587989,-0.0569036652502162,0.));
#1207=CARTESIAN_POINT('',(-0.00577729884028525,-0.0586156586220727,0.));
#1208=CARTESIAN_POINT('',(-0.00693822943334287,-0.0602260217523749,0.));
#1209=CARTESIAN_POINT('',(-0.008291824951827,-0.0617196853865276,0.));
#1210=CARTESIAN_POINT('',(-0.00956018993249303,-0.062852368520553,0.));
#1211=CARTESIAN_POINT('',(-0.0106483606281959,-0.0636818196970483,0.));
#1212=CARTESIAN_POINT('',(-0.0117812642858826,-0.0644546364233849,0.));
#1213=CARTESIAN_POINT('',(-0.0132342675562812,-0.0652971792912672,0.));
#1214=CARTESIAN_POINT('',(-0.0146758003434474,-0.0659827701380488,0.));
#1215=CARTESIAN_POINT('',(-0.015784553781876,-0.0664353948827155,0.));
#1216=CARTESIAN_POINT('',(-0.0165857035302999,-0.0667265528191858,0.));
#1217=CARTESIAN_POINT('',(-0.0173491981909106,-0.0669687599823493,0.));
#1218=CARTESIAN_POINT('',(-0.018070071177045,-0.067161255291089,0.));
#1219=CARTESIAN_POINT('',(-0.0187480598377709,-0.0673026213516598,0.));
#1220=CARTESIAN_POINT('',(-0.0192847679583644,-0.0673754430204166,0.));
#1221=CARTESIAN_POINT('',(-0.0197149957146287,-0.0674004570148991,0.));
#1222=CARTESIAN_POINT('',(-0.0200490315081296,-0.0673977111632816,0.));
#1223=CARTESIAN_POINT('',(-0.0204085492692257,-0.0673640155404778,0.));
#1224=CARTESIAN_POINT('',(-0.0208286911710355,-0.0672735408845732,0.));
#1225=CARTESIAN_POINT('',(-0.0213083289113292,-0.0670780114953515,0.));
#1226=CARTESIAN_POINT('',(-0.0217758244122697,-0.0667480829662078,0.));
#1227=CARTESIAN_POINT('',(-0.0221308709181033,-0.0663388225866455,0.));
#1228=CARTESIAN_POINT('',(-0.0223449127050187,-0.0659593521966586,0.));
#1229=CARTESIAN_POINT('',(-0.02246299696818,-0.0656638972644454,0.));
#1230=CARTESIAN_POINT('',(-0.0225303323228455,-0.0654511678331259,0.));
#1231=CARTESIAN_POINT('',(-0.0225729500979363,-0.0653023699013061,0.));
#1232=CARTESIAN_POINT('',(-0.0225931520023679,-0.0652336020738183,0.));
#1233=CARTESIAN_POINT('',(-0.0226046315039827,-0.0651957838069897,0.));
#1234=CARTESIAN_POINT('',(-0.0226046315039827,-0.0651957838069897,0.));
#1235=CARTESIAN_POINT('',(-0.0226046315039828,-0.0651957838069898,0.));
#1236=CARTESIAN_POINT('',(-0.0226911539145431,-0.0653415898307088,0.));
#1237=CARTESIAN_POINT('',(-0.0228414981437907,-0.0655575035552423,0.));
#1238=CARTESIAN_POINT('',(-0.0230767681862436,-0.0658229298676365,0.));
#1239=CARTESIAN_POINT('',(-0.0233191263956561,-0.0660597201792146,0.));
#1240=CARTESIAN_POINT('',(-0.0236348232063239,-0.0663134833721066,0.));
#1241=CARTESIAN_POINT('',(-0.024154307691223,-0.0666486786410788,0.));
#1242=CARTESIAN_POINT('',(-0.0248273770193901,-0.0669715249636244,0.));
#1243=CARTESIAN_POINT('',(-0.0256831101141476,-0.0672705635667031,0.));
#1244=CARTESIAN_POINT('',(-0.0265975166570132,-0.0675109418583593,0.));
#1245=CARTESIAN_POINT('',(-0.0278983537827506,-0.0677737568382333,0.));
#1246=CARTESIAN_POINT('',(-0.0296726459349338,-0.0680169887907175,0.));
#1247=CARTESIAN_POINT('',(-0.0319833115717367,-0.0682127800053132,0.));
#1248=CARTESIAN_POINT('',(-0.0343954907527438,-0.0683382088180935,0.));
#1249=CARTESIAN_POINT('',(-0.03682005716642,-0.0684159421414836,0.));
#1250=CARTESIAN_POINT('',(-0.039162922992311,-0.06846698731649,0.));
#1251=CARTESIAN_POINT('',(-0.0413236975653575,-0.0685121824433181,0.));
#1252=CARTESIAN_POINT('',(-0.0432034224486498,-0.0685700350297053,0.));
#1253=CARTESIAN_POINT('',(-0.0446602003174688,-0.0686630944918711,0.));
#1254=CARTESIAN_POINT('',(-0.0458260326410985,-0.0687735352059831,0.));
#1255=CARTESIAN_POINT('',(-0.046830483605933,-0.068864793193348,0.));
#1256=CARTESIAN_POINT('',(-0.0476632170530827,-0.0688879601166651,0.));
#1257=CARTESIAN_POINT('',(-0.0483733881364224,-0.0688251894751294,0.));
#1258=CARTESIAN_POINT('',(-0.0488294820564369,-0.0687397582893687,0.));
#1259=CARTESIAN_POINT('',(-0.0491931146405511,-0.0686415155998091,0.));
#1260=CARTESIAN_POINT('',(-0.0495569963656986,-0.0685217010197532,0.));
#1261=CARTESIAN_POINT('',(-0.0497903515444644,-0.0684257689829577,0.));
#1262=CARTESIAN_POINT('',(-0.0499327465399716,-0.0683642281581501,0.));
#1263=CARTESIAN_POINT('',(-0.0499817368700435,-0.0681242118909939,0.));
#1264=CARTESIAN_POINT('',(-0.0500709859156956,-0.0682229619704689,0.));
#1265=CARTESIAN_POINT('',(-0.0502717358821019,-0.0684234031196304,0.));
#1266=CARTESIAN_POINT('',(-0.0505774092262089,-0.0686609752063143,0.));
#1267=CARTESIAN_POINT('',(-0.0508505241802477,-0.068833662224421,0.));
#1268=CARTESIAN_POINT('',(-0.0511426593742478,-0.0689929877094814,0.));
#1269=CARTESIAN_POINT('',(-0.0515048279007099,-0.0691508739425554,0.));
#1270=CARTESIAN_POINT('',(-0.0519458560976265,-0.0693004904401798,0.));
#1271=CARTESIAN_POINT('',(-0.0525475975524427,-0.0694606274002399,0.));
#1272=CARTESIAN_POINT('',(-0.053333088687912,-0.0696044972939727,0.));
#1273=CARTESIAN_POINT('',(-0.0543268151891541,-0.069710066473986,0.));
#1274=CARTESIAN_POINT('',(-0.0553532843507632,-0.0697566524433095,0.));
#1275=CARTESIAN_POINT('',(-0.0563881417698264,-0.0697480593406718,0.));
#1276=CARTESIAN_POINT('',(-0.0574051235979871,-0.0696855408269722,0.));
#1277=CARTESIAN_POINT('',(-0.0583798385881572,-0.0695678032458937,0.));
#1278=CARTESIAN_POINT('',(-0.0591415470952025,-0.0694192143595005,0.));
#1279=CARTESIAN_POINT('',(-0.0597206461280967,-0.0692596424450092,0.));
#1280=CARTESIAN_POINT('',(-0.0601435577048405,-0.0691128708515775,0.));
#1281=CARTESIAN_POINT('',(-0.0605619513546641,-0.0689268736729319,0.));
#1282=CARTESIAN_POINT('',(-0.0609868792046374,-0.0686757531479882,0.));
#1283=CARTESIAN_POINT('',(-0.0613542444135618,-0.0683706028008271,0.));
#1284=CARTESIAN_POINT('',(-0.061642056803074,-0.0680173584452092,0.));
#1285=CARTESIAN_POINT('',(-0.0618921282109983,-0.0675954214159722,0.));
#1286=CARTESIAN_POINT('',(-0.0620756081114726,-0.0669748504750486,0.));
#1287=CARTESIAN_POINT('',(-0.0620449933125108,-0.0662718175959759,0.));
#1288=CARTESIAN_POINT('',(-0.0618750413669707,-0.065720274381864,0.));
#1289=CARTESIAN_POINT('',(-0.0616545356811501,-0.0652917858876618,0.));
#1290=CARTESIAN_POINT('',(-0.061415026291323,-0.0649402610985115,0.));
#1291=CARTESIAN_POINT('',(-0.0610814265463728,-0.0645310329766727,0.));
#1292=CARTESIAN_POINT('',(-0.0606408571460937,-0.0640794220917873,0.));
#1293=CARTESIAN_POINT('',(-0.0600789247786566,-0.0635617104628138,0.));
#1294=CARTESIAN_POINT('',(-0.0594996356225071,-0.0630470472390287,0.));
#1295=CARTESIAN_POINT('',(-0.0589277212448722,-0.0625291312974811,0.));
#1296=CARTESIAN_POINT('',(-0.0584823414771746,-0.0620975682251665,0.));
#1297=CARTESIAN_POINT('',(-0.0581603954635179,-0.0617569302448519,0.));
#1298=CARTESIAN_POINT('',(-0.0579414692692176,-0.0615075082088168,0.));
#1299=CARTESIAN_POINT('',(-0.0577435282678637,-0.0612603583525665,0.));
#1300=CARTESIAN_POINT('',(-0.0574956097685671,-0.0609207391930991,0.));
#1301=CARTESIAN_POINT('',(-0.0572179958391788,-0.0604820917796605,0.));
#1302=CARTESIAN_POINT('',(-0.0569284234112145,-0.0599283850348679,0.));
#1303=CARTESIAN_POINT('',(-0.0565942231532641,-0.0591515541834548,0.));
#1304=CARTESIAN_POINT('',(-0.0562632347211694,-0.0581049511516339,0.));
#1305=CARTESIAN_POINT('',(-0.0559756306447028,-0.0567341406307875,0.));
#1306=CARTESIAN_POINT('',(-0.0558347267130723,-0.0557557460627997,0.));
#1307=CARTESIAN_POINT('',(-0.055770238191259,-0.0552539105248062,0.));
#1308=CARTESIAN_POINT('',(-0.0499817368700435,-0.0681242118909939,0.));
#1309=CARTESIAN_POINT('',(-0.055770238191259,-0.0552539105248062,0.));
#1310=CARTESIAN_POINT('',(-0.0225706952835253,-0.0646833975323017,0.));
#1311=CARTESIAN_POINT('',(-0.0226296930960221,-0.0648247774975669,0.));
#1312=CARTESIAN_POINT('',(-0.0227367064125442,-0.0650394604259854,0.));
#1313=CARTESIAN_POINT('',(-0.0229185847396983,-0.0653180899966675,0.));
#1314=CARTESIAN_POINT('',(-0.0230748948881177,-0.0655210530896414,0.));
#1315=CARTESIAN_POINT('',(-0.0232465703001487,-0.0657108125132411,0.));
#1316=CARTESIAN_POINT('',(-0.0234832359884231,-0.0659371656842849,0.));
#1317=CARTESIAN_POINT('',(-0.0237927500379527,-0.0661802159076059,0.));
#1318=CARTESIAN_POINT('',(-0.0241775214354792,-0.0664224682780482,0.));
#1319=CARTESIAN_POINT('',(-0.0247073055701735,-0.0666968188431891,0.));
#1320=CARTESIAN_POINT('',(-0.0254030703537951,-0.0669717618614484,0.));
#1321=CARTESIAN_POINT('',(-0.0263020681775343,-0.0672344144099578,0.));
#1322=CARTESIAN_POINT('',(-0.0272692035718201,-0.067448585920573,0.));
#1323=CARTESIAN_POINT('',(-0.0283023375594003,-0.0676249373514096,0.));
#1324=CARTESIAN_POINT('',(-0.0297596233974371,-0.0678183934357082,0.));
#1325=CARTESIAN_POINT('',(-0.031709931144368,-0.067994365951389,0.));
#1326=CARTESIAN_POINT('',(-0.0341714106969239,-0.0681292296681432,0.));
#1327=CARTESIAN_POINT('',(-0.0366573449979269,-0.0682119015479978,0.));
#1328=CARTESIAN_POINT('',(-0.0390664079156523,-0.0682650719367138,0.));
#1329=CARTESIAN_POINT('',(-0.0412908821084207,-0.0683111899174135,0.));
#1330=CARTESIAN_POINT('',(-0.0432246802396332,-0.0683702497137329,0.));
#1331=CARTESIAN_POINT('',(-0.0447192933376525,-0.0684669932839675,0.));
#1332=CARTESIAN_POINT('',(-0.0459069011030174,-0.0685806660391442,0.));
#1333=CARTESIAN_POINT('',(-0.0469237929998509,-0.0686712152617602,0.));
#1334=CARTESIAN_POINT('',(-0.0477624504011653,-0.0686861948604671,0.));
#1335=CARTESIAN_POINT('',(-0.0484720753442184,-0.0686084917856314,0.));
#1336=CARTESIAN_POINT('',(-0.0490122260429343,-0.0684936625740087,0.));
#1337=CARTESIAN_POINT('',(-0.0495529218471452,-0.0683118125255251,0.));
#1338=CARTESIAN_POINT('',(-0.0498467088286346,-0.0681845118986411,0.));
#1339=CARTESIAN_POINT('',(-0.0499817368700436,-0.0681242118909939,0.));
#1340=CARTESIAN_POINT('',(-0.0225706952835253,-0.0646833975323017,0.));
#1341=CARTESIAN_POINT('',(-0.0159774599998184,-0.033835984039303,0.));
#1342=CARTESIAN_POINT('',(-0.0159260865393212,-0.0338641907978725,0.));
#1343=CARTESIAN_POINT('',(-0.0157394324150941,-0.0339602809866113,0.));
#1344=CARTESIAN_POINT('',(-0.0153139184563814,-0.034164512616967,0.));
#1345=CARTESIAN_POINT('',(-0.014783535357486,-0.0344168131989777,0.));
#1346=CARTESIAN_POINT('',(-0.0139770798885474,-0.0348079381286832,0.));
#1347=CARTESIAN_POINT('',(-0.0130722749446456,-0.0352730254044374,0.));
#1348=CARTESIAN_POINT('',(-0.0121555826703256,-0.0358066744532506,0.));
#1349=CARTESIAN_POINT('',(-0.0114798368305208,-0.0362444549057728,0.));
#1350=CARTESIAN_POINT('',(-0.0109411829030667,-0.0366451456626299,0.));
#1351=CARTESIAN_POINT('',(-0.0105289905091644,-0.0369995420088449,0.));
#1352=CARTESIAN_POINT('',(-0.0101469071510455,-0.0373659291281883,0.));
#1353=CARTESIAN_POINT('',(-0.0097257980616731,-0.0378421991384609,0.));
#1354=CARTESIAN_POINT('',(-0.00916843184820297,-0.0386270015436281,0.));
#1355=CARTESIAN_POINT('',(-0.00867046051595277,-0.039605331466333,0.));
#1356=CARTESIAN_POINT('',(-0.00832148741041106,-0.0405093451121225,0.));
#1357=CARTESIAN_POINT('',(-0.00805909062669565,-0.0411957308095615,0.));
#1358=CARTESIAN_POINT('',(-0.00789029013231108,-0.0416154739560093,0.));
#1359=CARTESIAN_POINT('',(-0.007745238115043,-0.0419502259274163,0.));
#1360=CARTESIAN_POINT('',(-0.00759155076780337,-0.0422847337097154,0.));
#1361=CARTESIAN_POINT('',(-0.00736573088801811,-0.0427389045974398,0.));
#1362=CARTESIAN_POINT('',(-0.00705332046003161,-0.0433286093956664,0.));
#1363=CARTESIAN_POINT('',(-0.0065944167259233,-0.0441691794621817,0.));
#1364=CARTESIAN_POINT('',(-0.00596803480782412,-0.0453112491607319,0.));
#1365=CARTESIAN_POINT('',(-0.0052158425422716,-0.0468131668452991,0.));
#1366=CARTESIAN_POINT('',(-0.00466028850751997,-0.0481734078532124,0.));
#1367=CARTESIAN_POINT('',(-0.00430646427968301,-0.0493296633804688,0.));
#1368=CARTESIAN_POINT('',(-0.00410028390899293,-0.0502317809546171,0.));
#1369=CARTESIAN_POINT('',(-0.00396760640899458,-0.0511668422012891,0.));
#1370=CARTESIAN_POINT('',(-0.00392619713783183,-0.0521374412665556,0.));
#1371=CARTESIAN_POINT('',(-0.00398422337234048,-0.0531022278643326,0.));
#1372=CARTESIAN_POINT('',(-0.00418170142326345,-0.0543749488523012,0.));
#1373=CARTESIAN_POINT('',(-0.00463798714473775,-0.0559292102096252,0.));
#1374=CARTESIAN_POINT('',(-0.0054719100812656,-0.0577140401904642,0.));
#1375=CARTESIAN_POINT('',(-0.0065537180988758,-0.0594025161336952,0.));
#1376=CARTESIAN_POINT('',(-0.00785140326973331,-0.0609778979539966,0.));
#1377=CARTESIAN_POINT('',(-0.00908991305659107,-0.0621809773067919,0.));
#1378=CARTESIAN_POINT('',(-0.010161824808684,-0.0630664638523223,0.));
#1379=CARTESIAN_POINT('',(-0.0110049218128743,-0.0636902352080927,0.));
#1380=CARTESIAN_POINT('',(-0.0118779120101517,-0.0642662146926654,0.));
#1381=CARTESIAN_POINT('',(-0.0130587960924474,-0.0649659716928166,0.));
#1382=CARTESIAN_POINT('',(-0.0142464185946588,-0.0655664881217769,0.));
#1383=CARTESIAN_POINT('',(-0.0153981826067922,-0.0660665745070656,0.));
#1384=CARTESIAN_POINT('',(-0.0162343653348721,-0.0663908844061503,0.));
#1385=CARTESIAN_POINT('',(-0.0170338455093648,-0.0666637470004661,0.));
#1386=CARTESIAN_POINT('',(-0.0177891956262827,-0.0668843492314226,0.));
#1387=CARTESIAN_POINT('',(-0.0184963470980668,-0.0670515039573365,0.));
#1388=CARTESIAN_POINT('',(-0.0190473178839929,-0.0671446455117536,0.));
#1389=CARTESIAN_POINT('',(-0.0194754859004734,-0.0671878522828028,0.));
#1390=CARTESIAN_POINT('',(-0.0197966855199178,-0.0672021074497545,0.));
#1391=CARTESIAN_POINT('',(-0.0201291195155664,-0.0671926903677892,0.));
#1392=CARTESIAN_POINT('',(-0.0204891000194844,-0.0671483029139954,0.));
#1393=CARTESIAN_POINT('',(-0.0209137670998527,-0.0670350019294158,0.));
#1394=CARTESIAN_POINT('',(-0.0213747261848102,-0.0668057163798122,0.));
#1395=CARTESIAN_POINT('',(-0.0217865014547094,-0.066453417003103,0.));
#1396=CARTESIAN_POINT('',(-0.0220654646115108,-0.0660658058678762,0.));
#1397=CARTESIAN_POINT('',(-0.0222228465773895,-0.0657364913088066,0.));
#1398=CARTESIAN_POINT('',(-0.0223098073224579,-0.0654895261987531,0.));
#1399=CARTESIAN_POINT('',(-0.0223534630779001,-0.0653419774399465,0.));
#1400=CARTESIAN_POINT('',(-0.022380482250402,-0.0652484179187461,0.));
#1401=CARTESIAN_POINT('',(-0.0224030797566762,-0.0651708269038943,0.));
#1402=CARTESIAN_POINT('',(-0.0224335873771577,-0.0650704870678209,0.));
#1403=CARTESIAN_POINT('',(-0.0224881883792483,-0.0649024056989672,0.));
#1404=CARTESIAN_POINT('',(-0.0225359019975298,-0.0647708649752813,0.));
#1405=CARTESIAN_POINT('',(-0.0225706952835253,-0.0646833975323017,0.));
#1406=CARTESIAN_POINT('',(-0.0159774599998181,-0.0338359840393024,0.));
#1407=CARTESIAN_POINT('',(-0.0172836642595812,-0.0555396592751129,0.));
#1408=CARTESIAN_POINT('',(-0.0168723029358131,-0.0549967824097758,0.));
#1409=CARTESIAN_POINT('',(-0.0161906535722622,-0.0540063985262417,0.));
#1410=CARTESIAN_POINT('',(-0.0153529752589691,-0.0525175551116807,0.));
#1411=CARTESIAN_POINT('',(-0.0148059042011456,-0.0513629921468264,0.));
#1412=CARTESIAN_POINT('',(-0.0144552409195568,-0.0504145969157414,0.));
#1413=CARTESIAN_POINT('',(-0.0142550621879416,-0.0496887263393985,0.));
#1414=CARTESIAN_POINT('',(-0.0141037233940798,-0.0489731029525357,0.));
#1415=CARTESIAN_POINT('',(-0.0140059464827332,-0.0481053196071021,0.));
#1416=CARTESIAN_POINT('',(-0.0140366429941211,-0.0467757471460316,0.));
#1417=CARTESIAN_POINT('',(-0.0143375879698731,-0.0455343241078724,0.));
#1418=CARTESIAN_POINT('',(-0.0149166447426816,-0.0443646971620968,0.));
#1419=CARTESIAN_POINT('',(-0.0155004405989148,-0.0435208758752052,0.));
#1420=CARTESIAN_POINT('',(-0.0162446727545251,-0.0427128985969805,0.));
#1421=CARTESIAN_POINT('',(-0.017009861095362,-0.0420739178367931,0.));
#1422=CARTESIAN_POINT('',(-0.0177107831031523,-0.0415910849016706,0.));
#1423=CARTESIAN_POINT('',(-0.0184872803672937,-0.0411174193068464,0.));
#1424=CARTESIAN_POINT('',(-0.0195703056450288,-0.0405505579274685,0.));
#1425=CARTESIAN_POINT('',(-0.0209555550460048,-0.0399265234053709,0.));
#1426=CARTESIAN_POINT('',(-0.022107960777627,-0.0394564688899592,0.));
#1427=CARTESIAN_POINT('',(-0.0229883532810647,-0.0391093362330597,0.));
#1428=CARTESIAN_POINT('',(-0.0236188962106969,-0.0388624987312099,0.));
#1429=CARTESIAN_POINT('',(-0.0242116617300854,-0.0386277280723879,0.));
#1430=CARTESIAN_POINT('',(-0.0247606876701492,-0.0384023493921949,0.));
#1431=CARTESIAN_POINT('',(-0.0251797157010728,-0.0382183042497911,0.));
#1432=CARTESIAN_POINT('',(-0.0254950656273968,-0.0380673348984159,0.));
#1433=CARTESIAN_POINT('',(-0.0257241924808223,-0.0379490771692589,0.));
#1434=CARTESIAN_POINT('',(-0.0259500988822884,-0.0378205802578455,0.));
#1435=CARTESIAN_POINT('',(-0.02618008593935,-0.0376721265259167,0.));
#1436=CARTESIAN_POINT('',(-0.0264253027791799,-0.0374840683848498,0.));
#1437=CARTESIAN_POINT('',(-0.0266561051865744,-0.037260213093827,0.));
#1438=CARTESIAN_POINT('',(-0.026855787727167,-0.0369945955101897,0.));
#1439=CARTESIAN_POINT('',(-0.0270042858711991,-0.036733829920861,0.));
#1440=CARTESIAN_POINT('',(-0.0271308280527847,-0.0363953157484846,0.));
#1441=CARTESIAN_POINT('',(-0.0271976907371328,-0.0359785885867721,0.));
#1442=CARTESIAN_POINT('',(-0.0271648517325507,-0.0355214453163282,0.));
#1443=CARTESIAN_POINT('',(-0.0270270529797618,-0.0350937234701915,0.));
#1444=CARTESIAN_POINT('',(-0.0268235746711462,-0.0347479225314282,0.));
#1445=CARTESIAN_POINT('',(-0.0266011887019507,-0.0344919457566109,0.));
#1446=CARTESIAN_POINT('',(-0.026386437765033,-0.0343079321024028,0.));
#1447=CARTESIAN_POINT('',(-0.026132362901124,-0.034136114887739,0.));
#1448=CARTESIAN_POINT('',(-0.025863410640024,-0.0340023239289428,0.));
#1449=CARTESIAN_POINT('',(-0.02558029781247,-0.0338947688315108,0.));
#1450=CARTESIAN_POINT('',(-0.025311412594414,-0.0338137124370085,0.));
#1451=CARTESIAN_POINT('',(-0.0250435731383466,-0.033747335670804,0.));
#1452=CARTESIAN_POINT('',(-0.0246786649955747,-0.0336714064520905,0.));
#1453=CARTESIAN_POINT('',(-0.0241987214536279,-0.0335928174012809,0.));
#1454=CARTESIAN_POINT('',(-0.0235780154754846,-0.03351512113485,0.));
#1455=CARTESIAN_POINT('',(-0.0229189575859516,-0.0334507782067623,0.));
#1456=CARTESIAN_POINT('',(-0.0222323900057662,-0.0333980484225469,0.));
#1457=CARTESIAN_POINT('',(-0.0212979106119562,-0.0333419372934528,0.));
#1458=CARTESIAN_POINT('',(-0.0203633675719401,-0.0333057134983967,0.));
#1459=CARTESIAN_POINT('',(-0.0194882422230961,-0.0332874721804585,0.));
#1460=CARTESIAN_POINT('',(-0.0188763070729807,-0.0332824426972844,0.));
#1461=CARTESIAN_POINT('',(-0.0183224231593395,-0.0332858130954573,0.));
#1462=CARTESIAN_POINT('',(-0.0179187731290276,-0.0332955822803712,0.));
#1463=CARTESIAN_POINT('',(-0.0176320713027418,-0.0333080870959219,0.));
#1464=CARTESIAN_POINT('',(-0.0174328960815074,-0.0333203423355731,0.));
#1465=CARTESIAN_POINT('',(-0.0172447163590633,-0.0333366213080881,0.));
#1466=CARTESIAN_POINT('',(-0.0170480281072547,-0.0333611973976798,0.));
#1467=CARTESIAN_POINT('',(-0.0168103032981255,-0.0334070509258776,0.));
#1468=CARTESIAN_POINT('',(-0.0164987582548629,-0.0335053448530811,0.));
#1469=CARTESIAN_POINT('',(-0.0161609239052631,-0.0336873980211215,0.));
#1470=CARTESIAN_POINT('',(-0.0160197858850302,-0.0338009029962386,0.));
#1471=CARTESIAN_POINT('',(-0.0159774599998185,-0.0338359840393021,0.));
#1472=CARTESIAN_POINT('',(-0.0172836642595813,-0.0555396592751129,0.));
#1473=CARTESIAN_POINT('',(-0.0380428861564615,-0.0151171763740521,0.));
#1474=CARTESIAN_POINT('',(-0.0381870431711186,-0.0153513139684992,0.));
#1475=CARTESIAN_POINT('',(-0.0384748334768747,-0.0158193873075274,0.));
#1476=CARTESIAN_POINT('',(-0.0390546038768506,-0.016757148784512,0.));
#1477=CARTESIAN_POINT('',(-0.0396960621429487,-0.0178425906100069,0.));
#1478=CARTESIAN_POINT('',(-0.0402401337500278,-0.0191009517971947,0.));
#1479=CARTESIAN_POINT('',(-0.0405192562903068,-0.0204228079505397,0.));
#1480=CARTESIAN_POINT('',(-0.0404824990233473,-0.0217570177096456,0.));
#1481=CARTESIAN_POINT('',(-0.0402081031011189,-0.0230664718593026,0.));
#1482=CARTESIAN_POINT('',(-0.0399134436027625,-0.023997552143855,0.));
#1483=CARTESIAN_POINT('',(-0.0395915719130529,-0.0248167411480217,0.));
#1484=CARTESIAN_POINT('',(-0.0392084891954188,-0.0256919467361881,0.));
#1485=CARTESIAN_POINT('',(-0.0386220434298242,-0.0268762696437057,0.));
#1486=CARTESIAN_POINT('',(-0.0377637607202703,-0.0284157991140465,0.));
#1487=CARTESIAN_POINT('',(-0.0364386951064449,-0.0305962990435672,0.));
#1488=CARTESIAN_POINT('',(-0.0344905255880218,-0.0335121180532049,0.));
#1489=CARTESIAN_POINT('',(-0.0309478761855847,-0.0383966976591918,0.));
#1490=CARTESIAN_POINT('',(-0.0270574163017273,-0.0433510742272271,0.));
#1491=CARTESIAN_POINT('',(-0.0233888656455749,-0.0478820706774064,0.));
#1492=CARTESIAN_POINT('',(-0.0208883453353397,-0.0509494422965623,0.));
#1493=CARTESIAN_POINT('',(-0.0187757004901139,-0.0535709198067416,0.));
#1494=CARTESIAN_POINT('',(-0.0177132185028704,-0.0549494357430124,0.));
#1495=CARTESIAN_POINT('',(-0.0172836642595812,-0.0555396592751129,0.));
#1496=CARTESIAN_POINT('',(-0.0380428861564615,-0.0151171763740521,0.));
#1497=CARTESIAN_POINT('',(-0.0708330205448537,-0.0192775295168473,0.));
#1498=CARTESIAN_POINT('',(-0.0708857718675057,-0.0192389221771733,0.));
#1499=CARTESIAN_POINT('',(-0.0710132606404112,-0.0191417572630378,0.));
#1500=CARTESIAN_POINT('',(-0.0712626699036754,-0.0189062582474044,0.));
#1501=CARTESIAN_POINT('',(-0.071488276135382,-0.018604225894786,0.));
#1502=CARTESIAN_POINT('',(-0.0716400362809389,-0.018302998178266,0.));
#1503=CARTESIAN_POINT('',(-0.0717303104044603,-0.0180529059873316,0.));
#1504=CARTESIAN_POINT('',(-0.0717871027067768,-0.017803346078764,0.));
#1505=CARTESIAN_POINT('',(-0.07182256865368,-0.0175013546845719,0.));
#1506=CARTESIAN_POINT('',(-0.0718146719415483,-0.0171671315928284,0.));
#1507=CARTESIAN_POINT('',(-0.0717574220150223,-0.016820048468267,0.));
#1508=CARTESIAN_POINT('',(-0.0716683562810322,-0.0165078269214704,0.));
#1509=CARTESIAN_POINT('',(-0.0715539703952006,-0.016218791776517,0.));
#1510=CARTESIAN_POINT('',(-0.0713702749215489,-0.0158545320106622,0.));
#1511=CARTESIAN_POINT('',(-0.0710820346636928,-0.0154277947947591,0.));
#1512=CARTESIAN_POINT('',(-0.0706996303533919,-0.0150315951163138,0.));
#1513=CARTESIAN_POINT('',(-0.070317851946045,-0.014745580109891,0.));
#1514=CARTESIAN_POINT('',(-0.0699881320135956,-0.0145536591130084,0.));
#1515=CARTESIAN_POINT('',(-0.0696105534063521,-0.0143986965939432,0.));
#1516=CARTESIAN_POINT('',(-0.0692510832524696,-0.0143048667715703,0.));
#1517=CARTESIAN_POINT('',(-0.0689133248046189,-0.014254649303221,0.));
#1518=CARTESIAN_POINT('',(-0.0684999953547947,-0.014231162398069,0.));
#1519=CARTESIAN_POINT('',(-0.068049994452031,-0.0142543894888193,0.));
#1520=CARTESIAN_POINT('',(-0.0675931180954514,-0.0143110142473052,0.));
#1521=CARTESIAN_POINT('',(-0.0671999635741118,-0.0143683075575007,0.));
#1522=CARTESIAN_POINT('',(-0.0668634234258183,-0.0144098100691136,0.));
#1523=CARTESIAN_POINT('',(-0.0665836848063024,-0.0144267006413415,0.));
#1524=CARTESIAN_POINT('',(-0.0663998224413399,-0.014419279295548,0.));
#1525=CARTESIAN_POINT('',(-0.0662778802925799,-0.0144025372828319,0.));
#1526=CARTESIAN_POINT('',(-0.0661984519449634,-0.014385618818376,0.));
#1527=CARTESIAN_POINT('',(-0.0661189244026395,-0.0143620625219928,0.));
#1528=CARTESIAN_POINT('',(-0.0659801296823251,-0.0143096613387499,0.));
#1529=CARTESIAN_POINT('',(-0.0657614283965026,-0.0142024704397924,0.));
#1530=CARTESIAN_POINT('',(-0.0653273800441756,-0.0139320761117388,0.));
#1531=CARTESIAN_POINT('',(-0.0646647192740979,-0.0134174738918968,0.));
#1532=CARTESIAN_POINT('',(-0.0637361476903687,-0.0125896152344287,0.));
#1533=CARTESIAN_POINT('',(-0.0626881043675936,-0.0116346514565637,0.));
#1534=CARTESIAN_POINT('',(-0.0615129236848853,-0.0106314953709146,0.));
#1535=CARTESIAN_POINT('',(-0.0604093280666733,-0.00982041606119614,0.));
#1536=CARTESIAN_POINT('',(-0.0594383209957924,-0.00922980409239268,0.));
#1537=CARTESIAN_POINT('',(-0.0586596050205991,-0.00882662645913146,0.));
#1538=CARTESIAN_POINT('',(-0.0578387819805475,-0.00848268071969969,0.));
#1539=CARTESIAN_POINT('',(-0.0567253557138603,-0.00811325854598732,0.));
#1540=CARTESIAN_POINT('',(-0.0552972534981948,-0.00780071600272768,0.));
#1541=CARTESIAN_POINT('',(-0.0535614694789529,-0.00763353843358594,0.));
#1542=CARTESIAN_POINT('',(-0.0518290501774703,-0.00764477939890383,0.));
#1543=CARTESIAN_POINT('',(-0.0501252524334228,-0.00780976211176735,0.));
#1544=CARTESIAN_POINT('',(-0.0484745395025478,-0.00810672206473376,0.));
#1545=CARTESIAN_POINT('',(-0.0469015665632134,-0.00851641973332505,0.));
#1546=CARTESIAN_POINT('',(-0.0454298751345539,-0.00902193643126177,0.));
#1547=CARTESIAN_POINT('',(-0.0440840079958955,-0.00960960675720041,0.));
#1548=CARTESIAN_POINT('',(-0.0428790990439126,-0.0102688933477537,0.));
#1549=CARTESIAN_POINT('',(-0.0418027136953484,-0.0109945906278267,0.));
#1550=CARTESIAN_POINT('',(-0.0408477527429428,-0.0117770809431531,0.));
#1551=CARTESIAN_POINT('',(-0.0401449058694653,-0.0124664620887508,0.));
#1552=CARTESIAN_POINT('',(-0.0396322811816079,-0.0130336506731738,0.));
#1553=CARTESIAN_POINT('',(-0.0393309295519828,-0.0133934717649279,0.));
#1554=CARTESIAN_POINT('',(-0.0391005220138972,-0.0136834358617128,0.));
#1555=CARTESIAN_POINT('',(-0.0389602466530323,-0.0138660963498436,0.));
#1556=CARTESIAN_POINT('',(-0.038851352127833,-0.0140112804004723,0.));
#1557=CARTESIAN_POINT('',(-0.0387681776983846,-0.0141240851028999,0.));
#1558=CARTESIAN_POINT('',(-0.0386962258845923,-0.0142228252260637,0.));
#1559=CARTESIAN_POINT('',(-0.0385992488425749,-0.0143555049783034,0.));
#1560=CARTESIAN_POINT('',(-0.0384783842320409,-0.0145210031270333,0.));
#1561=CARTESIAN_POINT('',(-0.038284800607053,-0.0147859975216718,0.));
#1562=CARTESIAN_POINT('',(-0.0381396579441421,-0.0149846989123998,0.));
#1563=CARTESIAN_POINT('',(-0.0380428861564615,-0.0151171763740521,0.));
#1564=CARTESIAN_POINT('',(-0.0708330205448537,-0.0192775295168474,0.));
#1565=CARTESIAN_POINT('',(-0.060148212319009,-0.027857995625629,0.));
#1566=CARTESIAN_POINT('',(-0.0608475875881215,-0.0275508613769601,0.));
#1567=CARTESIAN_POINT('',(-0.0622276332200228,-0.026939835185943,0.));
#1568=CARTESIAN_POINT('',(-0.0641891170634309,-0.0260190634805071,0.));
#1569=CARTESIAN_POINT('',(-0.0656930241419527,-0.0252329716397209,0.));
#1570=CARTESIAN_POINT('',(-0.0667971047360186,-0.0245780695190309,0.));
#1571=CARTESIAN_POINT('',(-0.0675713235559245,-0.0240679849324664,0.));
#1572=CARTESIAN_POINT('',(-0.0682875210594689,-0.0235310736301421,0.));
#1573=CARTESIAN_POINT('',(-0.0688323365903255,-0.0230516094211824,0.));
#1574=CARTESIAN_POINT('',(-0.0692332486691412,-0.0226406771734014,0.));
#1575=CARTESIAN_POINT('',(-0.0695151078430618,-0.0223157504339878,0.));
#1576=CARTESIAN_POINT('',(-0.0697750824785097,-0.021973079212529,0.));
#1577=CARTESIAN_POINT('',(-0.0700133319408297,-0.0216034290895496,0.));
#1578=CARTESIAN_POINT('',(-0.0702110035983278,-0.0212324166109138,0.));
#1579=CARTESIAN_POINT('',(-0.0704229333496091,-0.0207546097535732,0.));
#1580=CARTESIAN_POINT('',(-0.0706071764942292,-0.0202005328265589,0.));
#1581=CARTESIAN_POINT('',(-0.0707453654594042,-0.0196461147119327,0.));
#1582=CARTESIAN_POINT('',(-0.0708075776121828,-0.0193767035040055,0.));
#1583=CARTESIAN_POINT('',(-0.0708330205448537,-0.0192775295168474,0.));
#1584=CARTESIAN_POINT('',(-0.0601482123190089,-0.027857995625629,0.));
#1585=CARTESIAN_POINT('',(-0.0586313749376063,-0.0501126329128919,0.));
#1586=CARTESIAN_POINT('',(-0.0588115367896252,-0.050154226160025,0.));
#1587=CARTESIAN_POINT('',(-0.0591772019496661,-0.0501827302849549,0.));
#1588=CARTESIAN_POINT('',(-0.0596407834112161,-0.0500972950617211,0.));
#1589=CARTESIAN_POINT('',(-0.0599949217255634,-0.0499537072792274,0.));
#1590=CARTESIAN_POINT('',(-0.0603508737198667,-0.0497404130080707,0.));
#1591=CARTESIAN_POINT('',(-0.0606501647717542,-0.0494765484923712,0.));
#1592=CARTESIAN_POINT('',(-0.0609133428630554,-0.0491760518809908,0.));
#1593=CARTESIAN_POINT('',(-0.0611331208703724,-0.0488729046611788,0.));
#1594=CARTESIAN_POINT('',(-0.061332579229831,-0.0485562754461567,0.));
#1595=CARTESIAN_POINT('',(-0.0615218074756921,-0.048219645609609,0.));
#1596=CARTESIAN_POINT('',(-0.0617666885233997,-0.0477401951754836,0.));
#1597=CARTESIAN_POINT('',(-0.0620644846330246,-0.0470803143838335,0.));
#1598=CARTESIAN_POINT('',(-0.0624113930662159,-0.0461953151401897,0.));
#1599=CARTESIAN_POINT('',(-0.0627427477760758,-0.045229258739018,0.));
#1600=CARTESIAN_POINT('',(-0.0630510230816762,-0.04419708515802,0.));
#1601=CARTESIAN_POINT('',(-0.0633273446400206,-0.0431150412209347,0.));
#1602=CARTESIAN_POINT('',(-0.0635620552261946,-0.0419995237663845,0.));
#1603=CARTESIAN_POINT('',(-0.0637448746311615,-0.0408666514721726,0.));
#1604=CARTESIAN_POINT('',(-0.0638642514429384,-0.0397305611203072,0.));
#1605=CARTESIAN_POINT('',(-0.0639081476942869,-0.0386062910937725,0.));
#1606=CARTESIAN_POINT('',(-0.0638568124716071,-0.0374949225295545,0.));
#1607=CARTESIAN_POINT('',(-0.0637036281196387,-0.0364543598868599,0.));
#1608=CARTESIAN_POINT('',(-0.0633882498348977,-0.0351639681238114,0.));
#1609=CARTESIAN_POINT('',(-0.0628253863144839,-0.033737213956367,0.));
#1610=CARTESIAN_POINT('',(-0.0620256647104676,-0.032309476120655,0.));
#1611=CARTESIAN_POINT('',(-0.0613707385887666,-0.031327141101916,0.));
#1612=CARTESIAN_POINT('',(-0.060917221209951,-0.0306539854883881,0.));
#1613=CARTESIAN_POINT('',(-0.0606272353586824,-0.0302064257903648,0.));
#1614=CARTESIAN_POINT('',(-0.0604011033395819,-0.0298210768666573,0.));
#1615=CARTESIAN_POINT('',(-0.0602735732118239,-0.0295587197842247,0.));
#1616=CARTESIAN_POINT('',(-0.0602087963769919,-0.0293932690691436,0.));
#1617=CARTESIAN_POINT('',(-0.0601559943059613,-0.0292302566865662,0.));
#1618=CARTESIAN_POINT('',(-0.0601107183296782,-0.0290300808772305,0.));
#1619=CARTESIAN_POINT('',(-0.0600824510692842,-0.0287786410504976,0.));
#1620=CARTESIAN_POINT('',(-0.0600774692751601,-0.0284129929373226,0.));
#1621=CARTESIAN_POINT('',(-0.0601111800708605,-0.0280934673119091,0.));
#1622=CARTESIAN_POINT('',(-0.0601482123190089,-0.027857995625629,0.));
#1623=CARTESIAN_POINT('',(-0.0586313749376062,-0.0501126329128918,0.));
#1624=CARTESIAN_POINT('',(-0.055770238191259,-0.0552539105248062,0.));
#1625=CARTESIAN_POINT('',(-0.0558995062014992,-0.0552171862981065,0.));
#1626=CARTESIAN_POINT('',(-0.056118877788039,-0.0551250332907521,0.));
#1627=CARTESIAN_POINT('',(-0.0563465884221682,-0.0549823142291524,0.));
#1628=CARTESIAN_POINT('',(-0.0565078240550924,-0.0548524912203087,0.));
#1629=CARTESIAN_POINT('',(-0.0566646240323486,-0.0547008442955927,0.));
#1630=CARTESIAN_POINT('',(-0.0567921781411604,-0.0545468659734573,0.));
#1631=CARTESIAN_POINT('',(-0.0568977939700737,-0.0543964656410331,0.));
#1632=CARTESIAN_POINT('',(-0.0569794539457398,-0.0542644859689767,0.));
#1633=CARTESIAN_POINT('',(-0.0570716226048271,-0.0541007916682684,0.));
#1634=CARTESIAN_POINT('',(-0.0571703798989114,-0.0539044929020288,0.));
#1635=CARTESIAN_POINT('',(-0.0572821004944261,-0.0536606365028601,0.));
#1636=CARTESIAN_POINT('',(-0.0573931155409308,-0.0534013103248684,0.));
#1637=CARTESIAN_POINT('',(-0.0575061409863204,-0.0531241493859912,0.));
#1638=CARTESIAN_POINT('',(-0.057660764262139,-0.0527311597740497,0.));
#1639=CARTESIAN_POINT('',(-0.0578621116097715,-0.0521993658741801,0.));
#1640=CARTESIAN_POINT('',(-0.0581144740470471,-0.0515153547924996,0.));
#1641=CARTESIAN_POINT('',(-0.0583730297426077,-0.0508093624042046,0.));
#1642=CARTESIAN_POINT('',(-0.0585458806573093,-0.050341348223234,0.));
#1643=CARTESIAN_POINT('',(-0.0586313749376062,-0.0501126329128918,0.));
#1644=CARTESIAN_POINT('',(-0.0538165322613102,-0.0540749404348027,0.0127));
#1645=CARTESIAN_POINT('',(-0.0538165322613102,-0.0540749404348027,-0.002));
#1646=CARTESIAN_POINT('',(-0.0543222192392645,-0.0531885878644639,0.0127));
#1647=CARTESIAN_POINT('',(-0.0543222192392645,-0.0531885878644639,-0.002));
#1648=CARTESIAN_POINT('',(-0.0551894341102508,-0.0516685603307426,0.0127));
#1649=CARTESIAN_POINT('',(-0.0551894341102508,-0.0516685603307426,-0.002));
#1650=CARTESIAN_POINT('',(-0.0550317586435229,-0.0557729331808721,0.0127));
#1651=CARTESIAN_POINT('',(-0.0550317586435229,-0.0557729331808721,-0.002));
#1652=CARTESIAN_POINT('',(-0.0586247777566559,-0.0435121002943613,0.0127));
#1653=CARTESIAN_POINT('',(-0.0586247777566559,-0.0435121002943613,-0.002));
#1654=CARTESIAN_POINT('',(-0.0586560911133201,-0.0516834887375813,0.0127));
#1655=CARTESIAN_POINT('',(-0.0586560911133201,-0.0516834887375813,-0.002));
#1656=CARTESIAN_POINT('',(-0.0646667108421089,-0.0364536314720229,0.0127));
#1657=CARTESIAN_POINT('',(-0.0646667108421089,-0.0364536314720229,-0.002));
#1658=CARTESIAN_POINT('',(-0.0576995893624919,-0.0306996073574692,0.0127));
#1659=CARTESIAN_POINT('',(-0.0576995893624919,-0.0306996073574692,-0.002));
#1660=CARTESIAN_POINT('',(-0.0583186856268441,-0.0277415780374515,0.0127));
#1661=CARTESIAN_POINT('',(-0.0583186856268441,-0.0277415780374515,-0.002));
#1662=CARTESIAN_POINT('',(-0.0585599754882591,-0.0265887000025056,0.0127));
#1663=CARTESIAN_POINT('',(-0.0585599754882591,-0.0265887000025056,-0.002));
#1664=CARTESIAN_POINT('',(-0.0538165322613102,-0.0540749404348027,0.0127));
#1665=CARTESIAN_POINT('',(-0.0538165322613102,-0.0540749404348027,0.0127));
#1666=CARTESIAN_POINT('',(-0.0538165322613102,-0.0540749404348027,-0.002));
#1667=CARTESIAN_POINT('',(-0.0538165322613102,-0.0540749404348027,-0.002));
#1668=CARTESIAN_POINT('',(-0.0543222192392645,-0.0531885878644639,-0.002));
#1669=CARTESIAN_POINT('',(-0.0551894341102508,-0.0516685603307426,-0.002));
#1670=CARTESIAN_POINT('',(-0.0550317586435229,-0.0557729331808721,-0.002));
#1671=CARTESIAN_POINT('',(-0.0586247777566559,-0.0435121002943613,-0.002));
#1672=CARTESIAN_POINT('',(-0.0586560911133201,-0.0516834887375813,-0.002));
#1673=CARTESIAN_POINT('',(-0.0646667108421089,-0.0364536314720229,-0.002));
#1674=CARTESIAN_POINT('',(-0.0576995893624919,-0.0306996073574692,-0.002));
#1675=CARTESIAN_POINT('',(-0.0583186856268441,-0.0277415780374515,-0.002));
#1676=CARTESIAN_POINT('',(-0.0585599754882591,-0.0265887000025056,-0.002));
#1677=CARTESIAN_POINT('',(-0.0585599754882591,-0.0265887000025056,-0.002));
#1678=CARTESIAN_POINT('',(-0.0585599754882591,-0.0265887000025056,0.0127));
#1679=CARTESIAN_POINT('',(-0.0585599754882591,-0.0265887000025056,0.0127));
#1680=CARTESIAN_POINT('',(-0.0538165322613102,-0.0540749404348027,0.0127));
#1681=CARTESIAN_POINT('',(-0.0543222192392645,-0.0531885878644639,0.0127));
#1682=CARTESIAN_POINT('',(-0.0551894341102508,-0.0516685603307426,0.0127));
#1683=CARTESIAN_POINT('',(-0.0550317586435229,-0.0557729331808721,0.0127));
#1684=CARTESIAN_POINT('',(-0.0586247777566559,-0.0435121002943613,0.0127));
#1685=CARTESIAN_POINT('',(-0.0586560911133201,-0.0516834887375813,0.0127));
#1686=CARTESIAN_POINT('',(-0.0646667108421089,-0.0364536314720229,0.0127));
#1687=CARTESIAN_POINT('',(-0.0576995893624919,-0.0306996073574692,0.0127));
#1688=CARTESIAN_POINT('',(-0.0583186856268441,-0.0277415780374515,0.0127));
#1689=CARTESIAN_POINT('',(-0.0585599754882591,-0.0265887000025056,0.0127));
#1690=CARTESIAN_POINT('',(-0.0402094254852425,-0.0152028101159381,0.0127));
#1691=CARTESIAN_POINT('',(-0.0402094254852425,-0.0152028101159381,-0.00199999999999999));
#1692=CARTESIAN_POINT('',(-0.0417551905057395,-0.0177134177637217,0.0127));
#1693=CARTESIAN_POINT('',(-0.0417551905057395,-0.0177134177637217,-0.00199999999999999));
#1694=CARTESIAN_POINT('',(-0.0464086985952939,-0.0252715736565893,0.0127));
#1695=CARTESIAN_POINT('',(-0.0464086985952939,-0.0252715736565893,-0.00199999999999999));
#1696=CARTESIAN_POINT('',(-0.0175524419742474,-0.0568008761567379,0.0127));
#1697=CARTESIAN_POINT('',(-0.0175524419742474,-0.0568008761567379,-0.00199999999999999));
#1698=CARTESIAN_POINT('',(-0.0177408521035302,-0.059192558562944,0.0127));
#1699=CARTESIAN_POINT('',(-0.0177408521035302,-0.059192558562944,-0.00199999999999999));
#1700=CARTESIAN_POINT('',(-0.0103428967566087,-0.0501433791600994,0.0127));
#1701=CARTESIAN_POINT('',(-0.0103428967566087,-0.0501433791600994,-0.00199999999999999));
#1702=CARTESIAN_POINT('',(-0.013849467838075,-0.039176662006889,0.0127));
#1703=CARTESIAN_POINT('',(-0.013849467838075,-0.039176662006889,-0.00199999999999999));
#1704=CARTESIAN_POINT('',(-0.0314516620748933,-0.035273503490267,0.0127));
#1705=CARTESIAN_POINT('',(-0.0314516620748933,-0.035273503490267,-0.00199999999999999));
#1706=CARTESIAN_POINT('',(-0.0170340753993285,-0.034963327316612,0.0127));
#1707=CARTESIAN_POINT('',(-0.0170340753993285,-0.034963327316612,-0.00199999999999999));
#1708=CARTESIAN_POINT('',(-0.0172427884592322,-0.0353904706473079,0.0127));
#1709=CARTESIAN_POINT('',(-0.0172427884592322,-0.0353904706473079,-0.00199999999999999));
#1710=CARTESIAN_POINT('',(-0.0105576740004013,-0.0379840954957774,0.0127));
#1711=CARTESIAN_POINT('',(-0.0105576740004013,-0.0379840954957774,-0.00199999999999999));
#1712=CARTESIAN_POINT('',(-0.00989767605442001,-0.042993206277795,0.0127));
#1713=CARTESIAN_POINT('',(-0.00989767605442001,-0.042993206277795,-0.00199999999999999));
#1714=CARTESIAN_POINT('',(-0.00324329338656809,-0.0519685834977371,0.0127));
#1715=CARTESIAN_POINT('',(-0.00324329338656809,-0.0519685834977371,-0.00199999999999999));
#1716=CARTESIAN_POINT('',(-0.0105560951877609,-0.063001481116493,0.0127));
#1717=CARTESIAN_POINT('',(-0.0105560951877609,-0.063001481116493,-0.00199999999999999));
#1718=CARTESIAN_POINT('',(-0.0203698988392038,-0.0660061338961599,0.0127));
#1719=CARTESIAN_POINT('',(-0.0203698988392038,-0.0660061338961599,-0.00199999999999999));
#1720=CARTESIAN_POINT('',(-0.0206452432776201,-0.0646410013427643,0.0127));
#1721=CARTESIAN_POINT('',(-0.0206452432776201,-0.0646410013427643,-0.00199999999999999));
#1722=CARTESIAN_POINT('',(-0.021568358268296,-0.0620595662977271,0.0127));
#1723=CARTESIAN_POINT('',(-0.021568358268296,-0.0620595662977271,-0.00199999999999999));
#1724=CARTESIAN_POINT('',(-0.0248276772929703,-0.0613149380830039,0.0127));
#1725=CARTESIAN_POINT('',(-0.0248276772929703,-0.0613149380830039,-0.00199999999999999));
#1726=CARTESIAN_POINT('',(-0.0221947532744226,-0.0668359648833714,0.0127));
#1727=CARTESIAN_POINT('',(-0.0221947532744226,-0.0668359648833714,-0.00199999999999999));
#1728=CARTESIAN_POINT('',(-0.044364086070249,-0.0661099073520953,0.0127));
#1729=CARTESIAN_POINT('',(-0.044364086070249,-0.0661099073520953,-0.00199999999999999));
#1730=CARTESIAN_POINT('',(-0.0482298231471386,-0.0672872686562337,0.0127));
#1731=CARTESIAN_POINT('',(-0.0482298231471386,-0.0672872686562337,-0.00199999999999999));
#1732=CARTESIAN_POINT('',(-0.0509790446538391,-0.0654096950364787,0.0127));
#1733=CARTESIAN_POINT('',(-0.0509790446538391,-0.0654096950364787,-0.00199999999999999));
#1734=CARTESIAN_POINT('',(-0.0510182064796212,-0.0683916251226341,0.0127));
#1735=CARTESIAN_POINT('',(-0.0510182064796212,-0.0683916251226341,-0.00199999999999999));
#1736=CARTESIAN_POINT('',(-0.064039769206857,-0.0679349068701442,0.0127));
#1737=CARTESIAN_POINT('',(-0.064039769206857,-0.0679349068701442,-0.00199999999999999));
#1738=CARTESIAN_POINT('',(-0.0548038794507332,-0.062652483239984,0.0127));
#1739=CARTESIAN_POINT('',(-0.0548038794507332,-0.062652483239984,-0.00199999999999999));
#1740=CARTESIAN_POINT('',(-0.0541701679183222,-0.057147137345832,0.0127));
#1741=CARTESIAN_POINT('',(-0.0541701679183222,-0.057147137345832,-0.00199999999999999));
#1742=CARTESIAN_POINT('',(-0.0538165322613102,-0.0540749404348027,0.0127));
#1743=CARTESIAN_POINT('',(-0.0538165322613102,-0.0540749404348027,-0.00199999999999999));
#1744=CARTESIAN_POINT('',(-0.0402094254852425,-0.0152028101159381,0.0127));
#1745=CARTESIAN_POINT('',(-0.0402094254852425,-0.0152028101159381,0.0127));
#1746=CARTESIAN_POINT('',(-0.0402094254852425,-0.0152028101159381,-0.002));
#1747=CARTESIAN_POINT('',(-0.0402094254852425,-0.0152028101159381,-0.002));
#1748=CARTESIAN_POINT('',(-0.0417551905057395,-0.0177134177637217,-0.002));
#1749=CARTESIAN_POINT('',(-0.0464086985952939,-0.0252715736565893,-0.002));
#1750=CARTESIAN_POINT('',(-0.0175524419742474,-0.0568008761567379,-0.002));
#1751=CARTESIAN_POINT('',(-0.0177408521035302,-0.059192558562944,-0.002));
#1752=CARTESIAN_POINT('',(-0.0103428967566087,-0.0501433791600994,-0.002));
#1753=CARTESIAN_POINT('',(-0.013849467838075,-0.039176662006889,-0.002));
#1754=CARTESIAN_POINT('',(-0.0314516620748933,-0.035273503490267,-0.002));
#1755=CARTESIAN_POINT('',(-0.0170340753993285,-0.034963327316612,-0.002));
#1756=CARTESIAN_POINT('',(-0.0172427884592322,-0.0353904706473079,-0.002));
#1757=CARTESIAN_POINT('',(-0.0105576740004013,-0.0379840954957774,-0.002));
#1758=CARTESIAN_POINT('',(-0.00989767605442001,-0.042993206277795,-0.002));
#1759=CARTESIAN_POINT('',(-0.00324329338656809,-0.0519685834977371,-0.002));
#1760=CARTESIAN_POINT('',(-0.0105560951877609,-0.063001481116493,-0.002));
#1761=CARTESIAN_POINT('',(-0.0203698988392038,-0.0660061338961599,-0.002));
#1762=CARTESIAN_POINT('',(-0.0206452432776201,-0.0646410013427643,-0.002));
#1763=CARTESIAN_POINT('',(-0.021568358268296,-0.0620595662977271,-0.002));
#1764=CARTESIAN_POINT('',(-0.0248276772929703,-0.0613149380830039,-0.002));
#1765=CARTESIAN_POINT('',(-0.0221947532744226,-0.0668359648833714,-0.002));
#1766=CARTESIAN_POINT('',(-0.044364086070249,-0.0661099073520953,-0.002));
#1767=CARTESIAN_POINT('',(-0.0482298231471386,-0.0672872686562337,-0.002));
#1768=CARTESIAN_POINT('',(-0.0509790446538391,-0.0654096950364787,-0.002));
#1769=CARTESIAN_POINT('',(-0.0510182064796212,-0.0683916251226341,-0.002));
#1770=CARTESIAN_POINT('',(-0.064039769206857,-0.0679349068701442,-0.002));
#1771=CARTESIAN_POINT('',(-0.0548038794507332,-0.062652483239984,-0.002));
#1772=CARTESIAN_POINT('',(-0.0541701679183222,-0.057147137345832,-0.002));
#1773=CARTESIAN_POINT('',(-0.0538165322613102,-0.0540749404348027,-0.002));
#1774=CARTESIAN_POINT('',(-0.0402094254852425,-0.0152028101159381,0.0127));
#1775=CARTESIAN_POINT('',(-0.0417551905057395,-0.0177134177637217,0.0127));
#1776=CARTESIAN_POINT('',(-0.0464086985952939,-0.0252715736565893,0.0127));
#1777=CARTESIAN_POINT('',(-0.0175524419742474,-0.0568008761567379,0.0127));
#1778=CARTESIAN_POINT('',(-0.0177408521035302,-0.059192558562944,0.0127));
#1779=CARTESIAN_POINT('',(-0.0103428967566087,-0.0501433791600994,0.0127));
#1780=CARTESIAN_POINT('',(-0.013849467838075,-0.039176662006889,0.0127));
#1781=CARTESIAN_POINT('',(-0.0314516620748933,-0.035273503490267,0.0127));
#1782=CARTESIAN_POINT('',(-0.0170340753993285,-0.034963327316612,0.0127));
#1783=CARTESIAN_POINT('',(-0.0172427884592322,-0.0353904706473079,0.0127));
#1784=CARTESIAN_POINT('',(-0.0105576740004013,-0.0379840954957774,0.0127));
#1785=CARTESIAN_POINT('',(-0.00989767605442001,-0.042993206277795,0.0127));
#1786=CARTESIAN_POINT('',(-0.00324329338656809,-0.0519685834977371,0.0127));
#1787=CARTESIAN_POINT('',(-0.0105560951877609,-0.063001481116493,0.0127));
#1788=CARTESIAN_POINT('',(-0.0203698988392038,-0.0660061338961599,0.0127));
#1789=CARTESIAN_POINT('',(-0.0206452432776201,-0.0646410013427643,0.0127));
#1790=CARTESIAN_POINT('',(-0.021568358268296,-0.0620595662977271,0.0127));
#1791=CARTESIAN_POINT('',(-0.0248276772929703,-0.0613149380830039,0.0127));
#1792=CARTESIAN_POINT('',(-0.0221947532744226,-0.0668359648833714,0.0127));
#1793=CARTESIAN_POINT('',(-0.044364086070249,-0.0661099073520953,0.0127));
#1794=CARTESIAN_POINT('',(-0.0482298231471386,-0.0672872686562337,0.0127));
#1795=CARTESIAN_POINT('',(-0.0509790446538391,-0.0654096950364787,0.0127));
#1796=CARTESIAN_POINT('',(-0.0510182064796212,-0.0683916251226341,0.0127));
#1797=CARTESIAN_POINT('',(-0.064039769206857,-0.0679349068701442,0.0127));
#1798=CARTESIAN_POINT('',(-0.0548038794507332,-0.062652483239984,0.0127));
#1799=CARTESIAN_POINT('',(-0.0541701679183222,-0.057147137345832,0.0127));
#1800=CARTESIAN_POINT('',(-0.0538165322613102,-0.0540749404348027,0.0127));
#1801=CARTESIAN_POINT('',(-0.0499327465399714,-0.06836422815815,0.0127));
#1802=CARTESIAN_POINT('',(-0.0499327465399714,-0.06836422815815,3.46944695195361E-18));
#1803=CARTESIAN_POINT('',(-0.0501343406595822,-0.0685711236551292,0.0127));
#1804=CARTESIAN_POINT('',(-0.0501343406595822,-0.0685711236551292,1.73472347597681E-18));
#1805=CARTESIAN_POINT('',(-0.0506415204042576,-0.0689895550754968,0.0127));
#1806=CARTESIAN_POINT('',(-0.0506415204042576,-0.0689895550754968,3.46944695195361E-18));
#1807=CARTESIAN_POINT('',(-0.0515703897588448,-0.0694091350188333,0.0127));
#1808=CARTESIAN_POINT('',(-0.0515703897588448,-0.0694091350188333,0.));
#1809=CARTESIAN_POINT('',(-0.052467881128055,-0.069653150363039,0.0127));
#1810=CARTESIAN_POINT('',(-0.052467881128055,-0.069653150363039,1.73472347597681E-18));
#1811=CARTESIAN_POINT('',(-0.0537436728563396,-0.0698741499037666,0.0127));
#1812=CARTESIAN_POINT('',(-0.0537436728563396,-0.0698741499037666,5.20417042793042E-18));
#1813=CARTESIAN_POINT('',(-0.0554470299807271,-0.069984183388444,0.0127));
#1814=CARTESIAN_POINT('',(-0.0554470299807271,-0.069984183388444,6.93889390390723E-18));
#1815=CARTESIAN_POINT('',(-0.0571717143948971,-0.0699183607634589,0.0127));
#1816=CARTESIAN_POINT('',(-0.0571717143948971,-0.0699183607634589,1.73472347597681E-18));
#1817=CARTESIAN_POINT('',(-0.0584673316997284,-0.0697565339589152,0.0127));
#1818=CARTESIAN_POINT('',(-0.0584673316997284,-0.0697565339589152,5.20417042793042E-18));
#1819=CARTESIAN_POINT('',(-0.0593838267510721,-0.0695728869614016,0.0127));
#1820=CARTESIAN_POINT('',(-0.0593838267510721,-0.0695728869614016,5.20417042793042E-18));
#1821=CARTESIAN_POINT('',(-0.0601038021835543,-0.0693516648639626,0.0127));
#1822=CARTESIAN_POINT('',(-0.0601038021835543,-0.0693516648639626,1.73472347597681E-18));
#1823=CARTESIAN_POINT('',(-0.0606792236396632,-0.0690919348781866,0.0127));
#1824=CARTESIAN_POINT('',(-0.0606792236396632,-0.0690919348781866,1.73472347597681E-18));
#1825=CARTESIAN_POINT('',(-0.0611237016546789,-0.0688245368002375,0.0127));
#1826=CARTESIAN_POINT('',(-0.0611237016546789,-0.0688245368002375,3.46944695195361E-18));
#1827=CARTESIAN_POINT('',(-0.061591693462583,-0.0684313559924638,0.0127));
#1828=CARTESIAN_POINT('',(-0.061591693462583,-0.0684313559924638,0.));
#1829=CARTESIAN_POINT('',(-0.0620462271964058,-0.0677924105665515,0.0127));
#1830=CARTESIAN_POINT('',(-0.0620462271964058,-0.0677924105665515,5.20417042793042E-18));
#1831=CARTESIAN_POINT('',(-0.0622774100418351,-0.0669903765907058,0.0127));
#1832=CARTESIAN_POINT('',(-0.0622774100418351,-0.0669903765907058,1.73472347597681E-18));
#1833=CARTESIAN_POINT('',(-0.062243712123478,-0.0662386032625592,0.0127));
#1834=CARTESIAN_POINT('',(-0.062243712123478,-0.0662386032625592,1.73472347597681E-18));
#1835=CARTESIAN_POINT('',(-0.0620637989942431,-0.0656511480297881,0.0127));
#1836=CARTESIAN_POINT('',(-0.0620637989942431,-0.0656511480297881,1.73472347597681E-18));
#1837=CARTESIAN_POINT('',(-0.0617552086792955,-0.065049219859397,0.0127));
#1838=CARTESIAN_POINT('',(-0.0617552086792955,-0.065049219859397,5.20417042793042E-18));
#1839=CARTESIAN_POINT('',(-0.0613314368371757,-0.0645043264857363,0.0127));
#1840=CARTESIAN_POINT('',(-0.0613314368371757,-0.0645043264857363,3.46944695195361E-18));
#1841=CARTESIAN_POINT('',(-0.0607996636305015,-0.0639542262903781,0.0127));
#1842=CARTESIAN_POINT('',(-0.0607996636305015,-0.0639542262903781,1.73472347597681E-18));
#1843=CARTESIAN_POINT('',(-0.06005473906315,-0.0632668540268669,0.0127));
#1844=CARTESIAN_POINT('',(-0.06005473906315,-0.0632668540268669,1.04083408558608E-17));
#1845=CARTESIAN_POINT('',(-0.0590834408567333,-0.0624171869487377,0.0127));
#1846=CARTESIAN_POINT('',(-0.0590834408567333,-0.0624171869487377,0.));
#1847=CARTESIAN_POINT('',(-0.0580827903021376,-0.0614189538146345,0.0127));
#1848=CARTESIAN_POINT('',(-0.0580827903021376,-0.0614189538146345,0.));
#1849=CARTESIAN_POINT('',(-0.057412767168065,-0.060464349636734,0.0127));
#1850=CARTESIAN_POINT('',(-0.057412767168065,-0.060464349636734,6.93889390390723E-18));
#1851=CARTESIAN_POINT('',(-0.0568804931980843,-0.059372147103731,0.0127));
#1852=CARTESIAN_POINT('',(-0.0568804931980843,-0.059372147103731,1.73472347597681E-18));
#1853=CARTESIAN_POINT('',(-0.0563552281704526,-0.0577630228130623,0.0127));
#1854=CARTESIAN_POINT('',(-0.0563552281704526,-0.0577630228130623,5.20417042793042E-18));
#1855=CARTESIAN_POINT('',(-0.0561194340322191,-0.056373468837101,0.0127));
#1856=CARTESIAN_POINT('',(-0.0561194340322191,-0.056373468837101,1.73472347597681E-18));
#1857=CARTESIAN_POINT('',(-0.0559898805336529,-0.0553918054442652,0.0127));
#1858=CARTESIAN_POINT('',(-0.0559898805336529,-0.0553918054442652,3.46944695195361E-18));
#1859=CARTESIAN_POINT('',(-0.0499327465399715,-0.0683642281581501,0.0127));
#1860=CARTESIAN_POINT('',(-0.0499327465399715,-0.0683642281581501,0.0127));
#1861=CARTESIAN_POINT('',(-0.0499327465399714,-0.06836422815815,0.0127));
#1862=CARTESIAN_POINT('',(-0.0500335435997768,-0.0684676759066396,0.0127));
#1863=CARTESIAN_POINT('',(-0.050258642369571,-0.0686749492142877,0.0127));
#1864=CARTESIAN_POINT('',(-0.0505925101511495,-0.0689134419618116,0.0127));
#1865=CARTESIAN_POINT('',(-0.050890364335577,-0.0690854462587648,0.0127));
#1866=CARTESIAN_POINT('',(-0.0511919825198757,-0.0692357100204983,0.0127));
#1867=CARTESIAN_POINT('',(-0.0515643899829382,-0.0693861568175065,0.0127));
#1868=CARTESIAN_POINT('',(-0.0520158996086764,-0.0695289975827465,0.0127));
#1869=CARTESIAN_POINT('',(-0.0526291751112553,-0.0696819841158216,0.0127));
#1870=CARTESIAN_POINT('',(-0.053424523943658,-0.0698187462678085,0.0127));
#1871=CARTESIAN_POINT('',(-0.0544235954118183,-0.0699172969783573,0.0127));
#1872=CARTESIAN_POINT('',(-0.0554504312157074,-0.0699580449517696,0.0127));
#1873=CARTESIAN_POINT('',(-0.0564824523574543,-0.0699445962136333,0.0127));
#1874=CARTESIAN_POINT('',(-0.057495432343184,-0.0698779672016409,0.0127));
#1875=CARTESIAN_POINT('',(-0.0584674654831871,-0.0697563750014632,0.0127));
#1876=CARTESIAN_POINT('',(-0.0592308092431635,-0.069603945543487,0.0127));
#1877=CARTESIAN_POINT('',(-0.0598162682527019,-0.0694393741459289,0.0127));
#1878=CARTESIAN_POINT('',(-0.0602475453409496,-0.0692869596032419,0.0127));
#1879=CARTESIAN_POINT('',(-0.0606792162240507,-0.0690918054923023,0.0127));
#1880=CARTESIAN_POINT('',(-0.0611238435237609,-0.0688248271080513,0.0127));
#1881=CARTESIAN_POINT('',(-0.0615132517555158,-0.0684960746405865,0.0127));
#1882=CARTESIAN_POINT('',(-0.0618197294860277,-0.0681132858936562,0.0127));
#1883=CARTESIAN_POINT('',(-0.0620178141916357,-0.0677715171763634,0.0127));
#1884=CARTESIAN_POINT('',(-0.062163026037471,-0.0673920202502657,0.0127));
#1885=CARTESIAN_POINT('',(-0.0622710943450632,-0.0668647227744806,0.0127));
#1886=CARTESIAN_POINT('',(-0.0622439694251365,-0.0662386942581818,0.0127));
#1887=CARTESIAN_POINT('',(-0.062063660500396,-0.0656512321602645,0.0127));
#1888=CARTESIAN_POINT('',(-0.0618326529317625,-0.0651992743844668,0.0127));
#1889=CARTESIAN_POINT('',(-0.0615846517413745,-0.0648328884495685,0.0127));
#1890=CARTESIAN_POINT('',(-0.0612433986209267,-0.0644116875482134,0.0127));
#1891=CARTESIAN_POINT('',(-0.0607995887720965,-0.0639546967368685,0.0127));
#1892=CARTESIAN_POINT('',(-0.0602405458850901,-0.0634380560820364,0.0127));
#1893=CARTESIAN_POINT('',(-0.0596679919185791,-0.0629290807919578,0.0127));
#1894=CARTESIAN_POINT('',(-0.059104733469161,-0.0624203414463147,0.0127));
#1895=CARTESIAN_POINT('',(-0.0585786266382812,-0.0619140424748617,0.0127));
#1896=CARTESIAN_POINT('',(-0.0581980250951617,-0.0615036302983971,0.0127));
#1897=CARTESIAN_POINT('',(-0.0579415141177272,-0.0611893328899179,0.0127));
#1898=CARTESIAN_POINT('',(-0.057699825812592,-0.0608647740105771,0.0127));
#1899=CARTESIAN_POINT('',(-0.0574288350076588,-0.0604458821350567,0.0127));
#1900=CARTESIAN_POINT('',(-0.0571449881682684,-0.0599164185393937,0.0127));
#1901=CARTESIAN_POINT('',(-0.0568157509369886,-0.0591720631532694,0.0127));
#1902=CARTESIAN_POINT('',(-0.0564865116951681,-0.0581649437670765,0.0127));
#1903=CARTESIAN_POINT('',(-0.0561970574197983,-0.0568367540435892,0.0127));
#1904=CARTESIAN_POINT('',(-0.056054657282936,-0.0558826371406831,0.0127));
#1905=CARTESIAN_POINT('',(-0.0559898805336529,-0.0553918054442652,0.0127));
#1906=CARTESIAN_POINT('',(-0.0559898805336529,-0.0553918054442652,0.0127));
#1907=CARTESIAN_POINT('',(-0.0559898805336529,-0.0553918054442652,0.0127));
#1908=CARTESIAN_POINT('',(-0.0559898805336525,-0.0553918054442653,0.0127));
#1909=CARTESIAN_POINT('',(-0.0559898805336525,-0.0553918054442653,0.));
#1910=CARTESIAN_POINT('',(-0.0562330452592265,-0.0552999617933127,0.0127));
#1911=CARTESIAN_POINT('',(-0.0562330452592265,-0.0552999617933127,0.));
#1912=CARTESIAN_POINT('',(-0.0565581574575424,-0.0550855044275832,0.0127));
#1913=CARTESIAN_POINT('',(-0.0565581574575424,-0.0550855044275832,-3.46944695195361E-18));
#1914=CARTESIAN_POINT('',(-0.0568925592597028,-0.0547591332068992,0.0127));
#1915=CARTESIAN_POINT('',(-0.0568925592597028,-0.0547591332068992,5.20417042793042E-18));
#1916=CARTESIAN_POINT('',(-0.057079546840173,-0.0544883942288766,0.0127));
#1917=CARTESIAN_POINT('',(-0.057079546840173,-0.0544883942288766,-3.46944695195361E-18));
#1918=CARTESIAN_POINT('',(-0.0572277676805707,-0.0542356659824422,0.0127));
#1919=CARTESIAN_POINT('',(-0.0572277676805707,-0.0542356659824422,3.46944695195361E-18));
#1920=CARTESIAN_POINT('',(-0.0573857258173842,-0.0539214276519183,0.0127));
#1921=CARTESIAN_POINT('',(-0.0573857258173842,-0.0539214276519183,5.20417042793042E-18));
#1922=CARTESIAN_POINT('',(-0.0575646037765933,-0.0535155556262852,0.0127));
#1923=CARTESIAN_POINT('',(-0.0575646037765933,-0.0535155556262852,1.73472347597681E-18));
#1924=CARTESIAN_POINT('',(-0.0577862514874928,-0.0529629313958136,0.0127));
#1925=CARTESIAN_POINT('',(-0.0577862514874928,-0.0529629313958136,0.));
#1926=CARTESIAN_POINT('',(-0.0580189850074076,-0.0523508460853619,0.0127));
#1927=CARTESIAN_POINT('',(-0.0580189850074076,-0.0523508460853619,1.73472347597681E-18));
#1928=CARTESIAN_POINT('',(-0.0583425039999265,-0.0514762085602367,0.0127));
#1929=CARTESIAN_POINT('',(-0.0583425039999265,-0.0514762085602367,0.));
#1930=CARTESIAN_POINT('',(-0.0585945525942295,-0.0507850426354403,0.0127));
#1931=CARTESIAN_POINT('',(-0.0585945525942295,-0.0507850426354403,0.));
#1932=CARTESIAN_POINT('',(-0.0587599775730547,-0.0503402114747891,0.0127));
#1933=CARTESIAN_POINT('',(-0.0587599775730547,-0.0503402114747891,0.));
#1934=CARTESIAN_POINT('',(-0.0559898805336525,-0.0553918054442653,0.0127));
#1935=CARTESIAN_POINT('',(-0.0561114628964395,-0.055345883618789,0.0127));
#1936=CARTESIAN_POINT('',(-0.0563144539422858,-0.0552438782087127,0.0127));
#1937=CARTESIAN_POINT('',(-0.0565997781655541,-0.0550461512836554,0.0127));
#1938=CARTESIAN_POINT('',(-0.0568099212970864,-0.0548400828999899,0.0127));
#1939=CARTESIAN_POINT('',(-0.0569639122584909,-0.0546515495312062,0.0127));
#1940=CARTESIAN_POINT('',(-0.05707081573524,-0.054497166325114,0.0127));
#1941=CARTESIAN_POINT('',(-0.0571539415854205,-0.0543623090687902,0.0127));
#1942=CARTESIAN_POINT('',(-0.0572473370733667,-0.0541962455087589,0.0127));
#1943=CARTESIAN_POINT('',(-0.0573463930266883,-0.0539998585602053,0.0127));
#1944=CARTESIAN_POINT('',(-0.057456891824906,-0.0537597366230136,0.0127));
#1945=CARTESIAN_POINT('',(-0.0575655716753299,-0.0535071992834929,0.0127));
#1946=CARTESIAN_POINT('',(-0.0576754382931827,-0.0532392222010143,0.0127));
#1947=CARTESIAN_POINT('',(-0.0578250348988813,-0.0528609280546299,0.0127));
#1948=CARTESIAN_POINT('',(-0.0580189812790847,-0.0523508547405135,0.0127));
#1949=CARTESIAN_POINT('',(-0.0582616450297406,-0.0516948219992719,0.0127));
#1950=CARTESIAN_POINT('',(-0.0585104570126762,-0.0510156063908717,0.0127));
#1951=CARTESIAN_POINT('',(-0.0586772650836421,-0.0505626270551147,0.0127));
#1952=CARTESIAN_POINT('',(-0.0587599775730547,-0.0503402114747891,0.0127));
#1953=CARTESIAN_POINT('',(-0.0587599775730547,-0.0503402114747891,0.0127));
#1954=CARTESIAN_POINT('',(-0.0587599775730547,-0.0503402114747891,0.0127));
#1955=CARTESIAN_POINT('',(-0.0587599775730547,-0.0503402114747891,0.0127));
#1956=CARTESIAN_POINT('',(-0.0587599775730547,-0.0503402114747891,3.46944695195361E-18));
#1957=CARTESIAN_POINT('',(-0.0591524860186205,-0.0503977524219833,0.0127));
#1958=CARTESIAN_POINT('',(-0.0591524860186205,-0.0503977524219833,3.46944695195361E-18));
#1959=CARTESIAN_POINT('',(-0.0598746211764127,-0.050273616164625,0.0127));
#1960=CARTESIAN_POINT('',(-0.0598746211764127,-0.050273616164625,0.));
#1961=CARTESIAN_POINT('',(-0.0604609255863088,-0.0499128342404686,0.0127));
#1962=CARTESIAN_POINT('',(-0.0604609255863088,-0.0499128342404686,5.20417042793042E-18));
#1963=CARTESIAN_POINT('',(-0.0608266877101687,-0.0495832675311252,0.0127));
#1964=CARTESIAN_POINT('',(-0.0608266877101687,-0.0495832675311252,1.73472347597681E-18));
#1965=CARTESIAN_POINT('',(-0.0611824034413411,-0.0491654417956936,0.0127));
#1966=CARTESIAN_POINT('',(-0.0611824034413411,-0.0491654417956936,1.73472347597681E-18));
#1967=CARTESIAN_POINT('',(-0.0615231398581688,-0.0486436806492651,0.0127));
#1968=CARTESIAN_POINT('',(-0.0615231398581688,-0.0486436806492651,3.46944695195361E-18));
#1969=CARTESIAN_POINT('',(-0.0618959822301157,-0.0479411038188337,0.0127));
#1970=CARTESIAN_POINT('',(-0.0618959822301157,-0.0479411038188337,1.73472347597681E-18));
#1971=CARTESIAN_POINT('',(-0.0622532095354982,-0.047147156091723,0.0127));
#1972=CARTESIAN_POINT('',(-0.0622532095354982,-0.047147156091723,0.));
#1973=CARTESIAN_POINT('',(-0.0627142734634486,-0.0459698233269708,0.0127));
#1974=CARTESIAN_POINT('',(-0.0627142734634486,-0.0459698233269708,1.04083408558608E-17));
#1975=CARTESIAN_POINT('',(-0.0632517877823298,-0.044302054840185,0.0127));
#1976=CARTESIAN_POINT('',(-0.0632517877823298,-0.044302054840185,1.73472347597681E-18));
#1977=CARTESIAN_POINT('',(-0.063772785021972,-0.0420999517098063,0.0127));
#1978=CARTESIAN_POINT('',(-0.063772785021972,-0.0420999517098063,3.46944695195361E-18));
#1979=CARTESIAN_POINT('',(-0.0640946660653423,-0.0398323824264542,0.0127));
#1980=CARTESIAN_POINT('',(-0.0640946660653423,-0.0398323824264542,1.73472347597681E-18));
#1981=CARTESIAN_POINT('',(-0.0641177809658151,-0.0375581897456734,0.0127));
#1982=CARTESIAN_POINT('',(-0.0641177809658151,-0.0375581897456734,3.46944695195361E-18));
#1983=CARTESIAN_POINT('',(-0.0637266542976372,-0.0355078429553322,0.0127));
#1984=CARTESIAN_POINT('',(-0.0637266542976372,-0.0355078429553322,1.73472347597681E-18));
#1985=CARTESIAN_POINT('',(-0.0630623915995718,-0.0337698655271794,0.0127));
#1986=CARTESIAN_POINT('',(-0.0630623915995718,-0.0337698655271794,3.46944695195361E-18));
#1987=CARTESIAN_POINT('',(-0.0622661353584101,-0.0323176698295684,0.0127));
#1988=CARTESIAN_POINT('',(-0.0622661353584101,-0.0323176698295684,3.46944695195361E-18));
#1989=CARTESIAN_POINT('',(-0.0614781766735786,-0.0311241818021747,0.0127));
#1990=CARTESIAN_POINT('',(-0.0614781766735786,-0.0311241818021747,3.46944695195361E-18));
#1991=CARTESIAN_POINT('',(-0.0608219942474666,-0.0301605691664234,0.0127));
#1992=CARTESIAN_POINT('',(-0.0608219942474666,-0.0301605691664234,-6.93889390390723E-18));
#1993=CARTESIAN_POINT('',(-0.0604257218051292,-0.0294527267367492,0.0127));
#1994=CARTESIAN_POINT('',(-0.0604257218051292,-0.0294527267367492,5.20417042793042E-18));
#1995=CARTESIAN_POINT('',(-0.0603121900889576,-0.0290681946292279,0.0127));
#1996=CARTESIAN_POINT('',(-0.0603121900889576,-0.0290681946292279,3.46944695195361E-18));
#1997=CARTESIAN_POINT('',(-0.0602652574973364,-0.0286034510581718,0.0127));
#1998=CARTESIAN_POINT('',(-0.0602652574973364,-0.0286034510581718,0.));
#1999=CARTESIAN_POINT('',(-0.0602985246935574,-0.0282159147205862,0.0127));
#2000=CARTESIAN_POINT('',(-0.0602985246935574,-0.0282159147205862,3.46944695195361E-18));
#2001=CARTESIAN_POINT('',(-0.0603296507620268,-0.0279967338607779,0.0127));
#2002=CARTESIAN_POINT('',(-0.0603296507620268,-0.0279967338607779,3.46944695195361E-18));
#2003=CARTESIAN_POINT('',(-0.0587599775730547,-0.0503402114747891,0.0127));
#2004=CARTESIAN_POINT('',(-0.0589562317958376,-0.0503689819483862,0.0127));
#2005=CARTESIAN_POINT('',(-0.0593413947567551,-0.0503686502543035,0.0127));
#2006=CARTESIAN_POINT('',(-0.0598109173202723,-0.0502521791691444,0.0127));
#2007=CARTESIAN_POINT('',(-0.0601657646938395,-0.0500897525187502,0.0127));
#2008=CARTESIAN_POINT('',(-0.0605230575831695,-0.0498599051700238,0.0127));
#2009=CARTESIAN_POINT('',(-0.0608261863618187,-0.0495826425200969,0.0127));
#2010=CARTESIAN_POINT('',(-0.061093973660817,-0.0492698748141242,0.0127));
#2011=CARTESIAN_POINT('',(-0.0613172027473462,-0.0489574560098597,0.0127));
#2012=CARTESIAN_POINT('',(-0.0615189900655463,-0.048633932998423,0.0127));
#2013=CARTESIAN_POINT('',(-0.061709634811235,-0.0482924324373216,0.0127));
#2014=CARTESIAN_POINT('',(-0.0619554791477915,-0.0478087556176872,0.0127));
#2015=CARTESIAN_POINT('',(-0.0622532093990258,-0.0471471672950149,0.0127));
#2016=CARTESIAN_POINT('',(-0.0625990571599216,-0.0462641422416035,0.0127));
#2017=CARTESIAN_POINT('',(-0.0629290806136311,-0.045302761835186,0.0127));
#2018=CARTESIAN_POINT('',(-0.0632363165850829,-0.0442768217083832,0.0127));
#2019=CARTESIAN_POINT('',(-0.0635123597970007,-0.0432014994261555,0.0127));
#2020=CARTESIAN_POINT('',(-0.0637479946613381,-0.0420922140494006,0.0127));
#2021=CARTESIAN_POINT('',(-0.0639332554932072,-0.0409638884821066,0.0127));
#2022=CARTESIAN_POINT('',(-0.0640572060901333,-0.0398302405097821,0.0127));
#2023=CARTESIAN_POINT('',(-0.0640988263445354,-0.0388907239516818,0.0127));
#2024=CARTESIAN_POINT('',(-0.0640872282984843,-0.0381465920479927,0.0127));
#2025=CARTESIAN_POINT('',(-0.0640414816192157,-0.0374077288608202,0.0127));
#2026=CARTESIAN_POINT('',(-0.0639216345002374,-0.0365299409238543,0.0127));
#2027=CARTESIAN_POINT('',(-0.0636162841328666,-0.0352199566111562,0.0127));
#2028=CARTESIAN_POINT('',(-0.0630622446928535,-0.0337692536157771,0.0127));
#2029=CARTESIAN_POINT('',(-0.0622662852620514,-0.032317863220278,0.0127));
#2030=CARTESIAN_POINT('',(-0.0614777239657317,-0.0311240201507386,0.0127));
#2031=CARTESIAN_POINT('',(-0.0609326666402995,-0.0303215220096713,0.0127));
#2032=CARTESIAN_POINT('',(-0.0606215929886018,-0.0298060489547528,0.0127));
#2033=CARTESIAN_POINT('',(-0.0604600541953243,-0.0294905886159566,0.0127));
#2034=CARTESIAN_POINT('',(-0.060375261787042,-0.029271267324069,0.0127));
#2035=CARTESIAN_POINT('',(-0.0603192110028441,-0.0290559563986861,0.0127));
#2036=CARTESIAN_POINT('',(-0.0602876338598776,-0.0288338633930195,0.0127));
#2037=CARTESIAN_POINT('',(-0.0602742282563533,-0.0285077426441836,0.0127));
#2038=CARTESIAN_POINT('',(-0.0602985246935574,-0.0282159147205863,0.0127));
#2039=CARTESIAN_POINT('',(-0.0603296507620268,-0.0279967338607779,0.0127));
#2040=CARTESIAN_POINT('',(-0.0603296507620268,-0.0279967338607779,0.0127));
#2041=CARTESIAN_POINT('',(-0.0603296507620268,-0.0279967338607779,0.0127));
#2042=CARTESIAN_POINT('',(-0.0603296507620269,-0.0279967338607779,0.0127));
#2043=CARTESIAN_POINT('',(-0.0603296507620269,-0.0279967338607779,3.46944695195361E-18));
#2044=CARTESIAN_POINT('',(-0.0616999492853033,-0.0273944584263,0.0127));
#2045=CARTESIAN_POINT('',(-0.0616999492853033,-0.0273944584263,3.46944695195361E-18));
#2046=CARTESIAN_POINT('',(-0.0637001494023015,-0.0265001502495124,0.0127));
#2047=CARTESIAN_POINT('',(-0.0637001494023015,-0.0265001502495124,5.20417042793042E-18));
#2048=CARTESIAN_POINT('',(-0.0660719726758423,-0.0252602808486204,0.0127));
#2049=CARTESIAN_POINT('',(-0.0660719726758423,-0.0252602808486204,1.73472347597681E-18));
#2050=CARTESIAN_POINT('',(-0.0676658212666751,-0.0242773751548004,0.0127));
#2051=CARTESIAN_POINT('',(-0.0676658212666751,-0.0242773751548004,3.46944695195361E-18));
#2052=CARTESIAN_POINT('',(-0.0688181367959317,-0.0233681120482854,0.0127));
#2053=CARTESIAN_POINT('',(-0.0688181367959317,-0.0233681120482854,6.93889390390723E-18));
#2054=CARTESIAN_POINT('',(-0.0696106664812718,-0.0225357794867759,0.0127));
#2055=CARTESIAN_POINT('',(-0.0696106664812718,-0.0225357794867759,3.46944695195361E-18));
#2056=CARTESIAN_POINT('',(-0.070136935633861,-0.0218206539144099,0.0127));
#2057=CARTESIAN_POINT('',(-0.070136935633861,-0.0218206539144099,5.20417042793042E-18));
#2058=CARTESIAN_POINT('',(-0.0705261103626595,-0.0210543703318265,0.0127));
#2059=CARTESIAN_POINT('',(-0.0705261103626595,-0.0210543703318265,8.67361737988404E-18));
#2060=CARTESIAN_POINT('',(-0.0708448844028167,-0.0201442434665417,0.0127));
#2061=CARTESIAN_POINT('',(-0.0708448844028167,-0.0201442434665417,-5.20417042793042E-18));
#2062=CARTESIAN_POINT('',(-0.0709556626105887,-0.0196146647112849,0.0127));
#2063=CARTESIAN_POINT('',(-0.0709556626105887,-0.0196146647112849,3.46944695195361E-18));
#2064=CARTESIAN_POINT('',(-0.0710097116033217,-0.0193951339273341,0.0127));
#2065=CARTESIAN_POINT('',(-0.0710097116033217,-0.0193951339273341,3.46944695195361E-18));
#2066=CARTESIAN_POINT('',(-0.0603296507620269,-0.0279967338607779,0.0127));
#2067=CARTESIAN_POINT('',(-0.0610148000236651,-0.027695596143539,0.0127));
#2068=CARTESIAN_POINT('',(-0.062367150928704,-0.0270958512430369,0.0127));
#2069=CARTESIAN_POINT('',(-0.0642930126046863,-0.0261903183952067,0.0127));
#2070=CARTESIAN_POINT('',(-0.0660718748687756,-0.0252602433226184,0.0127));
#2071=CARTESIAN_POINT('',(-0.0674005667372477,-0.0244411986895124,0.0127));
#2072=CARTESIAN_POINT('',(-0.0683565337213619,-0.0237318141417562,0.0127));
#2073=CARTESIAN_POINT('',(-0.0690160126412749,-0.0231606646048719,0.0127));
#2074=CARTESIAN_POINT('',(-0.0695129768136345,-0.0226378106408582,0.0127));
#2075=CARTESIAN_POINT('',(-0.0698713745953104,-0.0221817083101916,0.0127));
#2076=CARTESIAN_POINT('',(-0.0701196527274912,-0.0218145094223355,0.0127));
#2077=CARTESIAN_POINT('',(-0.0703345338741001,-0.0214330194767085,0.0127));
#2078=CARTESIAN_POINT('',(-0.0705641655893481,-0.0209432318545815,0.0127));
#2079=CARTESIAN_POINT('',(-0.0707662602685578,-0.0203705919866713,0.0127));
#2080=CARTESIAN_POINT('',(-0.0709168227473631,-0.0197925342514668,0.0127));
#2081=CARTESIAN_POINT('',(-0.0709826871069552,-0.0195048993193095,0.0127));
#2082=CARTESIAN_POINT('',(-0.0710097116033217,-0.0193951339273341,0.0127));
#2083=CARTESIAN_POINT('',(-0.0710097116033219,-0.0193951339273333,0.0127));
#2084=CARTESIAN_POINT('',(-0.0710097116033219,-0.0193951339273333,0.0127));
#2085=CARTESIAN_POINT('',(-0.0710097116033215,-0.0193951339273328,0.0127));
#2086=CARTESIAN_POINT('',(-0.0710097116033215,-0.0193951339273328,1.38777878078145E-17));
#2087=CARTESIAN_POINT('',(-0.0711371531130477,-0.0192977345685098,0.0127));
#2088=CARTESIAN_POINT('',(-0.0711371531130477,-0.0192977345685098,1.38777878078145E-17));
#2089=CARTESIAN_POINT('',(-0.0714136735485695,-0.0190730210940141,0.0127));
#2090=CARTESIAN_POINT('',(-0.0714136735485695,-0.0190730210940141,1.21430643318376E-17));
#2091=CARTESIAN_POINT('',(-0.0717980436756549,-0.0184850039848433,0.0127));
#2092=CARTESIAN_POINT('',(-0.0717980436756549,-0.0184850039848433,1.56125112837913E-17));
#2093=CARTESIAN_POINT('',(-0.0720477944152349,-0.0177232318739659,0.0127));
#2094=CARTESIAN_POINT('',(-0.0720477944152349,-0.0177232318739659,1.21430643318376E-17));
#2095=CARTESIAN_POINT('',(-0.0720148430578824,-0.0169898011067178,0.0127));
#2096=CARTESIAN_POINT('',(-0.0720148430578824,-0.0169898011067178,1.56125112837913E-17));
#2097=CARTESIAN_POINT('',(-0.0718321132785852,-0.0163262437561848,0.0127));
#2098=CARTESIAN_POINT('',(-0.0718321132785852,-0.0163262437561848,1.21430643318376E-17));
#2099=CARTESIAN_POINT('',(-0.071547842001294,-0.0157458928500687,0.0127));
#2100=CARTESIAN_POINT('',(-0.071547842001294,-0.0157458928500687,1.21430643318376E-17));
#2101=CARTESIAN_POINT('',(-0.0711622881004344,-0.0152103271449779,0.0127));
#2102=CARTESIAN_POINT('',(-0.0711622881004344,-0.0152103271449779,1.73472347597681E-17));
#2103=CARTESIAN_POINT('',(-0.0706578540267304,-0.0147179460712164,0.0127));
#2104=CARTESIAN_POINT('',(-0.0706578540267304,-0.0147179460712164,1.21430643318376E-17));
#2105=CARTESIAN_POINT('',(-0.0699482628532518,-0.0142808183511985,0.0127));
#2106=CARTESIAN_POINT('',(-0.0699482628532518,-0.0142808183511985,1.38777878078145E-17));
#2107=CARTESIAN_POINT('',(-0.0691385564449244,-0.0140604981554596,0.0127));
#2108=CARTESIAN_POINT('',(-0.0691385564449244,-0.0140604981554596,1.21430643318376E-17));
#2109=CARTESIAN_POINT('',(-0.0684836090221612,-0.0140278146548024,0.0127));
#2110=CARTESIAN_POINT('',(-0.0684836090221612,-0.0140278146548024,1.38777878078145E-17));
#2111=CARTESIAN_POINT('',(-0.0679395276798018,-0.0140643616493697,0.0127));
#2112=CARTESIAN_POINT('',(-0.0679395276798018,-0.0140643616493697,1.21430643318376E-17));
#2113=CARTESIAN_POINT('',(-0.0673374103161213,-0.0141443929608132,0.0127));
#2114=CARTESIAN_POINT('',(-0.0673374103161213,-0.0141443929608132,1.38777878078145E-17));
#2115=CARTESIAN_POINT('',(-0.0667553529084881,-0.0142308369649461,0.0127));
#2116=CARTESIAN_POINT('',(-0.0667553529084881,-0.0142308369649461,1.21430643318376E-17));
#2117=CARTESIAN_POINT('',(-0.0663223816427056,-0.0142182032485015,0.0127));
#2118=CARTESIAN_POINT('',(-0.0663223816427056,-0.0142182032485015,1.21430643318376E-17));
#2119=CARTESIAN_POINT('',(-0.0661171027164433,-0.0141663121952199,0.0127));
#2120=CARTESIAN_POINT('',(-0.0661171027164433,-0.0141663121952199,1.04083408558608E-17));
#2121=CARTESIAN_POINT('',(-0.0655023279571674,-0.0138242140520348,0.0127));
#2122=CARTESIAN_POINT('',(-0.0655023279571674,-0.0138242140520348,1.73472347597681E-17));
#2123=CARTESIAN_POINT('',(-0.0647090542875385,-0.0131909899040283,0.0127));
#2124=CARTESIAN_POINT('',(-0.0647090542875385,-0.0131909899040283,1.21430643318376E-17));
#2125=CARTESIAN_POINT('',(-0.0634559487717648,-0.0120686330636237,0.0127));
#2126=CARTESIAN_POINT('',(-0.0634559487717648,-0.0120686330636237,2.08166817117217E-17));
#2127=CARTESIAN_POINT('',(-0.0619551372192067,-0.0106939241878791,0.0127));
#2128=CARTESIAN_POINT('',(-0.0619551372192067,-0.0106939241878791,1.38777878078145E-17));
#2129=CARTESIAN_POINT('',(-0.0601483231220306,-0.00939152057353127,0.0127));
#2130=CARTESIAN_POINT('',(-0.0601483231220306,-0.00939152057353127,1.56125112837913E-17));
#2131=CARTESIAN_POINT('',(-0.0585815345202467,-0.0085301895219123,0.0127));
#2132=CARTESIAN_POINT('',(-0.0585815345202467,-0.0085301895219123,1.21430643318376E-17));
#2133=CARTESIAN_POINT('',(-0.0568731527858425,-0.00792814158551735,0.0127));
#2134=CARTESIAN_POINT('',(-0.0568731527858425,-0.00792814158551735,1.21430643318376E-17));
#2135=CARTESIAN_POINT('',(-0.0545502016992592,-0.00745576408017842,0.0127));
#2136=CARTESIAN_POINT('',(-0.0545502016992592,-0.00745576408017842,1.73472347597681E-17));
#2137=CARTESIAN_POINT('',(-0.0515990287039433,-0.00738044794639604,0.0127));
#2138=CARTESIAN_POINT('',(-0.0515990287039433,-0.00738044794639604,1.21430643318376E-17));
#2139=CARTESIAN_POINT('',(-0.048198327600851,-0.00789955692788798,0.0127));
#2140=CARTESIAN_POINT('',(-0.048198327600851,-0.00789955692788798,1.38777878078145E-17));
#2141=CARTESIAN_POINT('',(-0.0440857129968604,-0.00918346362149919,0.0127));
#2142=CARTESIAN_POINT('',(-0.0440857129968604,-0.00918346362149919,1.38777878078145E-17));
#2143=CARTESIAN_POINT('',(-0.0414396755976798,-0.010885833663877,0.0127));
#2144=CARTESIAN_POINT('',(-0.0414396755976798,-0.010885833663877,1.21430643318376E-17));
#2145=CARTESIAN_POINT('',(-0.0397528359599545,-0.0125818961024673,0.0127));
#2146=CARTESIAN_POINT('',(-0.0397528359599545,-0.0125818961024673,1.38777878078145E-17));
#2147=CARTESIAN_POINT('',(-0.0391380654937684,-0.0133039550644806,0.0127));
#2148=CARTESIAN_POINT('',(-0.0391380654937684,-0.0133039550644806,2.25514051876985E-17));
#2149=CARTESIAN_POINT('',(-0.0386756481330025,-0.0139087899683135,0.0127));
#2150=CARTESIAN_POINT('',(-0.0386756481330025,-0.0139087899683135,1.21430643318376E-17));
#2151=CARTESIAN_POINT('',(-0.0382862118031319,-0.0144468658744672,0.0127));
#2152=CARTESIAN_POINT('',(-0.0382862118031319,-0.0144468658744672,1.38777878078145E-17));
#2153=CARTESIAN_POINT('',(-0.0379960336759005,-0.0148422540971709,0.0127));
#2154=CARTESIAN_POINT('',(-0.0379960336759005,-0.0148422540971709,1.56125112837913E-17));
#2155=CARTESIAN_POINT('',(-0.0378021595643748,-0.0151076615138425,0.0127));
#2156=CARTESIAN_POINT('',(-0.0378021595643748,-0.0151076615138425,1.56125112837913E-17));
#2157=CARTESIAN_POINT('',(-0.0710097116033215,-0.0193951339273328,0.0127));
#2158=CARTESIAN_POINT('',(-0.0710734323581846,-0.0193464342479213,0.0127));
#2159=CARTESIAN_POINT('',(-0.0712253640176154,-0.0192238343290046,0.0127));
#2160=CARTESIAN_POINT('',(-0.0715111217281538,-0.0189264494938574,0.0127));
#2161=CARTESIAN_POINT('',(-0.0717490066699781,-0.0185562991025643,0.0127));
#2162=CARTESIAN_POINT('',(-0.0718932124050587,-0.0182032255455027,0.0127));
#2163=CARTESIAN_POINT('',(-0.071993394361331,-0.0178311016283885,0.0127));
#2164=CARTESIAN_POINT('',(-0.0720285998959981,-0.017427865513617,0.0127));
#2165=CARTESIAN_POINT('',(-0.0719983138269705,-0.0170170154680736,0.0127));
#2166=CARTESIAN_POINT('',(-0.07192401499294,-0.0166594388245601,0.0127));
#2167=CARTESIAN_POINT('',(-0.0717844700170225,-0.0162287156792204,0.0127));
#2168=CARTESIAN_POINT('',(-0.0715475403158911,-0.0157460372180309,0.0127));
#2169=CARTESIAN_POINT('',(-0.0712277168554671,-0.0152999579178847,0.0127));
#2170=CARTESIAN_POINT('',(-0.0709080258118619,-0.0149634420547996,0.0127));
#2171=CARTESIAN_POINT('',(-0.0706309666472171,-0.0147241231531198,0.0127));
#2172=CARTESIAN_POINT('',(-0.0703635566577674,-0.0145398497869891,0.0127));
#2173=CARTESIAN_POINT('',(-0.0701256030307399,-0.0144066643800385,0.0127));
#2174=CARTESIAN_POINT('',(-0.0699326786858794,-0.0143147187645486,0.0127));
#2175=CARTESIAN_POINT('',(-0.0697331441104042,-0.0142361781932369,0.0127));
#2176=CARTESIAN_POINT('',(-0.0694730849717964,-0.0141531841959788,0.0127));
#2177=CARTESIAN_POINT('',(-0.0691594056813255,-0.0140845613716578,0.0127));
#2178=CARTESIAN_POINT('',(-0.068812654099918,-0.0140454713803649,0.0127));
#2179=CARTESIAN_POINT('',(-0.0683920111242847,-0.0140331430193335,0.0127));
#2180=CARTESIAN_POINT('',(-0.067939929915275,-0.0140646519842708,0.0127));
#2181=CARTESIAN_POINT('',(-0.0674875123712231,-0.0141241972218044,0.0127));
#2182=CARTESIAN_POINT('',(-0.0671058942608682,-0.014179431872157,0.0127));
#2183=CARTESIAN_POINT('',(-0.066788758945028,-0.0142156780756111,0.0127));
#2184=CARTESIAN_POINT('',(-0.0665366850333258,-0.0142265110936712,0.0127));
#2185=CARTESIAN_POINT('',(-0.066382624387773,-0.014216457239097,0.0127));
#2186=CARTESIAN_POINT('',(-0.0662849301932203,-0.0142000558279772,0.0127));
#2187=CARTESIAN_POINT('',(-0.0662267824396894,-0.0141859533143734,0.0127));
#2188=CARTESIAN_POINT('',(-0.0661509817426024,-0.0141612374710421,0.0127));
#2189=CARTESIAN_POINT('',(-0.0660192714036399,-0.0141073925928828,0.0127));
#2190=CARTESIAN_POINT('',(-0.0658044498183446,-0.0139964445123841,0.0127));
#2191=CARTESIAN_POINT('',(-0.0653731608364026,-0.0137179923416932,0.0127));
#2192=CARTESIAN_POINT('',(-0.0647079754622817,-0.0131912421313086,0.0127));
#2193=CARTESIAN_POINT('',(-0.0637696704976759,-0.012349085032868,0.0127));
#2194=CARTESIAN_POINT('',(-0.0627048404328717,-0.0113815753618985,0.0127));
#2195=CARTESIAN_POINT('',(-0.0617045485584742,-0.010537362093602,0.0127));
#2196=CARTESIAN_POINT('',(-0.0608246449567555,-0.00987947932736218,0.0127));
#2197=CARTESIAN_POINT('',(-0.0601210488690926,-0.00940561112116509,0.0127));
#2198=CARTESIAN_POINT('',(-0.0594946917033116,-0.00903649459378312,0.0127));
#2199=CARTESIAN_POINT('',(-0.0589684429990907,-0.00876331170359216,0.0127));
#2200=CARTESIAN_POINT('',(-0.0584225474583447,-0.00850628683402132,0.0127));
#2201=CARTESIAN_POINT('',(-0.0577238928515931,-0.00822791059259157,0.0127));
#2202=CARTESIAN_POINT('',(-0.0565847501048646,-0.00786982584960179,0.0127));
#2203=CARTESIAN_POINT('',(-0.0551304976345554,-0.00757355019186286,0.0127));
#2204=CARTESIAN_POINT('',(-0.0533690520334469,-0.00742593128963436,0.0127));
#2205=CARTESIAN_POINT('',(-0.0516168690145755,-0.0074565294143713,0.0127));
#2206=CARTESIAN_POINT('',(-0.0498983506231975,-0.0076401270732875,0.0127));
#2207=CARTESIAN_POINT('',(-0.0482374214975249,-0.00795486304521677,0.0127));
#2208=CARTESIAN_POINT('',(-0.0466581691419082,-0.00838158335188983,0.0127));
#2209=CARTESIAN_POINT('',(-0.0451831523315106,-0.00890383655793826,0.0127));
#2210=CARTESIAN_POINT('',(-0.0438367073502324,-0.00950882163948876,0.0127));
#2211=CARTESIAN_POINT('',(-0.0426303740266026,-0.0101869162596799,0.0127));
#2212=CARTESIAN_POINT('',(-0.0415525480320436,-0.0109323728574442,0.0127));
#2213=CARTESIAN_POINT('',(-0.0405968682248568,-0.0117345155820498,0.0127));
#2214=CARTESIAN_POINT('',(-0.0398942715584554,-0.0124391957109252,0.0127));
#2215=CARTESIAN_POINT('',(-0.039382293059392,-0.0130174526788872,0.0127));
#2216=CARTESIAN_POINT('',(-0.0390814928231148,-0.0133836208381395,0.0127));
#2217=CARTESIAN_POINT('',(-0.0388515875202914,-0.0136782802604437,0.0127));
#2218=CARTESIAN_POINT('',(-0.0387256432595077,-0.0138451647293927,0.0127));
#2219=CARTESIAN_POINT('',(-0.0386437596488938,-0.0139557689318278,0.0127));
#2220=CARTESIAN_POINT('',(-0.0385881271783267,-0.0140315794785926,0.0127));
#2221=CARTESIAN_POINT('',(-0.038529745005229,-0.0141116603304315,0.0127));
#2222=CARTESIAN_POINT('',(-0.0384563412617151,-0.0142120975779919,0.0127));
#2223=CARTESIAN_POINT('',(-0.0383112549233956,-0.0144107389281175,0.0127));
#2224=CARTESIAN_POINT('',(-0.0380928967037619,-0.014709646438082,0.0127));
#2225=CARTESIAN_POINT('',(-0.0378990966201376,-0.0149749578055067,0.0127));
#2226=CARTESIAN_POINT('',(-0.0378021595643748,-0.0151076615138425,0.0127));
#2227=CARTESIAN_POINT('',(-0.0378021595643748,-0.0151076615138425,0.0127));
#2228=CARTESIAN_POINT('',(-0.0378021595643748,-0.0151076615138425,0.0127));
#2229=CARTESIAN_POINT('',(-0.0378021595643748,-0.0151076615138425,0.0127));
#2230=CARTESIAN_POINT('',(-0.0378021595643748,-0.0151076615138425,0.));
#2231=CARTESIAN_POINT('',(-0.0380897726439161,-0.015574798230953,0.0127));
#2232=CARTESIAN_POINT('',(-0.0380897726439161,-0.015574798230953,0.));
#2233=CARTESIAN_POINT('',(-0.0386806046961039,-0.0165262843514319,0.0127));
#2234=CARTESIAN_POINT('',(-0.0386806046961039,-0.0165262843514319,-1.73472347597681E-18));
#2235=CARTESIAN_POINT('',(-0.0397225163629123,-0.0182698416427666,0.0127));
#2236=CARTESIAN_POINT('',(-0.0397225163629123,-0.0182698416427666,3.46944695195361E-18));
#2237=CARTESIAN_POINT('',(-0.0403066599699296,-0.0198156894398041,0.0127));
#2238=CARTESIAN_POINT('',(-0.0403066599699296,-0.0198156894398041,-1.73472347597681E-18));
#2239=CARTESIAN_POINT('',(-0.0402957446663406,-0.0218285933000441,0.0127));
#2240=CARTESIAN_POINT('',(-0.0402957446663406,-0.0218285933000441,1.73472347597681E-18));
#2241=CARTESIAN_POINT('',(-0.0398339960344942,-0.0238106071253447,0.0127));
#2242=CARTESIAN_POINT('',(-0.0398339960344942,-0.0238106071253447,-1.73472347597681E-18));
#2243=CARTESIAN_POINT('',(-0.0386778365582243,-0.0264277857504305,0.0127));
#2244=CARTESIAN_POINT('',(-0.0386778365582243,-0.0264277857504305,1.73472347597681E-18));
#2245=CARTESIAN_POINT('',(-0.0362674898439506,-0.030617434840895,0.0127));
#2246=CARTESIAN_POINT('',(-0.0362674898439506,-0.030617434840895,-1.73472347597681E-18));
#2247=CARTESIAN_POINT('',(-0.0320594035811595,-0.0366405331174505,0.0127));
#2248=CARTESIAN_POINT('',(-0.0320594035811595,-0.0366405331174505,3.46944695195361E-18));
#2249=CARTESIAN_POINT('',(-0.0262511822333678,-0.0440650128199806,0.0127));
#2250=CARTESIAN_POINT('',(-0.0262511822333678,-0.0440650128199806,0.));
#2251=CARTESIAN_POINT('',(-0.0208173239120751,-0.0507089854922493,0.0127));
#2252=CARTESIAN_POINT('',(-0.0208173239120751,-0.0507089854922493,0.));
#2253=CARTESIAN_POINT('',(-0.0181916926012053,-0.0539733638193104,0.0127));
#2254=CARTESIAN_POINT('',(-0.0181916926012053,-0.0539733638193104,0.));
#2255=CARTESIAN_POINT('',(-0.0172822216398564,-0.0552035391982322,0.0127));
#2256=CARTESIAN_POINT('',(-0.0172822216398564,-0.0552035391982322,0.));
#2257=CARTESIAN_POINT('',(-0.0378021595643748,-0.0151076615138425,0.0127));
#2258=CARTESIAN_POINT('',(-0.0379459661041454,-0.0153412298723978,0.0127));
#2259=CARTESIAN_POINT('',(-0.0382326784685718,-0.0158073329223903,0.0127));
#2260=CARTESIAN_POINT('',(-0.0386681513059013,-0.0165126895000865,0.0127));
#2261=CARTESIAN_POINT('',(-0.0390735301562714,-0.0171800539736377,0.0127));
#2262=CARTESIAN_POINT('',(-0.0395531742876905,-0.0180340139908092,0.0127));
#2263=CARTESIAN_POINT('',(-0.0400121472478433,-0.0190557521456515,0.0127));
#2264=CARTESIAN_POINT('',(-0.0403043108796834,-0.0203157999894973,0.0127));
#2265=CARTESIAN_POINT('',(-0.0402979406818754,-0.0215760236292039,0.0127));
#2266=CARTESIAN_POINT('',(-0.0400632975186319,-0.022821945334726,0.0127));
#2267=CARTESIAN_POINT('',(-0.0397986198775696,-0.0237139322512713,0.0127));
#2268=CARTESIAN_POINT('',(-0.039504607397919,-0.024499936656693,0.0127));
#2269=CARTESIAN_POINT('',(-0.039149526165013,-0.0253431645155572,0.0127));
#2270=CARTESIAN_POINT('',(-0.0385955970553616,-0.0264944744744091,0.0127));
#2271=CARTESIAN_POINT('',(-0.0377727185815204,-0.0280009722739223,0.0127));
#2272=CARTESIAN_POINT('',(-0.0364897391417317,-0.0301449688536378,0.0127));
#2273=CARTESIAN_POINT('',(-0.0345847497846484,-0.0330267943853071,0.0127));
#2274=CARTESIAN_POINT('',(-0.0319645781576282,-0.036664949780249,0.0127));
#2275=CARTESIAN_POINT('',(-0.0291548412393532,-0.040353366969063,0.0127));
#2276=CARTESIAN_POINT('',(-0.0253454966859294,-0.0451724991686416,0.0127));
#2277=CARTESIAN_POINT('',(-0.0217250710944927,-0.0495981777225011,0.0127));
#2278=CARTESIAN_POINT('',(-0.0188444288268746,-0.0531633180793721,0.0127));
#2279=CARTESIAN_POINT('',(-0.0177369571205309,-0.0545884515087713,0.0127));
#2280=CARTESIAN_POINT('',(-0.0172822216398564,-0.0552035391982322,0.0127));
#2281=CARTESIAN_POINT('',(-0.0172822216398564,-0.0552035391982322,0.0127));
#2282=CARTESIAN_POINT('',(-0.0172822216398564,-0.0552035391982322,0.0127));
#2283=CARTESIAN_POINT('',(-0.0172822216398564,-0.0552035391982322,0.0127));
#2284=CARTESIAN_POINT('',(-0.0172822216398564,-0.0552035391982322,3.46944695195361E-18));
#2285=CARTESIAN_POINT('',(-0.0164546939183709,-0.0540799867913328,0.0127));
#2286=CARTESIAN_POINT('',(-0.0164546939183709,-0.0540799867913328,3.46944695195361E-18));
#2287=CARTESIAN_POINT('',(-0.0150140250829597,-0.0517229669624902,0.0127));
#2288=CARTESIAN_POINT('',(-0.0150140250829597,-0.0517229669624902,5.20417042793042E-18));
#2289=CARTESIAN_POINT('',(-0.0142139847935568,-0.0488735936585556,0.0127));
#2290=CARTESIAN_POINT('',(-0.0142139847935568,-0.0488735936585556,0.));
#2291=CARTESIAN_POINT('',(-0.0141853005526036,-0.0469275015543712,0.0127));
#2292=CARTESIAN_POINT('',(-0.0141853005526036,-0.0469275015543712,6.93889390390723E-18));
#2293=CARTESIAN_POINT('',(-0.0146623892861664,-0.0451550649431016,0.0127));
#2294=CARTESIAN_POINT('',(-0.0146623892861664,-0.0451550649431016,1.73472347597681E-18));
#2295=CARTESIAN_POINT('',(-0.0156831563439929,-0.043507331729917,0.0127));
#2296=CARTESIAN_POINT('',(-0.0156831563439929,-0.043507331729917,3.46944695195361E-18));
#2297=CARTESIAN_POINT('',(-0.0173067298381391,-0.0419941958604041,0.0127));
#2298=CARTESIAN_POINT('',(-0.0173067298381391,-0.0419941958604041,6.93889390390723E-18));
#2299=CARTESIAN_POINT('',(-0.0193547733476111,-0.0408599058005154,0.0127));
#2300=CARTESIAN_POINT('',(-0.0193547733476111,-0.0408599058005154,0.));
#2301=CARTESIAN_POINT('',(-0.0211848458160159,-0.0400469995916136,0.0127));
#2302=CARTESIAN_POINT('',(-0.0211848458160159,-0.0400469995916136,6.93889390390723E-18));
#2303=CARTESIAN_POINT('',(-0.0225449390764527,-0.039496146539814,0.0127));
#2304=CARTESIAN_POINT('',(-0.0225449390764527,-0.039496146539814,3.46944695195361E-18));
#2305=CARTESIAN_POINT('',(-0.0236079075166608,-0.0390826340929033,0.0127));
#2306=CARTESIAN_POINT('',(-0.0236079075166608,-0.0390826340929033,1.38777878078145E-17));
#2307=CARTESIAN_POINT('',(-0.0243836264763947,-0.0387740721608396,0.0127));
#2308=CARTESIAN_POINT('',(-0.0243836264763947,-0.0387740721608396,-1.73472347597681E-18));
#2309=CARTESIAN_POINT('',(-0.0249237019938123,-0.0385503710677632,0.0127));
#2310=CARTESIAN_POINT('',(-0.0249237019938123,-0.0385503710677632,1.04083408558608E-17));
#2311=CARTESIAN_POINT('',(-0.0254215394968777,-0.03832867060247,0.0127));
#2312=CARTESIAN_POINT('',(-0.0254215394968777,-0.03832867060247,8.67361737988404E-18));
#2313=CARTESIAN_POINT('',(-0.0258869461396344,-0.0380936470539852,0.0127));
#2314=CARTESIAN_POINT('',(-0.0258869461396344,-0.0380936470539852,6.93889390390723E-18));
#2315=CARTESIAN_POINT('',(-0.0262741483354702,-0.0378588504545072,0.0127));
#2316=CARTESIAN_POINT('',(-0.0262741483354702,-0.0378588504545072,3.46944695195361E-18));
#2317=CARTESIAN_POINT('',(-0.0266305509099278,-0.0375714053795667,0.0127));
#2318=CARTESIAN_POINT('',(-0.0266305509099278,-0.0375714053795667,3.46944695195361E-18));
#2319=CARTESIAN_POINT('',(-0.0269371395366365,-0.0372464064897759,0.0127));
#2320=CARTESIAN_POINT('',(-0.0269371395366365,-0.0372464064897759,3.46944695195361E-18));
#2321=CARTESIAN_POINT('',(-0.0272788740144445,-0.0366993489476194,0.0127));
#2322=CARTESIAN_POINT('',(-0.0272788740144445,-0.0366993489476194,5.20417042793042E-18));
#2323=CARTESIAN_POINT('',(-0.0274619366669797,-0.0357568303419135,0.0127));
#2324=CARTESIAN_POINT('',(-0.0274619366669797,-0.0357568303419135,1.73472347597681E-18));
#2325=CARTESIAN_POINT('',(-0.0271393770988876,-0.0347706197630678,0.0127));
#2326=CARTESIAN_POINT('',(-0.0271393770988876,-0.0347706197630678,5.20417042793042E-18));
#2327=CARTESIAN_POINT('',(-0.0266244273399055,-0.0342186956445295,0.0127));
#2328=CARTESIAN_POINT('',(-0.0266244273399055,-0.0342186956445295,5.20417042793042E-18));
#2329=CARTESIAN_POINT('',(-0.0262110933944465,-0.0339474884541844,0.0127));
#2330=CARTESIAN_POINT('',(-0.0262110933944465,-0.0339474884541844,1.73472347597681E-18));
#2331=CARTESIAN_POINT('',(-0.0257718925200344,-0.0337417475749885,0.0127));
#2332=CARTESIAN_POINT('',(-0.0257718925200344,-0.0337417475749885,6.93889390390723E-18));
#2333=CARTESIAN_POINT('',(-0.0253140229191781,-0.0336016490234163,0.0127));
#2334=CARTESIAN_POINT('',(-0.0253140229191781,-0.0336016490234163,3.46944695195361E-18));
#2335=CARTESIAN_POINT('',(-0.0247652218220022,-0.0334817736872435,0.0127));
#2336=CARTESIAN_POINT('',(-0.0247652218220022,-0.0334817736872435,3.46944695195361E-18));
#2337=CARTESIAN_POINT('',(-0.0241822929451905,-0.0333885817278339,0.0127));
#2338=CARTESIAN_POINT('',(-0.0241822929451905,-0.0333885817278339,6.93889390390723E-18));
#2339=CARTESIAN_POINT('',(-0.0235582569202954,-0.0333117915972093,0.0127));
#2340=CARTESIAN_POINT('',(-0.0235582569202954,-0.0333117915972093,3.46944695195361E-18));
#2341=CARTESIAN_POINT('',(-0.0226788337806671,-0.0332271868920621,0.0127));
#2342=CARTESIAN_POINT('',(-0.0226788337806671,-0.0332271868920621,8.67361737988404E-18));
#2343=CARTESIAN_POINT('',(-0.0215155321168535,-0.033150012317794,0.0127));
#2344=CARTESIAN_POINT('',(-0.0215155321168535,-0.033150012317794,-1.73472347597681E-18));
#2345=CARTESIAN_POINT('',(-0.0201221482987338,-0.0330964797778415,0.0127));
#2346=CARTESIAN_POINT('',(-0.0201221482987338,-0.0330964797778415,6.93889390390723E-18));
#2347=CARTESIAN_POINT('',(-0.0190601644720303,-0.0330813464657259,0.0127));
#2348=CARTESIAN_POINT('',(-0.0190601644720303,-0.0330813464657259,3.46944695195361E-18));
#2349=CARTESIAN_POINT('',(-0.0183236455045889,-0.0330858056058885,0.0127));
#2350=CARTESIAN_POINT('',(-0.0183236455045889,-0.0330858056058885,5.20417042793042E-18));
#2351=CARTESIAN_POINT('',(-0.0178396701898858,-0.0330973309923402,0.0127));
#2352=CARTESIAN_POINT('',(-0.0178396701898858,-0.0330973309923402,6.93889390390723E-18));
#2353=CARTESIAN_POINT('',(-0.0174194112185733,-0.0331186340073078,0.0127));
#2354=CARTESIAN_POINT('',(-0.0174194112185733,-0.0331186340073078,6.93889390390723E-18));
#2355=CARTESIAN_POINT('',(-0.0170635911221335,-0.0331530159632514,0.0127));
#2356=CARTESIAN_POINT('',(-0.0170635911221335,-0.0331530159632514,5.20417042793042E-18));
#2357=CARTESIAN_POINT('',(-0.0164756676105905,-0.0332581243816284,0.0127));
#2358=CARTESIAN_POINT('',(-0.0164756676105905,-0.0332581243816284,6.93889390390723E-18));
#2359=CARTESIAN_POINT('',(-0.0159679057916715,-0.033585552226202,0.0127));
#2360=CARTESIAN_POINT('',(-0.0159679057916715,-0.033585552226202,5.20417042793042E-18));
#2361=CARTESIAN_POINT('',(-0.0158651365260204,-0.0336694129065231,0.0127));
#2362=CARTESIAN_POINT('',(-0.0158651365260204,-0.0336694129065231,5.20417042793042E-18));
#2363=CARTESIAN_POINT('',(-0.0172822216398564,-0.0552035391982322,0.0127));
#2364=CARTESIAN_POINT('',(-0.0168684577791137,-0.0546417629947825,0.0127));
#2365=CARTESIAN_POINT('',(-0.0161975360955557,-0.053638310884907,0.0127));
#2366=CARTESIAN_POINT('',(-0.0153957703053916,-0.0521602891814779,0.0127));
#2367=CARTESIAN_POINT('',(-0.0149705100169851,-0.0512184553935562,0.0127));
#2368=CARTESIAN_POINT('',(-0.0146961858129617,-0.0504799233151202,0.0127));
#2369=CARTESIAN_POINT('',(-0.0144730399922165,-0.0497653101502111,0.0127));
#2370=CARTESIAN_POINT('',(-0.0142113002302751,-0.0485511495475993,0.0127));
#2371=CARTESIAN_POINT('',(-0.0141842778372263,-0.0469270953100075,0.0127));
#2372=CARTESIAN_POINT('',(-0.0145838464998274,-0.0454497852049965,0.0127));
#2373=CARTESIAN_POINT('',(-0.0151712277534964,-0.0443325140973521,0.0127));
#2374=CARTESIAN_POINT('',(-0.0157572988156925,-0.0435244330439608,0.0127));
#2375=CARTESIAN_POINT('',(-0.0165013214840106,-0.0427483414499788,0.0127));
#2376=CARTESIAN_POINT('',(-0.0172631577676348,-0.0421339947560668,0.0127));
#2377=CARTESIAN_POINT('',(-0.0179632805944826,-0.0416677226291194,0.0127));
#2378=CARTESIAN_POINT('',(-0.0187397653754785,-0.0412069972852648,0.0127));
#2379=CARTESIAN_POINT('',(-0.0198151988369735,-0.0406557095917091,0.0127));
#2380=CARTESIAN_POINT('',(-0.0211840935876133,-0.0400472452184318,0.0127));
#2381=CARTESIAN_POINT('',(-0.0223182161127702,-0.0395879856106736,0.0127));
#2382=CARTESIAN_POINT('',(-0.0231829439427555,-0.0392479355342964,0.0127));
#2383=CARTESIAN_POINT('',(-0.0238017786321282,-0.0390055222457742,0.0127));
#2384=CARTESIAN_POINT('',(-0.0243836371720811,-0.0387740611546631,0.0127));
#2385=CARTESIAN_POINT('',(-0.0249237178355326,-0.0385503864565823,0.0127));
#2386=CARTESIAN_POINT('',(-0.0253385075011804,-0.0383655811205724,0.0127));
#2387=CARTESIAN_POINT('',(-0.0256543459912473,-0.0382112269574676,0.0127));
#2388=CARTESIAN_POINT('',(-0.0258866737755369,-0.0380881869470272,0.0127));
#2389=CARTESIAN_POINT('',(-0.0261198717366575,-0.0379511752074464,0.0127));
#2390=CARTESIAN_POINT('',(-0.0263632066887493,-0.0377874581772964,0.0127));
#2391=CARTESIAN_POINT('',(-0.026630115791747,-0.0375711233003216,0.0127));
#2392=CARTESIAN_POINT('',(-0.0268874545483705,-0.0373010753960803,0.0127));
#2393=CARTESIAN_POINT('',(-0.0271055501900429,-0.036972029770136,0.0127));
#2394=CARTESIAN_POINT('',(-0.0272592898822578,-0.0366482491076493,0.0127));
#2395=CARTESIAN_POINT('',(-0.0273718625423201,-0.0362356064214344,0.0127));
#2396=CARTESIAN_POINT('',(-0.0273972475810121,-0.0357512030205022,0.0127));
#2397=CARTESIAN_POINT('',(-0.0273051449148826,-0.0352568715748997,0.0127));
#2398=CARTESIAN_POINT('',(-0.0271149478403323,-0.0348265305072831,0.0127));
#2399=CARTESIAN_POINT('',(-0.0268789361262239,-0.034495011434682,0.0127));
#2400=CARTESIAN_POINT('',(-0.0266381338772936,-0.0342536468046808,0.0127));
#2401=CARTESIAN_POINT('',(-0.0264167082175582,-0.0340832921419652,0.0127));
#2402=CARTESIAN_POINT('',(-0.0261568359596269,-0.0339217060735233,0.0127));
#2403=CARTESIAN_POINT('',(-0.0258811694163891,-0.0337927652686013,0.0127));
#2404=CARTESIAN_POINT('',(-0.0255899620948571,-0.033687372478781,0.0127));
#2405=CARTESIAN_POINT('',(-0.0253137768787184,-0.0336073013653359,0.0127));
#2406=CARTESIAN_POINT('',(-0.0250397103291897,-0.0335415591260873,0.0127));
#2407=CARTESIAN_POINT('',(-0.0246680165106197,-0.0334663296586645,0.0127));
#2408=CARTESIAN_POINT('',(-0.0241823076394194,-0.0333885511921433,0.0127));
#2409=CARTESIAN_POINT('',(-0.0235582616805225,-0.0333118020752463,0.0127));
#2410=CARTESIAN_POINT('',(-0.0228986558304371,-0.0332483266918916,0.0127));
#2411=CARTESIAN_POINT('',(-0.0222136432954626,-0.0331963520901471,0.0127));
#2412=CARTESIAN_POINT('',(-0.0212832089533997,-0.0331410713950634,0.0127));
#2413=CARTESIAN_POINT('',(-0.0203545059035074,-0.0331053935858343,0.0127));
#2414=CARTESIAN_POINT('',(-0.0194847589397516,-0.0330874189922555,0.0127));
#2415=CARTESIAN_POINT('',(-0.0188760322093489,-0.0330824603216282,0.0127));
#2416=CARTESIAN_POINT('',(-0.0183238546508335,-0.0330857901207582,0.0127));
#2417=CARTESIAN_POINT('',(-0.0179196725465797,-0.0330954599051258,0.0127));
#2418=CARTESIAN_POINT('',(-0.0176306872273424,-0.0331078959379004,0.0127));
#2419=CARTESIAN_POINT('',(-0.0174285903250609,-0.0331201276219322,0.0127));
#2420=CARTESIAN_POINT('',(-0.0172358576587267,-0.0331364765591936,0.0127));
#2421=CARTESIAN_POINT('',(-0.0170324979523406,-0.0331611889086154,0.0127));
#2422=CARTESIAN_POINT('',(-0.016783593849609,-0.0332075900482868,0.0127));
#2423=CARTESIAN_POINT('',(-0.0164535974035595,-0.0333072106510489,0.0127));
#2424=CARTESIAN_POINT('',(-0.016082302982861,-0.033498346985771,0.0127));
#2425=CARTESIAN_POINT('',(-0.0159165211588459,-0.0336274825663625,0.0127));
#2426=CARTESIAN_POINT('',(-0.0158651365260204,-0.0336694129065231,0.0127));
#2427=CARTESIAN_POINT('',(-0.0158651365260201,-0.0336694129065234,0.0127));
#2428=CARTESIAN_POINT('',(-0.0158651365260201,-0.0336694129065234,0.0127));
#2429=CARTESIAN_POINT('',(-0.0158651365260203,-0.0336694129065237,0.0127));
#2430=CARTESIAN_POINT('',(-0.0158651365260203,-0.0336694129065237,3.46944695195361E-18));
#2431=CARTESIAN_POINT('',(-0.0157557172293231,-0.0337284588866118,0.0127));
#2432=CARTESIAN_POINT('',(-0.0157557172293231,-0.0337284588866118,1.73472347597681E-18));
#2433=CARTESIAN_POINT('',(-0.0152501551464269,-0.0339751801201817,0.0127));
#2434=CARTESIAN_POINT('',(-0.0152501551464269,-0.0339751801201817,-1.73472347597681E-18));
#2435=CARTESIAN_POINT('',(-0.0141237650833421,-0.0345079059902818,0.0127));
#2436=CARTESIAN_POINT('',(-0.0141237650833421,-0.0345079059902818,6.93889390390723E-18));
#2437=CARTESIAN_POINT('',(-0.012798917178887,-0.0351891643372091,0.0127));
#2438=CARTESIAN_POINT('',(-0.012798917178887,-0.0351891643372091,1.04083408558608E-17));
#2439=CARTESIAN_POINT('',(-0.0114498298082612,-0.0359923170122798,0.0127));
#2440=CARTESIAN_POINT('',(-0.0114498298082612,-0.0359923170122798,-3.46944695195361E-18));
#2441=CARTESIAN_POINT('',(-0.0101585788877626,-0.0369986387246463,0.0127));
#2442=CARTESIAN_POINT('',(-0.0101585788877626,-0.0369986387246463,5.20417042793042E-18));
#2443=CARTESIAN_POINT('',(-0.00919737126998235,-0.0381712566810682,0.0127));
#2444=CARTESIAN_POINT('',(-0.00919737126998235,-0.0381712566810682,5.20417042793042E-18));
#2445=CARTESIAN_POINT('',(-0.00856638855468976,-0.0393458722024403,0.0127));
#2446=CARTESIAN_POINT('',(-0.00856638855468976,-0.0393458722024403,0.));
#2447=CARTESIAN_POINT('',(-0.008135422727556,-0.040426894781024,0.0127));
#2448=CARTESIAN_POINT('',(-0.008135422727556,-0.040426894781024,6.93889390390723E-18));
#2449=CARTESIAN_POINT('',(-0.00776454181289705,-0.0414184040086955,0.0127));
#2450=CARTESIAN_POINT('',(-0.00776454181289705,-0.0414184040086955,6.93889390390723E-18));
#2451=CARTESIAN_POINT('',(-0.0072090528500473,-0.0426664818137833,0.0127));
#2452=CARTESIAN_POINT('',(-0.0072090528500473,-0.0426664818137833,0.));
#2453=CARTESIAN_POINT('',(-0.00603532481540394,-0.0447285148554482,0.0127));
#2454=CARTESIAN_POINT('',(-0.00603532481540394,-0.0447285148554482,5.20417042793042E-18));
#2455=CARTESIAN_POINT('',(-0.00477431742664212,-0.0472076005577809,0.0127));
#2456=CARTESIAN_POINT('',(-0.00477431742664212,-0.0472076005577809,3.46944695195361E-18));
#2457=CARTESIAN_POINT('',(-0.0040330153800567,-0.049458466971578,0.0127));
#2458=CARTESIAN_POINT('',(-0.0040330153800567,-0.049458466971578,3.46944695195361E-18));
#2459=CARTESIAN_POINT('',(-0.00370912558886568,-0.0512948030123659,0.0127));
#2460=CARTESIAN_POINT('',(-0.00370912558886568,-0.0512948030123659,1.73472347597681E-18));
#2461=CARTESIAN_POINT('',(-0.00375303831332744,-0.0532344035484797,0.0127));
#2462=CARTESIAN_POINT('',(-0.00375303831332744,-0.0532344035484797,5.20417042793042E-18));
#2463=CARTESIAN_POINT('',(-0.00428063992446221,-0.0557256809510504,0.0127));
#2464=CARTESIAN_POINT('',(-0.00428063992446221,-0.0557256809510504,3.46944695195361E-18));
#2465=CARTESIAN_POINT('',(-0.00566989076106788,-0.0586677766696134,0.0127));
#2466=CARTESIAN_POINT('',(-0.00566989076106788,-0.0586677766696134,6.93889390390723E-18));
#2467=CARTESIAN_POINT('',(-0.00820149320895125,-0.0617839530050905,0.0127));
#2468=CARTESIAN_POINT('',(-0.00820149320895125,-0.0617839530050905,-1.73472347597681E-18));
#2469=CARTESIAN_POINT('',(-0.0109031893451618,-0.0639473919640713,0.0127));
#2470=CARTESIAN_POINT('',(-0.0109031893451618,-0.0639473919640713,3.46944695195361E-18));
#2471=CARTESIAN_POINT('',(-0.0132354503909593,-0.0652975049810482,0.0127));
#2472=CARTESIAN_POINT('',(-0.0132354503909593,-0.0652975049810482,3.46944695195361E-18));
#2473=CARTESIAN_POINT('',(-0.0149637845873597,-0.0661197931797742,0.0127));
#2474=CARTESIAN_POINT('',(-0.0149637845873597,-0.0661197931797742,3.46944695195361E-18));
#2475=CARTESIAN_POINT('',(-0.0166051070822773,-0.0667509562787688,0.0127));
#2476=CARTESIAN_POINT('',(-0.0166051070822773,-0.0667509562787688,0.));
#2477=CARTESIAN_POINT('',(-0.0178444788283106,-0.0671141159189271,0.0127));
#2478=CARTESIAN_POINT('',(-0.0178444788283106,-0.0671141159189271,-1.73472347597681E-18));
#2479=CARTESIAN_POINT('',(-0.0187476880610161,-0.06730260133936,0.0127));
#2480=CARTESIAN_POINT('',(-0.0187476880610161,-0.06730260133936,3.46944695195361E-18));
#2481=CARTESIAN_POINT('',(-0.0193933867300604,-0.0673901054204211,0.0127));
#2482=CARTESIAN_POINT('',(-0.0193933867300604,-0.0673901054204211,1.73472347597681E-18));
#2483=CARTESIAN_POINT('',(-0.0200331450332193,-0.0674105344229174,0.0127));
#2484=CARTESIAN_POINT('',(-0.0200331450332193,-0.0674105344229174,3.46944695195361E-18));
#2485=CARTESIAN_POINT('',(-0.0206669443000651,-0.0673376508174967,0.0127));
#2486=CARTESIAN_POINT('',(-0.0206669443000651,-0.0673376508174967,1.73472347597681E-18));
#2487=CARTESIAN_POINT('',(-0.0213086926855871,-0.0670782169309836,0.0127));
#2488=CARTESIAN_POINT('',(-0.0213086926855871,-0.0670782169309836,1.73472347597681E-18));
#2489=CARTESIAN_POINT('',(-0.0217756790898272,-0.0667480097623845,0.0127));
#2490=CARTESIAN_POINT('',(-0.0217756790898272,-0.0667480097623845,3.46944695195361E-18));
#2491=CARTESIAN_POINT('',(-0.0221310884336147,-0.0663389099663069,0.0127));
#2492=CARTESIAN_POINT('',(-0.0221310884336147,-0.0663389099663069,5.20417042793042E-18));
#2493=CARTESIAN_POINT('',(-0.0224152211426821,-0.0658324645203471,0.0127));
#2494=CARTESIAN_POINT('',(-0.0224152211426821,-0.0658324645203471,0.));
#2495=CARTESIAN_POINT('',(-0.0225413643136818,-0.0654135910796571,0.0127));
#2496=CARTESIAN_POINT('',(-0.0225413643136818,-0.0654135910796571,6.93889390390723E-18));
#2497=CARTESIAN_POINT('',(-0.0225816725007531,-0.0652714203406469,0.0127));
#2498=CARTESIAN_POINT('',(-0.0225816725007531,-0.0652714203406469,3.46944695195361E-18));
#2499=CARTESIAN_POINT('',(-0.0226046315039827,-0.0651957838069897,0.0127));
#2500=CARTESIAN_POINT('',(-0.0226046315039827,-0.0651957838069897,3.46944695195361E-18));
#2501=CARTESIAN_POINT('',(-0.0158651365260203,-0.0336694129065237,0.0127));
#2502=CARTESIAN_POINT('',(-0.0158104268776717,-0.0336989358965677,0.0127));
#2503=CARTESIAN_POINT('',(-0.0156235919771771,-0.0337941606883326,0.0127));
#2504=CARTESIAN_POINT('',(-0.0150657823537468,-0.0340615904378586,0.0127));
#2505=CARTESIAN_POINT('',(-0.0141222087799457,-0.0345091944696985,0.0127));
#2506=CARTESIAN_POINT('',(-0.0130210351886515,-0.0350741331684775,0.0127));
#2507=CARTESIAN_POINT('',(-0.0121223267080139,-0.0355931615784997,0.0127));
#2508=CARTESIAN_POINT('',(-0.0114556792767631,-0.0360192512596625,0.0127));
#2509=CARTESIAN_POINT('',(-0.0108117714846275,-0.036486904493825,0.0127));
#2510=CARTESIAN_POINT('',(-0.0101982891290111,-0.0370212531375771,0.0127));
#2511=CARTESIAN_POINT('',(-0.00967658862862189,-0.0375862115477996,0.0127));
#2512=CARTESIAN_POINT('',(-0.00909300319585283,-0.0383663181561934,0.0127));
#2513=CARTESIAN_POINT('',(-0.00856615940016965,-0.0393459229836593,0.0127));
#2514=CARTESIAN_POINT('',(-0.00820714211721935,-0.0402472797860399,0.0127));
#2515=CARTESIAN_POINT('',(-0.00795022294787662,-0.0409216394560123,0.0127));
#2516=CARTESIAN_POINT('',(-0.00775887848156528,-0.0414106631472785,0.0127));
#2517=CARTESIAN_POINT('',(-0.00758962824339928,-0.0418106781355394,0.0127));
#2518=CARTESIAN_POINT('',(-0.00744198325442723,-0.0421305945196966,0.0127));
#2519=CARTESIAN_POINT('',(-0.00727643516550652,-0.0424710509712707,0.0127));
#2520=CARTESIAN_POINT('',(-0.00704167676862024,-0.0429264398830562,0.0127));
#2521=CARTESIAN_POINT('',(-0.00661787869166185,-0.0437124520932845,0.0127));
#2522=CARTESIAN_POINT('',(-0.00602250446823421,-0.0447897762866173,0.0127));
#2523=CARTESIAN_POINT('',(-0.00528024225819725,-0.0462154599244034,0.0127));
#2524=CARTESIAN_POINT('',(-0.00458876269789617,-0.0477701527130578,0.0127));
#2525=CARTESIAN_POINT('',(-0.00412513575998656,-0.0491780513827696,0.0127));
#2526=CARTESIAN_POINT('',(-0.00387209260448903,-0.0503749709983574,0.0127));
#2527=CARTESIAN_POINT('',(-0.00375534402960274,-0.0513065759766599,0.0127));
#2528=CARTESIAN_POINT('',(-0.00372908732594684,-0.0522708076645248,0.0127));
#2529=CARTESIAN_POINT('',(-0.00379738985925164,-0.0532243231858741,0.0127));
#2530=CARTESIAN_POINT('',(-0.00395137160090065,-0.0541671783986722,0.0127));
#2531=CARTESIAN_POINT('',(-0.00426306249194244,-0.0554034850808765,0.0127));
#2532=CARTESIAN_POINT('',(-0.00483642121587989,-0.0569036652502162,0.0127));
#2533=CARTESIAN_POINT('',(-0.00577729884028525,-0.0586156586220727,0.0127));
#2534=CARTESIAN_POINT('',(-0.00693822943334287,-0.0602260217523749,0.0127));
#2535=CARTESIAN_POINT('',(-0.008291824951827,-0.0617196853865276,0.0127));
#2536=CARTESIAN_POINT('',(-0.00956018993249303,-0.062852368520553,0.0127));
#2537=CARTESIAN_POINT('',(-0.0106483606281959,-0.0636818196970483,0.0127));
#2538=CARTESIAN_POINT('',(-0.0117812642858826,-0.0644546364233849,0.0127));
#2539=CARTESIAN_POINT('',(-0.0132342675562812,-0.0652971792912672,0.0127));
#2540=CARTESIAN_POINT('',(-0.0146758003434474,-0.0659827701380488,0.0127));
#2541=CARTESIAN_POINT('',(-0.015784553781876,-0.0664353948827155,0.0127));
#2542=CARTESIAN_POINT('',(-0.0165857035302999,-0.0667265528191858,0.0127));
#2543=CARTESIAN_POINT('',(-0.0173491981909106,-0.0669687599823493,0.0127));
#2544=CARTESIAN_POINT('',(-0.018070071177045,-0.067161255291089,0.0127));
#2545=CARTESIAN_POINT('',(-0.0187480598377709,-0.0673026213516598,0.0127));
#2546=CARTESIAN_POINT('',(-0.0192847679583644,-0.0673754430204166,0.0127));
#2547=CARTESIAN_POINT('',(-0.0197149957146287,-0.0674004570148991,0.0127));
#2548=CARTESIAN_POINT('',(-0.0200490315081296,-0.0673977111632816,0.0127));
#2549=CARTESIAN_POINT('',(-0.0204085492692257,-0.0673640155404778,0.0127));
#2550=CARTESIAN_POINT('',(-0.0208286911710355,-0.0672735408845732,0.0127));
#2551=CARTESIAN_POINT('',(-0.0213083289113292,-0.0670780114953515,0.0127));
#2552=CARTESIAN_POINT('',(-0.0217758244122697,-0.0667480829662078,0.0127));
#2553=CARTESIAN_POINT('',(-0.0221308709181033,-0.0663388225866455,0.0127));
#2554=CARTESIAN_POINT('',(-0.0223449127050187,-0.0659593521966586,0.0127));
#2555=CARTESIAN_POINT('',(-0.02246299696818,-0.0656638972644454,0.0127));
#2556=CARTESIAN_POINT('',(-0.0225303323228455,-0.0654511678331259,0.0127));
#2557=CARTESIAN_POINT('',(-0.0225729500979363,-0.0653023699013061,0.0127));
#2558=CARTESIAN_POINT('',(-0.0225931520023679,-0.0652336020738183,0.0127));
#2559=CARTESIAN_POINT('',(-0.0226046315039827,-0.0651957838069897,0.0127));
#2560=CARTESIAN_POINT('',(-0.0226046315039827,-0.0651957838069897,0.0127));
#2561=CARTESIAN_POINT('',(-0.0226046315039827,-0.0651957838069897,0.0127));
#2562=CARTESIAN_POINT('',(-0.0226046315039828,-0.0651957838069898,0.0127));
#2563=CARTESIAN_POINT('',(-0.0226046315039828,-0.0651957838069898,0.));
#2564=CARTESIAN_POINT('',(-0.0227776763251033,-0.0654873958544278,0.0127));
#2565=CARTESIAN_POINT('',(-0.0227776763251033,-0.0654873958544278,-1.73472347597681E-18));
#2566=CARTESIAN_POINT('',(-0.0232484953331072,-0.0660493714539334,0.0127));
#2567=CARTESIAN_POINT('',(-0.0232484953331072,-0.0660493714539334,-1.73472347597681E-18));
#2568=CARTESIAN_POINT('',(-0.0240200725258481,-0.0665823518588792,0.0127));
#2569=CARTESIAN_POINT('',(-0.0240200725258481,-0.0665823518588792,3.46944695195361E-18));
#2570=CARTESIAN_POINT('',(-0.0248273194723071,-0.0669720409480967,0.0127));
#2571=CARTESIAN_POINT('',(-0.0248273194723071,-0.0669720409480967,0.));
#2572=CARTESIAN_POINT('',(-0.0259681756455259,-0.0673696625459736,0.0127));
#2573=CARTESIAN_POINT('',(-0.0259681756455259,-0.0673696625459736,3.46944695195361E-18));
#2574=CARTESIAN_POINT('',(-0.0275431571612141,-0.067724635067744,0.0127));
#2575=CARTESIAN_POINT('',(-0.0275431571612141,-0.067724635067744,-6.93889390390723E-18));
#2576=CARTESIAN_POINT('',(-0.0303820907044719,-0.0681144490281516,0.0127));
#2577=CARTESIAN_POINT('',(-0.0303820907044719,-0.0681144490281516,6.93889390390723E-18));
#2578=CARTESIAN_POINT('',(-0.0343888745131466,-0.0683613974477146,0.0127));
#2579=CARTESIAN_POINT('',(-0.0343888745131466,-0.0683613974477146,0.));
#2580=CARTESIAN_POINT('',(-0.0392490997538074,-0.0684709082840735,0.0127));
#2581=CARTESIAN_POINT('',(-0.0392490997538074,-0.0684709082840735,-1.73472347597681E-18));
#2582=CARTESIAN_POINT('',(-0.0434101731726442,-0.0685510432667532,0.0127));
#2583=CARTESIAN_POINT('',(-0.0434101731726442,-0.0685510432667532,-1.73472347597681E-18));
#2584=CARTESIAN_POINT('',(-0.0454915248896414,-0.0687421202968954,0.0127));
#2585=CARTESIAN_POINT('',(-0.0454915248896414,-0.0687421202968954,5.20417042793042E-18));
#2586=CARTESIAN_POINT('',(-0.0468306278080148,-0.0688649890668134,0.0127));
#2587=CARTESIAN_POINT('',(-0.0468306278080148,-0.0688649890668134,-1.73472347597681E-18));
#2588=CARTESIAN_POINT('',(-0.0478289189560496,-0.0688925077240752,0.0127));
#2589=CARTESIAN_POINT('',(-0.0478289189560496,-0.0688925077240752,1.73472347597681E-18));
#2590=CARTESIAN_POINT('',(-0.0489202474741026,-0.0687579326844783,0.0127));
#2591=CARTESIAN_POINT('',(-0.0489202474741026,-0.0687579326844783,3.46944695195361E-18));
#2592=CARTESIAN_POINT('',(-0.0496479565489572,-0.0684873098077653,0.0127));
#2593=CARTESIAN_POINT('',(-0.0496479565489572,-0.0684873098077653,-1.73472347597681E-18));
#2594=CARTESIAN_POINT('',(-0.0499327465399716,-0.0683642281581501,0.0127));
#2595=CARTESIAN_POINT('',(-0.0499327465399716,-0.0683642281581501,0.));
#2596=CARTESIAN_POINT('',(-0.0226046315039828,-0.0651957838069898,0.0127));
#2597=CARTESIAN_POINT('',(-0.0226911539145431,-0.0653415898307088,0.0127));
#2598=CARTESIAN_POINT('',(-0.0228414981437907,-0.0655575035552423,0.0127));
#2599=CARTESIAN_POINT('',(-0.0230767681862436,-0.0658229298676365,0.0127));
#2600=CARTESIAN_POINT('',(-0.0233191263956561,-0.0660597201792146,0.0127));
#2601=CARTESIAN_POINT('',(-0.0236348232063239,-0.0663134833721066,0.0127));
#2602=CARTESIAN_POINT('',(-0.024154307691223,-0.0666486786410788,0.0127));
#2603=CARTESIAN_POINT('',(-0.0248273770193901,-0.0669715249636244,0.0127));
#2604=CARTESIAN_POINT('',(-0.0256831101141476,-0.0672705635667031,0.0127));
#2605=CARTESIAN_POINT('',(-0.0265975166570132,-0.0675109418583593,0.0127));
#2606=CARTESIAN_POINT('',(-0.0278983537827506,-0.0677737568382333,0.0127));
#2607=CARTESIAN_POINT('',(-0.0296726459349338,-0.0680169887907175,0.0127));
#2608=CARTESIAN_POINT('',(-0.0319833115717367,-0.0682127800053132,0.0127));
#2609=CARTESIAN_POINT('',(-0.0343954907527438,-0.0683382088180935,0.0127));
#2610=CARTESIAN_POINT('',(-0.03682005716642,-0.0684159421414836,0.0127));
#2611=CARTESIAN_POINT('',(-0.039162922992311,-0.06846698731649,0.0127));
#2612=CARTESIAN_POINT('',(-0.0413236975653575,-0.0685121824433181,0.0127));
#2613=CARTESIAN_POINT('',(-0.0432034224486498,-0.0685700350297053,0.0127));
#2614=CARTESIAN_POINT('',(-0.0446602003174688,-0.0686630944918711,0.0127));
#2615=CARTESIAN_POINT('',(-0.0458260326410985,-0.0687735352059831,0.0127));
#2616=CARTESIAN_POINT('',(-0.046830483605933,-0.068864793193348,0.0127));
#2617=CARTESIAN_POINT('',(-0.0476632170530827,-0.0688879601166651,0.0127));
#2618=CARTESIAN_POINT('',(-0.0483733881364224,-0.0688251894751294,0.0127));
#2619=CARTESIAN_POINT('',(-0.0488294820564369,-0.0687397582893687,0.0127));
#2620=CARTESIAN_POINT('',(-0.0491931146405511,-0.0686415155998091,0.0127));
#2621=CARTESIAN_POINT('',(-0.0495569963656986,-0.0685217010197532,0.0127));
#2622=CARTESIAN_POINT('',(-0.0497903515444644,-0.0684257689829577,0.0127));
#2623=CARTESIAN_POINT('',(-0.0499327465399716,-0.0683642281581501,0.0127));
#2624=CARTESIAN_POINT('',(-0.0585599754882591,-0.0265887000025056,0.0127));
#2625=CARTESIAN_POINT('',(-0.0585599754882591,-0.0265887000025056,-0.002));
#2626=CARTESIAN_POINT('',(-0.0600787510886377,-0.025923983139515,0.0127));
#2627=CARTESIAN_POINT('',(-0.0600787510886377,-0.025923983139515,-0.002));
#2628=CARTESIAN_POINT('',(-0.06302811197424,-0.0246320520018354,0.0127));
#2629=CARTESIAN_POINT('',(-0.06302811197424,-0.0246320520018354,-0.00199999999999999));
#2630=CARTESIAN_POINT('',(-0.0666237222239622,-0.0227048622243666,0.0127));
#2631=CARTESIAN_POINT('',(-0.0666237222239622,-0.0227048622243666,-0.002));
#2632=CARTESIAN_POINT('',(-0.0684387513541227,-0.0210111108714817,0.0127));
#2633=CARTESIAN_POINT('',(-0.0684387513541227,-0.0210111108714817,-0.002));
#2634=CARTESIAN_POINT('',(-0.0689318040128906,-0.0195704012449414,0.0127));
#2635=CARTESIAN_POINT('',(-0.0689318040128906,-0.0195704012449414,-0.002));
#2636=CARTESIAN_POINT('',(-0.0691122956997138,-0.0186229727749273,0.0127));
#2637=CARTESIAN_POINT('',(-0.0691122956997138,-0.0186229727749273,-0.002));
#2638=CARTESIAN_POINT('',(-0.0694036974872275,-0.0180040212372838,0.0127));
#2639=CARTESIAN_POINT('',(-0.0694036974872275,-0.0180040212372838,-0.002));
#2640=CARTESIAN_POINT('',(-0.0698574727211683,-0.017808115002326,0.0127));
#2641=CARTESIAN_POINT('',(-0.0698574727211683,-0.017808115002326,-0.002));
#2642=CARTESIAN_POINT('',(-0.0700312239552093,-0.0175295957790189,0.0127));
#2643=CARTESIAN_POINT('',(-0.0700312239552093,-0.0175295957790189,-0.002));
#2644=CARTESIAN_POINT('',(-0.0700060681991005,-0.0171018153396422,0.0127));
#2645=CARTESIAN_POINT('',(-0.0700060681991005,-0.0171018153396422,-0.00199999999999999));
#2646=CARTESIAN_POINT('',(-0.0696585493888023,-0.0164384392169104,0.0127));
#2647=CARTESIAN_POINT('',(-0.0696585493888023,-0.0164384392169104,-0.002));
#2648=CARTESIAN_POINT('',(-0.0688985326609405,-0.0159767769879026,0.0127));
#2649=CARTESIAN_POINT('',(-0.0688985326609405,-0.0159767769879026,-0.002));
#2650=CARTESIAN_POINT('',(-0.0679275049651892,-0.0160716362475861,0.0127));
#2651=CARTESIAN_POINT('',(-0.0679275049651892,-0.0160716362475861,-0.002));
#2652=CARTESIAN_POINT('',(-0.0668026419179711,-0.0162610180073155,0.0127));
#2653=CARTESIAN_POINT('',(-0.0668026419179711,-0.0162610180073155,-0.002));
#2654=CARTESIAN_POINT('',(-0.0655962338057695,-0.0161832587452741,0.0127));
#2655=CARTESIAN_POINT('',(-0.0655962338057695,-0.0161832587452741,-0.002));
#2656=CARTESIAN_POINT('',(-0.0643671394332257,-0.0155005348308024,0.0127));
#2657=CARTESIAN_POINT('',(-0.0643671394332257,-0.0155005348308024,-0.002));
#2658=CARTESIAN_POINT('',(-0.0626440910769391,-0.0140718758681025,0.0127));
#2659=CARTESIAN_POINT('',(-0.0626440910769391,-0.0140718758681025,-0.002));
#2660=CARTESIAN_POINT('',(-0.0607248846613376,-0.0122224481068517,0.0127));
#2661=CARTESIAN_POINT('',(-0.0607248846613376,-0.0122224481068517,-0.00199999999999999));
#2662=CARTESIAN_POINT('',(-0.0584728823201563,-0.0106836438393309,0.0127));
#2663=CARTESIAN_POINT('',(-0.0584728823201563,-0.0106836438393309,-0.002));
#2664=CARTESIAN_POINT('',(-0.0559354415025614,-0.00962968933352564,0.0127));
#2665=CARTESIAN_POINT('',(-0.0559354415025614,-0.00962968933352564,-0.002));
#2666=CARTESIAN_POINT('',(-0.0523506014477829,-0.00926797798175023,0.0127));
#2667=CARTESIAN_POINT('',(-0.0523506014477829,-0.00926797798175023,-0.002));
#2668=CARTESIAN_POINT('',(-0.0480443713005027,-0.00993551228425434,0.0127));
#2669=CARTESIAN_POINT('',(-0.0480443713005027,-0.00993551228425434,-0.002));
#2670=CARTESIAN_POINT('',(-0.0444329394320701,-0.0113139370174932,0.0127));
#2671=CARTESIAN_POINT('',(-0.0444329394320701,-0.0113139370174932,-0.002));
#2672=CARTESIAN_POINT('',(-0.041943266066572,-0.0130797906809561,0.0127));
#2673=CARTESIAN_POINT('',(-0.041943266066572,-0.0130797906809561,-0.00199999999999999));
#2674=CARTESIAN_POINT('',(-0.0407438109595706,-0.0144712536067574,0.0127));
#2675=CARTESIAN_POINT('',(-0.0407438109595706,-0.0144712536067574,-0.002));
#2676=CARTESIAN_POINT('',(-0.0402094254852425,-0.0152028101159381,0.0127));
#2677=CARTESIAN_POINT('',(-0.0402094254852425,-0.0152028101159381,-0.002));
#2678=CARTESIAN_POINT('',(-0.0585599754882591,-0.0265887000025056,-0.002));
#2679=CARTESIAN_POINT('',(-0.0630451099025717,-0.0246257079204431,-0.002));
#2680=CARTESIAN_POINT('',(-0.0691585731753388,-0.0219474982031782,-0.002));
#2681=CARTESIAN_POINT('',(-0.068962805809666,-0.0180140313133527,-0.002));
#2682=CARTESIAN_POINT('',(-0.0703905223663526,-0.0177234530188806,-0.002));
#2683=CARTESIAN_POINT('',(-0.0691626267845165,-0.0153084121925823,-0.002));
#2684=CARTESIAN_POINT('',(-0.0648893447630367,-0.017628947681362,-0.002));
#2685=CARTESIAN_POINT('',(-0.0585880744223849,-0.00797982484294917,-0.002));
#2686=CARTESIAN_POINT('',(-0.0450335700924926,-0.0100862397327176,-0.002));
#2687=CARTESIAN_POINT('',(-0.0414185777493061,-0.013547519596527,-0.002));
#2688=CARTESIAN_POINT('',(-0.0402094254852425,-0.0152028101159381,-0.002));
#2689=CARTESIAN_POINT('',(-0.0585599754882591,-0.0265887000025056,0.0127));
#2690=CARTESIAN_POINT('',(-0.0630451099025717,-0.0246257079204431,0.0127));
#2691=CARTESIAN_POINT('',(-0.0691585731753388,-0.0219474982031782,0.0127));
#2692=CARTESIAN_POINT('',(-0.068962805809666,-0.0180140313133527,0.0127));
#2693=CARTESIAN_POINT('',(-0.0703905223663526,-0.0177234530188806,0.0127));
#2694=CARTESIAN_POINT('',(-0.0691626267845165,-0.0153084121925823,0.0127));
#2695=CARTESIAN_POINT('',(-0.0648893447630367,-0.017628947681362,0.0127));
#2696=CARTESIAN_POINT('',(-0.0585880744223849,-0.00797982484294917,0.0127));
#2697=CARTESIAN_POINT('',(-0.0450335700924926,-0.0100862397327176,0.0127));
#2698=CARTESIAN_POINT('',(-0.0414185777493061,-0.013547519596527,0.0127));
#2699=CARTESIAN_POINT('',(-0.0402094254852425,-0.0152028101159381,0.0127));
#2700=CARTESIAN_POINT('',(-0.0613275623378206,-0.0645216217945754,0.0127));
#2701=CARTESIAN_POINT('',(-0.0499817368700435,-0.0681242118909939,-0.002));
#2702=CARTESIAN_POINT('',(-0.0499817368700435,-0.0681242118909939,4.33680868994202E-19));
#2703=CARTESIAN_POINT('',(-0.0501602349613477,-0.0683217120499439,-0.002));
#2704=CARTESIAN_POINT('',(-0.0501602349613477,-0.0683217120499439,4.33680868994202E-19));
#2705=CARTESIAN_POINT('',(-0.0506111843565246,-0.0687307045756051,-0.002));
#2706=CARTESIAN_POINT('',(-0.0506111843565246,-0.0687307045756051,0.));
#2707=CARTESIAN_POINT('',(-0.051508918237831,-0.0691761623498926,-0.002));
#2708=CARTESIAN_POINT('',(-0.051508918237831,-0.0691761623498926,0.));
#2709=CARTESIAN_POINT('',(-0.0523885360615725,-0.0694300426980926,-0.002));
#2710=CARTESIAN_POINT('',(-0.0523885360615725,-0.0694300426980926,4.33680868994202E-19));
#2711=CARTESIAN_POINT('',(-0.0536481364795971,-0.069662926162702,-0.002));
#2712=CARTESIAN_POINT('',(-0.0536481364795971,-0.069662926162702,0.));
#2713=CARTESIAN_POINT('',(-0.0553482645411423,-0.0697832237236449,-0.002));
#2714=CARTESIAN_POINT('',(-0.0553482645411423,-0.0697832237236449,4.33680868994202E-19));
#2715=CARTESIAN_POINT('',(-0.0570804818653369,-0.0697246823229432,-0.002));
#2716=CARTESIAN_POINT('',(-0.0570804818653369,-0.0697246823229432,1.73472347597681E-18));
#2717=CARTESIAN_POINT('',(-0.0583797171091314,-0.0695679400212004,-0.002));
#2718=CARTESIAN_POINT('',(-0.0583797171091314,-0.0695679400212004,0.));
#2719=CARTESIAN_POINT('',(-0.0592942076344176,-0.0693889935604598,-0.002));
#2720=CARTESIAN_POINT('',(-0.0592942076344176,-0.0693889935604598,1.73472347597681E-18));
#2721=CARTESIAN_POINT('',(-0.060004242595223,-0.069174551943025,-0.002));
#2722=CARTESIAN_POINT('',(-0.060004242595223,-0.069174551943025,-8.67361737988404E-19));
#2723=CARTESIAN_POINT('',(-0.0605619359527772,-0.0689270075525884,-0.002));
#2724=CARTESIAN_POINT('',(-0.0605619359527772,-0.0689270075525884,8.67361737988404E-19));
#2725=CARTESIAN_POINT('',(-0.0609868325824152,-0.0686754226355235,-0.002));
#2726=CARTESIAN_POINT('',(-0.0609868325824152,-0.0686754226355235,0.));
#2727=CARTESIAN_POINT('',(-0.0614279193461229,-0.0683107609015968,-0.002));
#2728=CARTESIAN_POINT('',(-0.0614279193461229,-0.0683107609015968,0.));
#2729=CARTESIAN_POINT('',(-0.0618556352099197,-0.0677207219906792,-0.002));
#2730=CARTESIAN_POINT('',(-0.0618556352099197,-0.0677207219906792,8.67361737988404E-19));
#2731=CARTESIAN_POINT('',(-0.0620755582245302,-0.0669745253136222,-0.002));
#2732=CARTESIAN_POINT('',(-0.0620755582245302,-0.0669745253136222,0.));
#2733=CARTESIAN_POINT('',(-0.0620449898812644,-0.0662719318551575,-0.002));
#2734=CARTESIAN_POINT('',(-0.0620449898812644,-0.0662719318551575,4.33680868994202E-19));
#2735=CARTESIAN_POINT('',(-0.0618751049788985,-0.0657201425065631,-0.002));
#2736=CARTESIAN_POINT('',(-0.0618751049788985,-0.0657201425065631,4.33680868994202E-19));
#2737=CARTESIAN_POINT('',(-0.0615806778932806,-0.0651495513373893,-0.002));
#2738=CARTESIAN_POINT('',(-0.0615806778932806,-0.0651495513373893,0.));
#2739=CARTESIAN_POINT('',(-0.0611689000232165,-0.0646225230082355,-0.002));
#2740=CARTESIAN_POINT('',(-0.0611689000232165,-0.0646225230082355,0.));
#2741=CARTESIAN_POINT('',(-0.0606408974478659,-0.0640789607135974,-0.002));
#2742=CARTESIAN_POINT('',(-0.0606408974478659,-0.0640789607135974,4.33680868994202E-19));
#2743=CARTESIAN_POINT('',(-0.0598922394837505,-0.0633901972567838,-0.002));
#2744=CARTESIAN_POINT('',(-0.0598922394837505,-0.0633901972567838,0.));
#2745=CARTESIAN_POINT('',(-0.0589058371149835,-0.0625266990761363,-0.002));
#2746=CARTESIAN_POINT('',(-0.0589058371149835,-0.0625266990761363,8.67361737988404E-19));
#2747=CARTESIAN_POINT('',(-0.057890917708193,-0.0615051348421983,-0.002));
#2748=CARTESIAN_POINT('',(-0.057890917708193,-0.0615051348421983,0.));
#2749=CARTESIAN_POINT('',(-0.0572002928604963,-0.060500082987756,-0.002));
#2750=CARTESIAN_POINT('',(-0.0572002928604963,-0.060500082987756,0.));
#2751=CARTESIAN_POINT('',(-0.056659450172196,-0.0593597540360744,-0.002));
#2752=CARTESIAN_POINT('',(-0.056659450172196,-0.0593597540360744,8.67361737988404E-19));
#2753=CARTESIAN_POINT('',(-0.0561311839604243,-0.0576870772663394,-0.002));
#2754=CARTESIAN_POINT('',(-0.0561311839604243,-0.0576870772663394,4.33680868994202E-19));
#2755=CARTESIAN_POINT('',(-0.0558992152348856,-0.0562575816007932,-0.002));
#2756=CARTESIAN_POINT('',(-0.0558992152348856,-0.0562575816007932,4.33680868994202E-19));
#2757=CARTESIAN_POINT('',(-0.055770238191259,-0.0552539105248062,-0.002));
#2758=CARTESIAN_POINT('',(-0.055770238191259,-0.0552539105248062,4.33680868994202E-19));
#2759=CARTESIAN_POINT('',(-0.055770238191259,-0.0552539105248062,-0.002));
#2760=CARTESIAN_POINT('',(-0.055770238191259,-0.0552539105248062,-0.002));
#2761=CARTESIAN_POINT('',(-0.0499817368700435,-0.0681242118909939,-0.002));
#2762=CARTESIAN_POINT('',(-0.0500709859156956,-0.0682229619704689,-0.002));
#2763=CARTESIAN_POINT('',(-0.0502717358821019,-0.0684234031196304,-0.002));
#2764=CARTESIAN_POINT('',(-0.0505774092262089,-0.0686609752063143,-0.002));
#2765=CARTESIAN_POINT('',(-0.0508505241802477,-0.068833662224421,-0.002));
#2766=CARTESIAN_POINT('',(-0.0511426593742478,-0.0689929877094814,-0.002));
#2767=CARTESIAN_POINT('',(-0.0515048279007099,-0.0691508739425554,-0.002));
#2768=CARTESIAN_POINT('',(-0.0519458560976265,-0.0693004904401798,-0.002));
#2769=CARTESIAN_POINT('',(-0.0525475975524427,-0.0694606274002399,-0.002));
#2770=CARTESIAN_POINT('',(-0.053333088687912,-0.0696044972939727,-0.002));
#2771=CARTESIAN_POINT('',(-0.0543268151891541,-0.069710066473986,-0.002));
#2772=CARTESIAN_POINT('',(-0.0553532843507632,-0.0697566524433095,-0.002));
#2773=CARTESIAN_POINT('',(-0.0563881417698264,-0.0697480593406718,-0.002));
#2774=CARTESIAN_POINT('',(-0.0574051235979871,-0.0696855408269722,-0.002));
#2775=CARTESIAN_POINT('',(-0.0583798385881572,-0.0695678032458937,-0.002));
#2776=CARTESIAN_POINT('',(-0.0591415470952025,-0.0694192143595005,-0.002));
#2777=CARTESIAN_POINT('',(-0.0597206461280967,-0.0692596424450092,-0.002));
#2778=CARTESIAN_POINT('',(-0.0601435577048405,-0.0691128708515775,-0.002));
#2779=CARTESIAN_POINT('',(-0.0605619513546641,-0.0689268736729319,-0.002));
#2780=CARTESIAN_POINT('',(-0.0609868792046374,-0.0686757531479882,-0.002));
#2781=CARTESIAN_POINT('',(-0.0613542444135618,-0.0683706028008271,-0.002));
#2782=CARTESIAN_POINT('',(-0.061642056803074,-0.0680173584452092,-0.002));
#2783=CARTESIAN_POINT('',(-0.0618921282109983,-0.0675954214159722,-0.002));
#2784=CARTESIAN_POINT('',(-0.0620756081114726,-0.0669748504750486,-0.002));
#2785=CARTESIAN_POINT('',(-0.0620449933125108,-0.0662718175959759,-0.002));
#2786=CARTESIAN_POINT('',(-0.0618750413669707,-0.065720274381864,-0.002));
#2787=CARTESIAN_POINT('',(-0.0616545356811501,-0.0652917858876618,-0.002));
#2788=CARTESIAN_POINT('',(-0.061415026291323,-0.0649402610985115,-0.002));
#2789=CARTESIAN_POINT('',(-0.0610814265463728,-0.0645310329766727,-0.002));
#2790=CARTESIAN_POINT('',(-0.0606408571460937,-0.0640794220917873,-0.002));
#2791=CARTESIAN_POINT('',(-0.0600789247786566,-0.0635617104628138,-0.002));
#2792=CARTESIAN_POINT('',(-0.0594996356225071,-0.0630470472390287,-0.002));
#2793=CARTESIAN_POINT('',(-0.0589277212448722,-0.0625291312974811,-0.002));
#2794=CARTESIAN_POINT('',(-0.0584823414771746,-0.0620975682251665,-0.002));
#2795=CARTESIAN_POINT('',(-0.0581603954635179,-0.0617569302448519,-0.002));
#2796=CARTESIAN_POINT('',(-0.0579414692692176,-0.0615075082088168,-0.002));
#2797=CARTESIAN_POINT('',(-0.0577435282678637,-0.0612603583525665,-0.002));
#2798=CARTESIAN_POINT('',(-0.0574956097685671,-0.0609207391930991,-0.002));
#2799=CARTESIAN_POINT('',(-0.0572179958391788,-0.0604820917796605,-0.002));
#2800=CARTESIAN_POINT('',(-0.0569284234112145,-0.0599283850348679,-0.002));
#2801=CARTESIAN_POINT('',(-0.0565942231532641,-0.0591515541834548,-0.002));
#2802=CARTESIAN_POINT('',(-0.0562632347211694,-0.0581049511516339,-0.002));
#2803=CARTESIAN_POINT('',(-0.0559756306447028,-0.0567341406307875,-0.002));
#2804=CARTESIAN_POINT('',(-0.0558347267130723,-0.0557557460627997,-0.002));
#2805=CARTESIAN_POINT('',(-0.055770238191259,-0.0552539105248062,-0.002));
#2806=CARTESIAN_POINT('',(-0.0499817368700435,-0.0681242118909939,-0.002));
#2807=CARTESIAN_POINT('',(-0.0499817368700435,-0.0681242118909939,-0.002));
#2808=CARTESIAN_POINT('',(-0.055770238191259,-0.0552539105248062,-0.002));
#2809=CARTESIAN_POINT('',(-0.055770238191259,-0.0552539105248062,0.));
#2810=CARTESIAN_POINT('',(-0.0560287742117393,-0.0551804620714068,-0.002));
#2811=CARTESIAN_POINT('',(-0.0560287742117393,-0.0551804620714068,0.));
#2812=CARTESIAN_POINT('',(-0.0563808011433865,-0.0549726067324842,-0.002));
#2813=CARTESIAN_POINT('',(-0.0563808011433865,-0.0549726067324842,4.33680868994202E-19));
#2814=CARTESIAN_POINT('',(-0.056722519901994,-0.0546517507649927,-0.002));
#2815=CARTESIAN_POINT('',(-0.056722519901994,-0.0546517507649927,-4.33680868994202E-19));
#2816=CARTESIAN_POINT('',(-0.0569062298728806,-0.0543881301879803,-0.002));
#2817=CARTESIAN_POINT('',(-0.0569062298728806,-0.0543881301879803,4.33680868994202E-19));
#2818=CARTESIAN_POINT('',(-0.0570521105678559,-0.0541402188742501,-0.002));
#2819=CARTESIAN_POINT('',(-0.0570521105678559,-0.0541402188742501,0.));
#2820=CARTESIAN_POINT('',(-0.0572096019228711,-0.0538260782679839,-0.002));
#2821=CARTESIAN_POINT('',(-0.0572096019228711,-0.0538260782679839,4.33680868994202E-19));
#2822=CARTESIAN_POINT('',(-0.057391757945085,-0.0534108500481235,-0.002));
#2823=CARTESIAN_POINT('',(-0.057391757945085,-0.0534108500481235,-4.33680868994202E-19));
#2824=CARTESIAN_POINT('',(-0.0576205011457012,-0.0528375030838749,-0.002));
#2825=CARTESIAN_POINT('',(-0.0576205011457012,-0.0528375030838749,-4.33680868994202E-19));
#2826=CARTESIAN_POINT('',(-0.0578621154323601,-0.0521993579246102,-0.002));
#2827=CARTESIAN_POINT('',(-0.0578621154323601,-0.0521993579246102,4.33680868994202E-19));
#2828=CARTESIAN_POINT('',(-0.0581985647273517,-0.0512874167730336,-0.002));
#2829=CARTESIAN_POINT('',(-0.0581985647273517,-0.0512874167730336,-4.33680868994202E-19));
#2830=CARTESIAN_POINT('',(-0.0584603863770124,-0.0505700635335762,-0.002));
#2831=CARTESIAN_POINT('',(-0.0584603863770124,-0.0505700635335762,0.));
#2832=CARTESIAN_POINT('',(-0.0586313749376062,-0.0501126329128918,-0.002));
#2833=CARTESIAN_POINT('',(-0.0586313749376062,-0.0501126329128918,0.));
#2834=CARTESIAN_POINT('',(-0.0586313749376062,-0.0501126329128918,-0.002));
#2835=CARTESIAN_POINT('',(-0.0586313749376062,-0.0501126329128918,-0.002));
#2836=CARTESIAN_POINT('',(-0.055770238191259,-0.0552539105248062,-0.002));
#2837=CARTESIAN_POINT('',(-0.0558995062014992,-0.0552171862981065,-0.002));
#2838=CARTESIAN_POINT('',(-0.056118877788039,-0.0551250332907521,-0.002));
#2839=CARTESIAN_POINT('',(-0.0563465884221682,-0.0549823142291524,-0.002));
#2840=CARTESIAN_POINT('',(-0.0565078240550924,-0.0548524912203087,-0.002));
#2841=CARTESIAN_POINT('',(-0.0566646240323486,-0.0547008442955927,-0.002));
#2842=CARTESIAN_POINT('',(-0.0567921781411604,-0.0545468659734573,-0.002));
#2843=CARTESIAN_POINT('',(-0.0568977939700737,-0.0543964656410331,-0.002));
#2844=CARTESIAN_POINT('',(-0.0569794539457398,-0.0542644859689767,-0.002));
#2845=CARTESIAN_POINT('',(-0.0570716226048271,-0.0541007916682684,-0.002));
#2846=CARTESIAN_POINT('',(-0.0571703798989114,-0.0539044929020288,-0.002));
#2847=CARTESIAN_POINT('',(-0.0572821004944261,-0.0536606365028601,-0.002));
#2848=CARTESIAN_POINT('',(-0.0573931155409308,-0.0534013103248684,-0.002));
#2849=CARTESIAN_POINT('',(-0.0575061409863204,-0.0531241493859912,-0.002));
#2850=CARTESIAN_POINT('',(-0.057660764262139,-0.0527311597740497,-0.002));
#2851=CARTESIAN_POINT('',(-0.0578621116097715,-0.0521993658741801,-0.002));
#2852=CARTESIAN_POINT('',(-0.0581144740470471,-0.0515153547924996,-0.002));
#2853=CARTESIAN_POINT('',(-0.0583730297426077,-0.0508093624042046,-0.002));
#2854=CARTESIAN_POINT('',(-0.0585458806573093,-0.050341348223234,-0.002));
#2855=CARTESIAN_POINT('',(-0.0586313749376062,-0.0501126329128918,-0.002));
#2856=CARTESIAN_POINT('',(-0.0586313749376063,-0.0501126329128919,-0.002));
#2857=CARTESIAN_POINT('',(-0.0586313749376063,-0.0501126329128919,0.));
#2858=CARTESIAN_POINT('',(-0.0589916986416442,-0.0501958194071581,-0.002));
#2859=CARTESIAN_POINT('',(-0.0589916986416442,-0.0501958194071581,0.));
#2860=CARTESIAN_POINT('',(-0.0597021767759402,-0.0501262607346067,-0.002));
#2861=CARTESIAN_POINT('',(-0.0597021767759402,-0.0501262607346067,8.67361737988404E-19));
#2862=CARTESIAN_POINT('',(-0.0602900906418371,-0.0497899761292059,-0.002));
#2863=CARTESIAN_POINT('',(-0.0602900906418371,-0.0497899761292059,4.33680868994202E-19));
#2864=CARTESIAN_POINT('',(-0.0606505154080598,-0.0494773555330273,-0.002));
#2865=CARTESIAN_POINT('',(-0.0606505154080598,-0.0494773555330273,-4.33680868994202E-19));
#2866=CARTESIAN_POINT('',(-0.0610003151112935,-0.0490755928228187,-0.002));
#2867=CARTESIAN_POINT('',(-0.0610003151112935,-0.0490755928228187,8.67361737988404E-19));
#2868=CARTESIAN_POINT('',(-0.0613362296939297,-0.0485670386232774,-0.002));
#2869=CARTESIAN_POINT('',(-0.0613362296939297,-0.0485670386232774,4.33680868994202E-19));
#2870=CARTESIAN_POINT('',(-0.0617071942949036,-0.047872193899578,-0.002));
#2871=CARTESIAN_POINT('',(-0.0617071942949036,-0.047872193899578,0.));
#2872=CARTESIAN_POINT('',(-0.0620644806152891,-0.0470803053829027,-0.002));
#2873=CARTESIAN_POINT('',(-0.0620644806152891,-0.0470803053829027,8.67361737988404E-19));
#2874=CARTESIAN_POINT('',(-0.0625269653198757,-0.0459003363098968,-0.002));
#2875=CARTESIAN_POINT('',(-0.0625269653198757,-0.0459003363098968,4.33680868994202E-19));
#2876=CARTESIAN_POINT('',(-0.0630669207295832,-0.0442225305054405,-0.002));
#2877=CARTESIAN_POINT('',(-0.0630669207295832,-0.0442225305054405,-4.33680868994202E-19));
#2878=CARTESIAN_POINT('',(-0.0635875275865343,-0.0420066210994828,-0.002));
#2879=CARTESIAN_POINT('',(-0.0635875275865343,-0.0420066210994828,4.33680868994202E-19));
#2880=CARTESIAN_POINT('',(-0.0639034091002399,-0.0397307728552735,-0.002));
#2881=CARTESIAN_POINT('',(-0.0639034091002399,-0.0397307728552735,4.33680868994202E-19));
#2882=CARTESIAN_POINT('',(-0.0639088641097081,-0.0374654745265968,-0.002));
#2883=CARTESIAN_POINT('',(-0.0639088641097081,-0.0374654745265968,0.));
#2884=CARTESIAN_POINT('',(-0.0635001601612816,-0.0354476701371893,-0.002));
#2885=CARTESIAN_POINT('',(-0.0635001601612816,-0.0354476701371893,4.33680868994202E-19));
#2886=CARTESIAN_POINT('',(-0.0628256054158683,-0.0337377355266333,-0.002));
#2887=CARTESIAN_POINT('',(-0.0628256054158683,-0.0337377355266333,4.33680868994202E-19));
#2888=CARTESIAN_POINT('',(-0.062025450682629,-0.0323090386597005,-0.002));
#2889=CARTESIAN_POINT('',(-0.062025450682629,-0.0323090386597005,0.));
#2890=CARTESIAN_POINT('',(-0.0612403903743962,-0.0311319023717196,-0.002));
#2891=CARTESIAN_POINT('',(-0.0612403903743962,-0.0311319023717196,0.));
#2892=CARTESIAN_POINT('',(-0.0605923550434349,-0.0301728212453565,-0.002));
#2893=CARTESIAN_POINT('',(-0.0605923550434349,-0.0301728212453565,4.33680868994202E-19));
#2894=CARTESIAN_POINT('',(-0.0602174554361266,-0.029477578163359,-0.002));
#2895=CARTESIAN_POINT('',(-0.0602174554361266,-0.029477578163359,-4.33680868994202E-19));
#2896=CARTESIAN_POINT('',(-0.0600618093405461,-0.0288984422247026,-0.002));
#2897=CARTESIAN_POINT('',(-0.0600618093405461,-0.0288984422247026,0.));
#2898=CARTESIAN_POINT('',(-0.0600741478227121,-0.0283289389981892,-0.002));
#2899=CARTESIAN_POINT('',(-0.0600741478227121,-0.0283289389981892,0.));
#2900=CARTESIAN_POINT('',(-0.0601482123190089,-0.027857995625629,-0.002));
#2901=CARTESIAN_POINT('',(-0.0601482123190089,-0.027857995625629,0.));
#2902=CARTESIAN_POINT('',(-0.0601482123190089,-0.027857995625629,-0.002));
#2903=CARTESIAN_POINT('',(-0.0601482123190089,-0.027857995625629,-0.002));
#2904=CARTESIAN_POINT('',(-0.0586313749376063,-0.0501126329128919,-0.002));
#2905=CARTESIAN_POINT('',(-0.0588115367896252,-0.050154226160025,-0.002));
#2906=CARTESIAN_POINT('',(-0.0591772019496661,-0.0501827302849549,-0.002));
#2907=CARTESIAN_POINT('',(-0.0596407834112161,-0.0500972950617211,-0.002));
#2908=CARTESIAN_POINT('',(-0.0599949217255634,-0.0499537072792274,-0.002));
#2909=CARTESIAN_POINT('',(-0.0603508737198667,-0.0497404130080707,-0.002));
#2910=CARTESIAN_POINT('',(-0.0606501647717542,-0.0494765484923712,-0.002));
#2911=CARTESIAN_POINT('',(-0.0609133428630554,-0.0491760518809908,-0.002));
#2912=CARTESIAN_POINT('',(-0.0611331208703724,-0.0488729046611788,-0.002));
#2913=CARTESIAN_POINT('',(-0.061332579229831,-0.0485562754461567,-0.002));
#2914=CARTESIAN_POINT('',(-0.0615218074756921,-0.048219645609609,-0.002));
#2915=CARTESIAN_POINT('',(-0.0617666885233997,-0.0477401951754836,-0.002));
#2916=CARTESIAN_POINT('',(-0.0620644846330246,-0.0470803143838335,-0.002));
#2917=CARTESIAN_POINT('',(-0.0624113930662159,-0.0461953151401897,-0.002));
#2918=CARTESIAN_POINT('',(-0.0627427477760758,-0.045229258739018,-0.002));
#2919=CARTESIAN_POINT('',(-0.0630510230816762,-0.04419708515802,-0.002));
#2920=CARTESIAN_POINT('',(-0.0633273446400206,-0.0431150412209347,-0.002));
#2921=CARTESIAN_POINT('',(-0.0635620552261946,-0.0419995237663845,-0.002));
#2922=CARTESIAN_POINT('',(-0.0637448746311615,-0.0408666514721726,-0.002));
#2923=CARTESIAN_POINT('',(-0.0638642514429384,-0.0397305611203072,-0.002));
#2924=CARTESIAN_POINT('',(-0.0639081476942869,-0.0386062910937725,-0.002));
#2925=CARTESIAN_POINT('',(-0.0638568124716071,-0.0374949225295545,-0.002));
#2926=CARTESIAN_POINT('',(-0.0637036281196387,-0.0364543598868599,-0.002));
#2927=CARTESIAN_POINT('',(-0.0633882498348977,-0.0351639681238114,-0.002));
#2928=CARTESIAN_POINT('',(-0.0628253863144839,-0.033737213956367,-0.002));
#2929=CARTESIAN_POINT('',(-0.0620256647104676,-0.032309476120655,-0.002));
#2930=CARTESIAN_POINT('',(-0.0613707385887666,-0.031327141101916,-0.002));
#2931=CARTESIAN_POINT('',(-0.060917221209951,-0.0306539854883881,-0.002));
#2932=CARTESIAN_POINT('',(-0.0606272353586824,-0.0302064257903648,-0.002));
#2933=CARTESIAN_POINT('',(-0.0604011033395819,-0.0298210768666573,-0.002));
#2934=CARTESIAN_POINT('',(-0.0602735732118239,-0.0295587197842247,-0.002));
#2935=CARTESIAN_POINT('',(-0.0602087963769919,-0.0293932690691436,-0.002));
#2936=CARTESIAN_POINT('',(-0.0601559943059613,-0.0292302566865662,-0.002));
#2937=CARTESIAN_POINT('',(-0.0601107183296782,-0.0290300808772305,-0.002));
#2938=CARTESIAN_POINT('',(-0.0600824510692842,-0.0287786410504976,-0.002));
#2939=CARTESIAN_POINT('',(-0.0600774692751601,-0.0284129929373226,-0.002));
#2940=CARTESIAN_POINT('',(-0.0601111800708605,-0.0280934673119091,-0.002));
#2941=CARTESIAN_POINT('',(-0.0601482123190089,-0.027857995625629,-0.002));
#2942=CARTESIAN_POINT('',(-0.060148212319009,-0.027857995625629,-0.002));
#2943=CARTESIAN_POINT('',(-0.060148212319009,-0.027857995625629,1.30104260698261E-18));
#2944=CARTESIAN_POINT('',(-0.061546962857234,-0.0272437271282912,-0.002));
#2945=CARTESIAN_POINT('',(-0.061546962857234,-0.0272437271282912,1.30104260698261E-18));
#2946=CARTESIAN_POINT('',(-0.0635876153121128,-0.026333486042314,-0.002));
#2947=CARTESIAN_POINT('',(-0.0635876153121128,-0.026333486042314,1.30104260698261E-18));
#2948=CARTESIAN_POINT('',(-0.0659939403764357,-0.0250755354098139,-0.002));
#2949=CARTESIAN_POINT('',(-0.0659939403764357,-0.0250755354098139,1.30104260698261E-18));
#2950=CARTESIAN_POINT('',(-0.0675997851245027,-0.0240813223098155,-0.002));
#2951=CARTESIAN_POINT('',(-0.0675997851245027,-0.0240813223098155,1.73472347597681E-18));
#2952=CARTESIAN_POINT('',(-0.0687473301413664,-0.0231637689099383,-0.002));
#2953=CARTESIAN_POINT('',(-0.0687473301413664,-0.0231637689099383,1.30104260698261E-18));
#2954=CARTESIAN_POINT('',(-0.0695238074642608,-0.0223287403577059,-0.002));
#2955=CARTESIAN_POINT('',(-0.0695238074642608,-0.0223287403577059,1.73472347597681E-18));
#2956=CARTESIAN_POINT('',(-0.0700320831907649,-0.0216067849191776,-0.002));
#2957=CARTESIAN_POINT('',(-0.0700320831907649,-0.0216067849191776,1.73472347597681E-18));
#2958=CARTESIAN_POINT('',(-0.0703872736128357,-0.0208633321472247,-0.002));
#2959=CARTESIAN_POINT('',(-0.0703872736128357,-0.0208633321472247,8.67361737988404E-19));
#2960=CARTESIAN_POINT('',(-0.070679255743498,-0.0199809265605757,-0.002));
#2961=CARTESIAN_POINT('',(-0.070679255743498,-0.0199809265605757,1.73472347597681E-18));
#2962=CARTESIAN_POINT('',(-0.0707821346795119,-0.0194758774911636,-0.002));
#2963=CARTESIAN_POINT('',(-0.0707821346795119,-0.0194758774911636,1.30104260698261E-18));
#2964=CARTESIAN_POINT('',(-0.0708330205448537,-0.0192775295168474,-0.002));
#2965=CARTESIAN_POINT('',(-0.0708330205448537,-0.0192775295168474,1.30104260698261E-18));
#2966=CARTESIAN_POINT('',(-0.0708330205448537,-0.0192775295168474,-0.002));
#2967=CARTESIAN_POINT('',(-0.0708330205448537,-0.0192775295168474,-0.002));
#2968=CARTESIAN_POINT('',(-0.060148212319009,-0.027857995625629,-0.002));
#2969=CARTESIAN_POINT('',(-0.0608475875881215,-0.0275508613769601,-0.002));
#2970=CARTESIAN_POINT('',(-0.0622276332200228,-0.026939835185943,-0.002));
#2971=CARTESIAN_POINT('',(-0.0641891170634309,-0.0260190634805071,-0.002));
#2972=CARTESIAN_POINT('',(-0.0656930241419527,-0.0252329716397209,-0.002));
#2973=CARTESIAN_POINT('',(-0.0667971047360186,-0.0245780695190309,-0.002));
#2974=CARTESIAN_POINT('',(-0.0675713235559245,-0.0240679849324664,-0.002));
#2975=CARTESIAN_POINT('',(-0.0682875210594689,-0.0235310736301421,-0.002));
#2976=CARTESIAN_POINT('',(-0.0688323365903255,-0.0230516094211824,-0.002));
#2977=CARTESIAN_POINT('',(-0.0692332486691412,-0.0226406771734014,-0.002));
#2978=CARTESIAN_POINT('',(-0.0695151078430618,-0.0223157504339878,-0.002));
#2979=CARTESIAN_POINT('',(-0.0697750824785097,-0.021973079212529,-0.002));
#2980=CARTESIAN_POINT('',(-0.0700133319408297,-0.0216034290895496,-0.002));
#2981=CARTESIAN_POINT('',(-0.0702110035983278,-0.0212324166109138,-0.002));
#2982=CARTESIAN_POINT('',(-0.0704229333496091,-0.0207546097535732,-0.002));
#2983=CARTESIAN_POINT('',(-0.0706071764942292,-0.0202005328265589,-0.002));
#2984=CARTESIAN_POINT('',(-0.0707453654594042,-0.0196461147119327,-0.002));
#2985=CARTESIAN_POINT('',(-0.0708075776121828,-0.0193767035040055,-0.002));
#2986=CARTESIAN_POINT('',(-0.0708330205448537,-0.0192775295168474,-0.002));
#2987=CARTESIAN_POINT('',(-0.0708330205448537,-0.0192775295168473,-0.002));
#2988=CARTESIAN_POINT('',(-0.0708330205448537,-0.0192775295168473,0.));
#2989=CARTESIAN_POINT('',(-0.0709385231901577,-0.0192003148374993,-0.002));
#2990=CARTESIAN_POINT('',(-0.0709385231901577,-0.0192003148374993,0.));
#2991=CARTESIAN_POINT('',(-0.0711714788407398,-0.01902513907516,-0.002));
#2992=CARTESIAN_POINT('',(-0.0711714788407398,-0.01902513907516,0.));
#2993=CARTESIAN_POINT('',(-0.0715333630204659,-0.018546634767359,-0.002));
#2994=CARTESIAN_POINT('',(-0.0715333630204659,-0.018546634767359,-4.33680868994202E-19));
#2995=CARTESIAN_POINT('',(-0.0717475326431882,-0.0180516608090776,-0.002));
#2996=CARTESIAN_POINT('',(-0.0717475326431882,-0.0180516608090776,0.));
#2997=CARTESIAN_POINT('',(-0.071824887012338,-0.0175646902026872,-0.002));
#2998=CARTESIAN_POINT('',(-0.071824887012338,-0.0175646902026872,0.));
#2999=CARTESIAN_POINT('',(-0.0718106918637281,-0.0170357699848268,-0.002));
#3000=CARTESIAN_POINT('',(-0.0718106918637281,-0.0170357699848268,-8.67361737988404E-19));
#3001=CARTESIAN_POINT('',(-0.0716799826080617,-0.0164965544793769,-0.002));
#3002=CARTESIAN_POINT('',(-0.0716799826080617,-0.0164965544793769,0.));
#3003=CARTESIAN_POINT('',(-0.0714280533872435,-0.0159403169272412,-0.002));
#3004=CARTESIAN_POINT('',(-0.0714280533872435,-0.0159403169272412,0.));
#3005=CARTESIAN_POINT('',(-0.0710815482164185,-0.01542719452098,-0.002));
#3006=CARTESIAN_POINT('',(-0.0710815482164185,-0.01542719452098,0.));
#3007=CARTESIAN_POINT('',(-0.0706249648663052,-0.0149543188023431,-0.002));
#3008=CARTESIAN_POINT('',(-0.0706249648663052,-0.0149543188023431,4.33680868994202E-19));
#3009=CARTESIAN_POINT('',(-0.0700057793481386,-0.0145315508260629,-0.002));
#3010=CARTESIAN_POINT('',(-0.0700057793481386,-0.0145315508260629,0.));
#3011=CARTESIAN_POINT('',(-0.0692328511479197,-0.0142783910492733,-0.002));
#3012=CARTESIAN_POINT('',(-0.0692328511479197,-0.0142783910492733,4.33680868994202E-19));
#3013=CARTESIAN_POINT('',(-0.0685910272810321,-0.0142276979602894,-0.002));
#3014=CARTESIAN_POINT('',(-0.0685910272810321,-0.0142276979602894,-4.33680868994202E-19));
#3015=CARTESIAN_POINT('',(-0.0680496703952633,-0.0142540561445875,-0.002));
#3016=CARTESIAN_POINT('',(-0.0680496703952633,-0.0142540561445875,0.));
#3017=CARTESIAN_POINT('',(-0.0674412866373623,-0.0143302034769538,-0.002));
#3018=CARTESIAN_POINT('',(-0.0674412866373623,-0.0143302034769538,-4.33680868994202E-19));
#3019=CARTESIAN_POINT('',(-0.0668361443072935,-0.0144247730733308,-0.002));
#3020=CARTESIAN_POINT('',(-0.0668361443072935,-0.0144247730733308,4.33680868994202E-19));
#3021=CARTESIAN_POINT('',(-0.0663304497511374,-0.0144238666242952,-0.002));
#3022=CARTESIAN_POINT('',(-0.0663304497511374,-0.0144238666242952,4.33680868994202E-19));
#3023=CARTESIAN_POINT('',(-0.0660706519846614,-0.0143649207156616,-0.002));
#3024=CARTESIAN_POINT('',(-0.0660706519846614,-0.0143649207156616,4.33680868994202E-19));
#3025=CARTESIAN_POINT('',(-0.0654578293304674,-0.0140363445524605,-0.002));
#3026=CARTESIAN_POINT('',(-0.0654578293304674,-0.0140363445524605,-4.33680868994202E-19));
#3027=CARTESIAN_POINT('',(-0.0646653433551457,-0.0134171055130995,-0.002));
#3028=CARTESIAN_POINT('',(-0.0646653433551457,-0.0134171055130995,4.33680868994202E-19));
#3029=CARTESIAN_POINT('',(-0.0634258645268198,-0.0123139524994528,-0.002));
#3030=CARTESIAN_POINT('',(-0.0634258645268198,-0.0123139524994528,0.));
#3031=CARTESIAN_POINT('',(-0.0619524036980115,-0.0109550830237827,-0.002));
#3032=CARTESIAN_POINT('',(-0.0619524036980115,-0.0109550830237827,-8.67361737988404E-19));
#3033=CARTESIAN_POINT('',(-0.0601910314218578,-0.00965953315325436,-0.002));
#3034=CARTESIAN_POINT('',(-0.0601910314218578,-0.00965953315325436,8.67361737988404E-19));
#3035=CARTESIAN_POINT('',(-0.0586792061891586,-0.0087963759842894,-0.002));
#3036=CARTESIAN_POINT('',(-0.0586792061891586,-0.0087963759842894,-4.33680868994202E-19));
#3037=CARTESIAN_POINT('',(-0.0570076668802441,-0.00817395355820633,-0.002));
#3038=CARTESIAN_POINT('',(-0.0570076668802441,-0.00817395355820633,0.));
#3039=CARTESIAN_POINT('',(-0.0547279406667652,-0.00767693333250471,-0.002));
#3040=CARTESIAN_POINT('',(-0.0547279406667652,-0.00767693333250471,0.));
#3041=CARTESIAN_POINT('',(-0.0518138486697067,-0.00756825596426579,-0.002));
#3042=CARTESIAN_POINT('',(-0.0518138486697067,-0.00756825596426579,0.));
#3043=CARTESIAN_POINT('',(-0.0484367688772533,-0.00805072547775296,-0.002));
#3044=CARTESIAN_POINT('',(-0.0484367688772533,-0.00805072547775296,0.));
#3045=CARTESIAN_POINT('',(-0.0453640528281076,-0.00898191222874977,-0.002));
#3046=CARTESIAN_POINT('',(-0.0453640528281076,-0.00898191222874977,0.));
#3047=CARTESIAN_POINT('',(-0.042812094907641,-0.0102353978228204,-0.002));
#3048=CARTESIAN_POINT('',(-0.042812094907641,-0.0102353978228204,8.67361737988404E-19));
#3049=CARTESIAN_POINT('',(-0.0407906854082227,-0.0117562672560105,-0.002));
#3050=CARTESIAN_POINT('',(-0.0407906854082227,-0.0117562672560105,0.));
#3051=CARTESIAN_POINT('',(-0.0396150898180739,-0.0130241562175878,-0.002));
#3052=CARTESIAN_POINT('',(-0.0396150898180739,-0.0130241562175878,1.30104260698261E-18));
#3053=CARTESIAN_POINT('',(-0.0389269704119632,-0.0139057014996041,-0.002));
#3054=CARTESIAN_POINT('',(-0.0389269704119632,-0.0139057014996041,0.));
#3055=CARTESIAN_POINT('',(-0.0385188621950387,-0.0144662956975379,-0.002));
#3056=CARTESIAN_POINT('',(-0.0385188621950387,-0.0144662956975379,-8.67361737988404E-19));
#3057=CARTESIAN_POINT('',(-0.0382364297318227,-0.0148522214507476,-0.002));
#3058=CARTESIAN_POINT('',(-0.0382364297318227,-0.0148522214507476,0.));
#3059=CARTESIAN_POINT('',(-0.0380428861564615,-0.0151171763740521,-0.002));
#3060=CARTESIAN_POINT('',(-0.0380428861564615,-0.0151171763740521,0.));
#3061=CARTESIAN_POINT('',(-0.0380428861564615,-0.0151171763740521,-0.002));
#3062=CARTESIAN_POINT('',(-0.0380428861564615,-0.0151171763740521,-0.002));
#3063=CARTESIAN_POINT('',(-0.0708330205448537,-0.0192775295168473,-0.002));
#3064=CARTESIAN_POINT('',(-0.0708857718675057,-0.0192389221771733,-0.002));
#3065=CARTESIAN_POINT('',(-0.0710132606404112,-0.0191417572630378,-0.002));
#3066=CARTESIAN_POINT('',(-0.0712626699036754,-0.0189062582474044,-0.002));
#3067=CARTESIAN_POINT('',(-0.071488276135382,-0.018604225894786,-0.002));
#3068=CARTESIAN_POINT('',(-0.0716400362809389,-0.018302998178266,-0.002));
#3069=CARTESIAN_POINT('',(-0.0717303104044603,-0.0180529059873316,-0.002));
#3070=CARTESIAN_POINT('',(-0.0717871027067768,-0.017803346078764,-0.002));
#3071=CARTESIAN_POINT('',(-0.07182256865368,-0.0175013546845719,-0.002));
#3072=CARTESIAN_POINT('',(-0.0718146719415483,-0.0171671315928284,-0.002));
#3073=CARTESIAN_POINT('',(-0.0717574220150223,-0.016820048468267,-0.002));
#3074=CARTESIAN_POINT('',(-0.0716683562810322,-0.0165078269214704,-0.002));
#3075=CARTESIAN_POINT('',(-0.0715539703952006,-0.016218791776517,-0.002));
#3076=CARTESIAN_POINT('',(-0.0713702749215489,-0.0158545320106622,-0.002));
#3077=CARTESIAN_POINT('',(-0.0710820346636928,-0.0154277947947591,-0.002));
#3078=CARTESIAN_POINT('',(-0.0706996303533919,-0.0150315951163138,-0.002));
#3079=CARTESIAN_POINT('',(-0.070317851946045,-0.014745580109891,-0.002));
#3080=CARTESIAN_POINT('',(-0.0699881320135956,-0.0145536591130084,-0.002));
#3081=CARTESIAN_POINT('',(-0.0696105534063521,-0.0143986965939432,-0.002));
#3082=CARTESIAN_POINT('',(-0.0692510832524696,-0.0143048667715703,-0.002));
#3083=CARTESIAN_POINT('',(-0.0689133248046189,-0.014254649303221,-0.002));
#3084=CARTESIAN_POINT('',(-0.0684999953547947,-0.014231162398069,-0.002));
#3085=CARTESIAN_POINT('',(-0.068049994452031,-0.0142543894888193,-0.002));
#3086=CARTESIAN_POINT('',(-0.0675931180954514,-0.0143110142473052,-0.002));
#3087=CARTESIAN_POINT('',(-0.0671999635741118,-0.0143683075575007,-0.002));
#3088=CARTESIAN_POINT('',(-0.0668634234258183,-0.0144098100691136,-0.002));
#3089=CARTESIAN_POINT('',(-0.0665836848063024,-0.0144267006413415,-0.002));
#3090=CARTESIAN_POINT('',(-0.0663998224413399,-0.014419279295548,-0.002));
#3091=CARTESIAN_POINT('',(-0.0662778802925799,-0.0144025372828319,-0.002));
#3092=CARTESIAN_POINT('',(-0.0661984519449634,-0.014385618818376,-0.002));
#3093=CARTESIAN_POINT('',(-0.0661189244026395,-0.0143620625219928,-0.002));
#3094=CARTESIAN_POINT('',(-0.0659801296823251,-0.0143096613387499,-0.002));
#3095=CARTESIAN_POINT('',(-0.0657614283965026,-0.0142024704397924,-0.002));
#3096=CARTESIAN_POINT('',(-0.0653273800441756,-0.0139320761117388,-0.002));
#3097=CARTESIAN_POINT('',(-0.0646647192740979,-0.0134174738918968,-0.002));
#3098=CARTESIAN_POINT('',(-0.0637361476903687,-0.0125896152344287,-0.002));
#3099=CARTESIAN_POINT('',(-0.0626881043675936,-0.0116346514565637,-0.002));
#3100=CARTESIAN_POINT('',(-0.0615129236848853,-0.0106314953709146,-0.002));
#3101=CARTESIAN_POINT('',(-0.0604093280666733,-0.00982041606119614,-0.002));
#3102=CARTESIAN_POINT('',(-0.0594383209957924,-0.00922980409239268,-0.002));
#3103=CARTESIAN_POINT('',(-0.0586596050205991,-0.00882662645913146,-0.002));
#3104=CARTESIAN_POINT('',(-0.0578387819805475,-0.00848268071969969,-0.002));
#3105=CARTESIAN_POINT('',(-0.0567253557138603,-0.00811325854598732,-0.002));
#3106=CARTESIAN_POINT('',(-0.0552972534981948,-0.00780071600272768,-0.002));
#3107=CARTESIAN_POINT('',(-0.0535614694789529,-0.00763353843358594,-0.002));
#3108=CARTESIAN_POINT('',(-0.0518290501774703,-0.00764477939890383,-0.002));
#3109=CARTESIAN_POINT('',(-0.0501252524334228,-0.00780976211176735,-0.002));
#3110=CARTESIAN_POINT('',(-0.0484745395025478,-0.00810672206473376,-0.002));
#3111=CARTESIAN_POINT('',(-0.0469015665632134,-0.00851641973332505,-0.002));
#3112=CARTESIAN_POINT('',(-0.0454298751345539,-0.00902193643126177,-0.002));
#3113=CARTESIAN_POINT('',(-0.0440840079958955,-0.00960960675720041,-0.002));
#3114=CARTESIAN_POINT('',(-0.0428790990439126,-0.0102688933477537,-0.002));
#3115=CARTESIAN_POINT('',(-0.0418027136953484,-0.0109945906278267,-0.002));
#3116=CARTESIAN_POINT('',(-0.0408477527429428,-0.0117770809431531,-0.002));
#3117=CARTESIAN_POINT('',(-0.0401449058694653,-0.0124664620887508,-0.002));
#3118=CARTESIAN_POINT('',(-0.0396322811816079,-0.0130336506731738,-0.002));
#3119=CARTESIAN_POINT('',(-0.0393309295519828,-0.0133934717649279,-0.002));
#3120=CARTESIAN_POINT('',(-0.0391005220138972,-0.0136834358617128,-0.002));
#3121=CARTESIAN_POINT('',(-0.0389602466530323,-0.0138660963498436,-0.002));
#3122=CARTESIAN_POINT('',(-0.038851352127833,-0.0140112804004723,-0.002));
#3123=CARTESIAN_POINT('',(-0.0387681776983846,-0.0141240851028999,-0.002));
#3124=CARTESIAN_POINT('',(-0.0386962258845923,-0.0142228252260637,-0.002));
#3125=CARTESIAN_POINT('',(-0.0385992488425749,-0.0143555049783034,-0.002));
#3126=CARTESIAN_POINT('',(-0.0384783842320409,-0.0145210031270333,-0.002));
#3127=CARTESIAN_POINT('',(-0.038284800607053,-0.0147859975216718,-0.002));
#3128=CARTESIAN_POINT('',(-0.0381396579441421,-0.0149846989123998,-0.002));
#3129=CARTESIAN_POINT('',(-0.0380428861564615,-0.0151171763740521,-0.002));
#3130=CARTESIAN_POINT('',(-0.0380428861564615,-0.0151171763740521,-0.002));
#3131=CARTESIAN_POINT('',(-0.0380428861564615,-0.0151171763740521,0.));
#3132=CARTESIAN_POINT('',(-0.0383312001857757,-0.0155854515629463,-0.002));
#3133=CARTESIAN_POINT('',(-0.0383312001857757,-0.0155854515629463,0.));
#3134=CARTESIAN_POINT('',(-0.0389231711448274,-0.0165360365082792,-0.002));
#3135=CARTESIAN_POINT('',(-0.0389231711448274,-0.0165360365082792,0.));
#3136=CARTESIAN_POINT('',(-0.0399546315944333,-0.0182843096437785,-0.002));
#3137=CARTESIAN_POINT('',(-0.0399546315944333,-0.0182843096437785,-4.33680868994202E-19));
#3138=CARTESIAN_POINT('',(-0.0406691962895977,-0.0202894673061851,-0.002));
#3139=CARTESIAN_POINT('',(-0.0406691962895977,-0.0202894673061851,0.));
#3140=CARTESIAN_POINT('',(-0.0403038026674191,-0.0237748959247829,-0.002));
#3141=CARTESIAN_POINT('',(-0.0403038026674191,-0.0237748959247829,8.67361737988404E-19));
#3142=CARTESIAN_POINT('',(-0.037070375077224,-0.0298622077523256,-0.002));
#3143=CARTESIAN_POINT('',(-0.037070375077224,-0.0298622077523256,-4.33680868994202E-19));
#3144=CARTESIAN_POINT('',(-0.0319177310826358,-0.0371593950721312,-0.002));
#3145=CARTESIAN_POINT('',(-0.0319177310826358,-0.0371593950721312,0.));
#3146=CARTESIAN_POINT('',(-0.0260860265686864,-0.0445884269863441,-0.002));
#3147=CARTESIAN_POINT('',(-0.0260860265686864,-0.0445884269863441,-4.33680868994202E-19));
#3148=CARTESIAN_POINT('',(-0.0206907890826063,-0.0511781469621958,-0.002));
#3149=CARTESIAN_POINT('',(-0.0206907890826063,-0.0511781469621958,-4.33680868994202E-19));
#3150=CARTESIAN_POINT('',(-0.0181427727461596,-0.0543592122109119,-0.002));
#3151=CARTESIAN_POINT('',(-0.0181427727461596,-0.0543592122109119,-4.33680868994202E-19));
#3152=CARTESIAN_POINT('',(-0.0172836642595813,-0.0555396592751129,-0.002));
#3153=CARTESIAN_POINT('',(-0.0172836642595813,-0.0555396592751129,-4.33680868994202E-19));
#3154=CARTESIAN_POINT('',(-0.0172836642595813,-0.0555396592751129,-0.002));
#3155=CARTESIAN_POINT('',(-0.0172836642595813,-0.0555396592751129,-0.002));
#3156=CARTESIAN_POINT('',(-0.0380428861564615,-0.0151171763740521,-0.002));
#3157=CARTESIAN_POINT('',(-0.0381870431711186,-0.0153513139684992,-0.002));
#3158=CARTESIAN_POINT('',(-0.0384748334768747,-0.0158193873075274,-0.002));
#3159=CARTESIAN_POINT('',(-0.0390546038768506,-0.016757148784512,-0.002));
#3160=CARTESIAN_POINT('',(-0.0396960621429487,-0.0178425906100069,-0.002));
#3161=CARTESIAN_POINT('',(-0.0402401337500278,-0.0191009517971947,-0.002));
#3162=CARTESIAN_POINT('',(-0.0405192562903068,-0.0204228079505397,-0.002));
#3163=CARTESIAN_POINT('',(-0.0404824990233473,-0.0217570177096456,-0.002));
#3164=CARTESIAN_POINT('',(-0.0402081031011189,-0.0230664718593026,-0.002));
#3165=CARTESIAN_POINT('',(-0.0399134436027625,-0.023997552143855,-0.002));
#3166=CARTESIAN_POINT('',(-0.0395915719130529,-0.0248167411480217,-0.002));
#3167=CARTESIAN_POINT('',(-0.0392084891954188,-0.0256919467361881,-0.002));
#3168=CARTESIAN_POINT('',(-0.0386220434298242,-0.0268762696437057,-0.002));
#3169=CARTESIAN_POINT('',(-0.0377637607202703,-0.0284157991140465,-0.002));
#3170=CARTESIAN_POINT('',(-0.0364386951064449,-0.0305962990435672,-0.002));
#3171=CARTESIAN_POINT('',(-0.0344905255880218,-0.0335121180532049,-0.002));
#3172=CARTESIAN_POINT('',(-0.0309478761855847,-0.0383966976591918,-0.002));
#3173=CARTESIAN_POINT('',(-0.0270574163017273,-0.0433510742272271,-0.002));
#3174=CARTESIAN_POINT('',(-0.0233888656455749,-0.0478820706774064,-0.002));
#3175=CARTESIAN_POINT('',(-0.0208883453353397,-0.0509494422965623,-0.002));
#3176=CARTESIAN_POINT('',(-0.0187757004901139,-0.0535709198067416,-0.002));
#3177=CARTESIAN_POINT('',(-0.0177132185028704,-0.0549494357430124,-0.002));
#3178=CARTESIAN_POINT('',(-0.0172836642595812,-0.0555396592751129,-0.002));
#3179=CARTESIAN_POINT('',(-0.0172836642595812,-0.0555396592751129,-0.002));
#3180=CARTESIAN_POINT('',(-0.0172836642595812,-0.0555396592751129,0.));
#3181=CARTESIAN_POINT('',(-0.0168723029358131,-0.0549967824097758,-0.002));
#3182=CARTESIAN_POINT('',(-0.0168723029358131,-0.0549967824097758,0.));
#3183=CARTESIAN_POINT('',(-0.0159648396103781,-0.0536792804739102,-0.002));
#3184=CARTESIAN_POINT('',(-0.0159648396103781,-0.0536792804739102,-4.33680868994202E-19));
#3185=CARTESIAN_POINT('',(-0.0147376046759779,-0.051348304977335,-0.002));
#3186=CARTESIAN_POINT('',(-0.0147376046759779,-0.051348304977335,0.));
#3187=CARTESIAN_POINT('',(-0.014046442012501,-0.0491219411852606,-0.002));
#3188=CARTESIAN_POINT('',(-0.014046442012501,-0.0491219411852606,0.));
#3189=CARTESIAN_POINT('',(-0.013962534461682,-0.0470866814323889,-0.002));
#3190=CARTESIAN_POINT('',(-0.013962534461682,-0.0470866814323889,4.33680868994202E-19));
#3191=CARTESIAN_POINT('',(-0.0144123575705979,-0.0452242493644348,-0.002));
#3192=CARTESIAN_POINT('',(-0.0144123575705979,-0.0452242493644348,-1.30104260698261E-18));
#3193=CARTESIAN_POINT('',(-0.0154212041329061,-0.0435037233846347,-0.002));
#3194=CARTESIAN_POINT('',(-0.0154212041329061,-0.0435037233846347,2.16840434497101E-18));
#3195=CARTESIAN_POINT('',(-0.0167917888476874,-0.0421855841948762,-0.002));
#3196=CARTESIAN_POINT('',(-0.0167917888476874,-0.0421855841948762,-4.33680868994202E-19));
#3197=CARTESIAN_POINT('',(-0.0182680068732904,-0.0412319204995901,-0.002));
#3198=CARTESIAN_POINT('',(-0.0182680068732904,-0.0412319204995901,4.33680868994202E-19));
#3199=CARTESIAN_POINT('',(-0.0195710269393234,-0.0405502522095609,-0.002));
#3200=CARTESIAN_POINT('',(-0.0195710269393234,-0.0405502522095609,-4.33680868994202E-19));
#3201=CARTESIAN_POINT('',(-0.0209553383072822,-0.0399266173601333,-0.002));
#3202=CARTESIAN_POINT('',(-0.0209553383072822,-0.0399266173601333,4.33680868994202E-19));
#3203=CARTESIAN_POINT('',(-0.0223385875845471,-0.0393623878857348,-0.002));
#3204=CARTESIAN_POINT('',(-0.0223385875845471,-0.0393623878857348,0.));
#3205=CARTESIAN_POINT('',(-0.0234213468761893,-0.0389407320884962,-0.002));
#3206=CARTESIAN_POINT('',(-0.0234213468761893,-0.0389407320884962,-4.33680868994202E-19));
#3207=CARTESIAN_POINT('',(-0.0242116580329185,-0.0386277342787036,-0.002));
#3208=CARTESIAN_POINT('',(-0.0242116580329185,-0.0386277342787036,0.));
#3209=CARTESIAN_POINT('',(-0.024760674004142,-0.038402340662094,-0.002));
#3210=CARTESIAN_POINT('',(-0.024760674004142,-0.038402340662094,0.));
#3211=CARTESIAN_POINT('',(-0.0252635796684529,-0.0381815239353983,-0.002));
#3212=CARTESIAN_POINT('',(-0.0252635796684529,-0.0381815239353983,4.33680868994202E-19));
#3213=CARTESIAN_POINT('',(-0.025726390168762,-0.0379530684492709,-0.002));
#3214=CARTESIAN_POINT('',(-0.025726390168762,-0.0379530684492709,-4.33680868994202E-19));
#3215=CARTESIAN_POINT('',(-0.0260983934360214,-0.0377341998255578,-0.002));
#3216=CARTESIAN_POINT('',(-0.0260983934360214,-0.0377341998255578,0.));
#3217=CARTESIAN_POINT('',(-0.0264254864908433,-0.0374844039973227,-0.002));
#3218=CARTESIAN_POINT('',(-0.0264254864908433,-0.0374844039973227,0.));
#3219=CARTESIAN_POINT('',(-0.026701450061023,-0.0372144752431485,-0.002));
#3220=CARTESIAN_POINT('',(-0.026701450061023,-0.0372144752431485,0.));
#3221=CARTESIAN_POINT('',(-0.0270123885027385,-0.0367772805421795,-0.002));
#3222=CARTESIAN_POINT('',(-0.0270123885027385,-0.0367772805421795,0.));
#3223=CARTESIAN_POINT('',(-0.0272527551927708,-0.0360016335302517,-0.002));
#3224=CARTESIAN_POINT('',(-0.0272527551927708,-0.0360016335302517,4.33680868994202E-19));
#3225=CARTESIAN_POINT('',(-0.027063033460045,-0.0350473007487149,-0.002));
#3226=CARTESIAN_POINT('',(-0.027063033460045,-0.0350473007487149,4.33680868994202E-19));
#3227=CARTESIAN_POINT('',(-0.0265917492897935,-0.0344534252034118,-0.002));
#3228=CARTESIAN_POINT('',(-0.0265917492897935,-0.0344534252034118,-4.33680868994202E-19));
#3229=CARTESIAN_POINT('',(-0.0261847366247634,-0.0341626360979131,-0.002));
#3230=CARTESIAN_POINT('',(-0.0261847366247634,-0.0341626360979131,4.33680868994202E-19));
#3231=CARTESIAN_POINT('',(-0.0257571550467791,-0.0339495716702679,-0.002));
#3232=CARTESIAN_POINT('',(-0.0257571550467791,-0.0339495716702679,0.));
#3233=CARTESIAN_POINT('',(-0.0253121557699459,-0.0338080185449748,-0.002));
#3234=CARTESIAN_POINT('',(-0.0253121557699459,-0.0338080185449748,-4.33680868994202E-19));
#3235=CARTESIAN_POINT('',(-0.0247747433465436,-0.0336869977751231,-0.002));
#3236=CARTESIAN_POINT('',(-0.0247747433465436,-0.0336869977751231,-4.33680868994202E-19));
#3237=CARTESIAN_POINT('',(-0.024198699686093,-0.0335928518841791,-0.002));
#3238=CARTESIAN_POINT('',(-0.024198699686093,-0.0335928518841791,4.33680868994202E-19));
#3239=CARTESIAN_POINT('',(-0.0235780129030449,-0.0335151096903864,-0.002));
#3240=CARTESIAN_POINT('',(-0.0235780129030449,-0.0335151096903864,-4.33680868994202E-19));
#3241=CARTESIAN_POINT('',(-0.0226993152233119,-0.033429349438829,-0.002));
#3242=CARTESIAN_POINT('',(-0.0226993152233119,-0.033429349438829,0.));
#3243=CARTESIAN_POINT('',(-0.0215316880376115,-0.0333510125597219,-0.002));
#3244=CARTESIAN_POINT('',(-0.0215316880376115,-0.0333510125597219,0.));
#3245=CARTESIAN_POINT('',(-0.0201295581284514,-0.0332966670678387,-0.002));
#3246=CARTESIAN_POINT('',(-0.0201295581284514,-0.0332966670678387,4.33680868994202E-19));
#3247=CARTESIAN_POINT('',(-0.0190610144401949,-0.0332813023621023,-0.002));
#3248=CARTESIAN_POINT('',(-0.0190610144401949,-0.0332813023621023,1.30104260698261E-18));
#3249=CARTESIAN_POINT('',(-0.0183222092191381,-0.0332858503671747,-0.002));
#3250=CARTESIAN_POINT('',(-0.0183222092191381,-0.0332858503671747,-8.67361737988404E-19));
#3251=CARTESIAN_POINT('',(-0.0178388928218209,-0.033297390364398,-0.002));
#3252=CARTESIAN_POINT('',(-0.0178388928218209,-0.033297390364398,0.));
#3253=CARTESIAN_POINT('',(-0.0174229146272975,-0.0333191838145963,-0.002));
#3254=CARTESIAN_POINT('',(-0.0174229146272975,-0.0333191838145963,-4.33680868994202E-19));
#3255=CARTESIAN_POINT('',(-0.0170778206568237,-0.0333519521235192,-0.002));
#3256=CARTESIAN_POINT('',(-0.0170778206568237,-0.0333519521235192,8.67361737988404E-19));
#3257=CARTESIAN_POINT('',(-0.0165129348316154,-0.033461469516012,-0.002));
#3258=CARTESIAN_POINT('',(-0.0165129348316154,-0.033461469516012,0.));
#3259=CARTESIAN_POINT('',(-0.016062111770242,-0.033765821953175,-0.002));
#3260=CARTESIAN_POINT('',(-0.016062111770242,-0.033765821953175,0.));
#3261=CARTESIAN_POINT('',(-0.0159774599998185,-0.0338359840393021,-0.002));
#3262=CARTESIAN_POINT('',(-0.0159774599998185,-0.0338359840393021,0.));
#3263=CARTESIAN_POINT('',(-0.0159774599998181,-0.0338359840393024,-0.002));
#3264=CARTESIAN_POINT('',(-0.0159774599998181,-0.0338359840393024,-0.002));
#3265=CARTESIAN_POINT('',(-0.0172836642595812,-0.0555396592751129,-0.002));
#3266=CARTESIAN_POINT('',(-0.0168723029358131,-0.0549967824097758,-0.002));
#3267=CARTESIAN_POINT('',(-0.0161906535722622,-0.0540063985262417,-0.002));
#3268=CARTESIAN_POINT('',(-0.0153529752589691,-0.0525175551116807,-0.002));
#3269=CARTESIAN_POINT('',(-0.0148059042011456,-0.0513629921468264,-0.002));
#3270=CARTESIAN_POINT('',(-0.0144552409195568,-0.0504145969157414,-0.002));
#3271=CARTESIAN_POINT('',(-0.0142550621879416,-0.0496887263393985,-0.002));
#3272=CARTESIAN_POINT('',(-0.0141037233940798,-0.0489731029525357,-0.002));
#3273=CARTESIAN_POINT('',(-0.0140059464827332,-0.0481053196071021,-0.002));
#3274=CARTESIAN_POINT('',(-0.0140366429941211,-0.0467757471460316,-0.002));
#3275=CARTESIAN_POINT('',(-0.0143375879698731,-0.0455343241078724,-0.002));
#3276=CARTESIAN_POINT('',(-0.0149166447426816,-0.0443646971620968,-0.002));
#3277=CARTESIAN_POINT('',(-0.0155004405989148,-0.0435208758752052,-0.002));
#3278=CARTESIAN_POINT('',(-0.0162446727545251,-0.0427128985969805,-0.002));
#3279=CARTESIAN_POINT('',(-0.017009861095362,-0.0420739178367931,-0.002));
#3280=CARTESIAN_POINT('',(-0.0177107831031523,-0.0415910849016706,-0.002));
#3281=CARTESIAN_POINT('',(-0.0184872803672937,-0.0411174193068464,-0.002));
#3282=CARTESIAN_POINT('',(-0.0195703056450288,-0.0405505579274685,-0.002));
#3283=CARTESIAN_POINT('',(-0.0209555550460048,-0.0399265234053709,-0.002));
#3284=CARTESIAN_POINT('',(-0.022107960777627,-0.0394564688899592,-0.002));
#3285=CARTESIAN_POINT('',(-0.0229883532810647,-0.0391093362330597,-0.002));
#3286=CARTESIAN_POINT('',(-0.0236188962106969,-0.0388624987312099,-0.002));
#3287=CARTESIAN_POINT('',(-0.0242116617300854,-0.0386277280723879,-0.002));
#3288=CARTESIAN_POINT('',(-0.0247606876701492,-0.0384023493921949,-0.002));
#3289=CARTESIAN_POINT('',(-0.0251797157010728,-0.0382183042497911,-0.002));
#3290=CARTESIAN_POINT('',(-0.0254950656273968,-0.0380673348984159,-0.002));
#3291=CARTESIAN_POINT('',(-0.0257241924808223,-0.0379490771692589,-0.002));
#3292=CARTESIAN_POINT('',(-0.0259500988822884,-0.0378205802578455,-0.002));
#3293=CARTESIAN_POINT('',(-0.02618008593935,-0.0376721265259167,-0.002));
#3294=CARTESIAN_POINT('',(-0.0264253027791799,-0.0374840683848498,-0.002));
#3295=CARTESIAN_POINT('',(-0.0266561051865744,-0.037260213093827,-0.002));
#3296=CARTESIAN_POINT('',(-0.026855787727167,-0.0369945955101897,-0.002));
#3297=CARTESIAN_POINT('',(-0.0270042858711991,-0.036733829920861,-0.002));
#3298=CARTESIAN_POINT('',(-0.0271308280527847,-0.0363953157484846,-0.002));
#3299=CARTESIAN_POINT('',(-0.0271976907371328,-0.0359785885867721,-0.002));
#3300=CARTESIAN_POINT('',(-0.0271648517325507,-0.0355214453163282,-0.002));
#3301=CARTESIAN_POINT('',(-0.0270270529797618,-0.0350937234701915,-0.002));
#3302=CARTESIAN_POINT('',(-0.0268235746711462,-0.0347479225314282,-0.002));
#3303=CARTESIAN_POINT('',(-0.0266011887019507,-0.0344919457566109,-0.002));
#3304=CARTESIAN_POINT('',(-0.026386437765033,-0.0343079321024028,-0.002));
#3305=CARTESIAN_POINT('',(-0.026132362901124,-0.034136114887739,-0.002));
#3306=CARTESIAN_POINT('',(-0.025863410640024,-0.0340023239289428,-0.002));
#3307=CARTESIAN_POINT('',(-0.02558029781247,-0.0338947688315108,-0.002));
#3308=CARTESIAN_POINT('',(-0.025311412594414,-0.0338137124370085,-0.002));
#3309=CARTESIAN_POINT('',(-0.0250435731383466,-0.033747335670804,-0.002));
#3310=CARTESIAN_POINT('',(-0.0246786649955747,-0.0336714064520905,-0.002));
#3311=CARTESIAN_POINT('',(-0.0241987214536279,-0.0335928174012809,-0.002));
#3312=CARTESIAN_POINT('',(-0.0235780154754846,-0.03351512113485,-0.002));
#3313=CARTESIAN_POINT('',(-0.0229189575859516,-0.0334507782067623,-0.002));
#3314=CARTESIAN_POINT('',(-0.0222323900057662,-0.0333980484225469,-0.002));
#3315=CARTESIAN_POINT('',(-0.0212979106119562,-0.0333419372934528,-0.002));
#3316=CARTESIAN_POINT('',(-0.0203633675719401,-0.0333057134983967,-0.002));
#3317=CARTESIAN_POINT('',(-0.0194882422230961,-0.0332874721804585,-0.002));
#3318=CARTESIAN_POINT('',(-0.0188763070729807,-0.0332824426972844,-0.002));
#3319=CARTESIAN_POINT('',(-0.0183224231593395,-0.0332858130954573,-0.002));
#3320=CARTESIAN_POINT('',(-0.0179187731290276,-0.0332955822803712,-0.002));
#3321=CARTESIAN_POINT('',(-0.0176320713027418,-0.0333080870959219,-0.002));
#3322=CARTESIAN_POINT('',(-0.0174328960815074,-0.0333203423355731,-0.002));
#3323=CARTESIAN_POINT('',(-0.0172447163590633,-0.0333366213080881,-0.002));
#3324=CARTESIAN_POINT('',(-0.0170480281072547,-0.0333611973976798,-0.002));
#3325=CARTESIAN_POINT('',(-0.0168103032981255,-0.0334070509258776,-0.002));
#3326=CARTESIAN_POINT('',(-0.0164987582548629,-0.0335053448530811,-0.002));
#3327=CARTESIAN_POINT('',(-0.0161609239052631,-0.0336873980211215,-0.002));
#3328=CARTESIAN_POINT('',(-0.0160197858850302,-0.0338009029962386,-0.002));
#3329=CARTESIAN_POINT('',(-0.0159774599998185,-0.0338359840393021,-0.002));
#3330=CARTESIAN_POINT('',(-0.0159774599998184,-0.033835984039303,-0.002));
#3331=CARTESIAN_POINT('',(-0.0159774599998184,-0.033835984039303,4.33680868994202E-19));
#3332=CARTESIAN_POINT('',(-0.0158747130788239,-0.0338923975564419,-0.002));
#3333=CARTESIAN_POINT('',(-0.0158747130788239,-0.0338923975564419,4.33680868994202E-19));
#3334=CARTESIAN_POINT('',(-0.0153606101495534,-0.0341445900043743,-0.002));
#3335=CARTESIAN_POINT('',(-0.0153606101495534,-0.0341445900043743,0.));
#3336=CARTESIAN_POINT('',(-0.014204436456433,-0.0346904833034841,-0.002));
#3337=CARTESIAN_POINT('',(-0.014204436456433,-0.0346904833034841,4.33680868994202E-19));
#3338=CARTESIAN_POINT('',(-0.0128446318219254,-0.0353913993322541,-0.002));
#3339=CARTESIAN_POINT('',(-0.0128446318219254,-0.0353913993322541,-4.33680868994202E-19));
#3340=CARTESIAN_POINT('',(-0.0114697038470497,-0.0362168262538728,-0.002));
#3341=CARTESIAN_POINT('',(-0.0114697038470497,-0.0362168262538728,8.67361737988404E-19));
#3342=CARTESIAN_POINT('',(-0.0101849348998605,-0.037251073542598,-0.002));
#3343=CARTESIAN_POINT('',(-0.0101849348998605,-0.037251073542598,4.33680868994202E-19));
#3344=CARTESIAN_POINT('',(-0.00926772254027021,-0.0384321881102871,-0.002));
#3345=CARTESIAN_POINT('',(-0.00926772254027021,-0.0384321881102871,4.33680868994202E-19));
#3346=CARTESIAN_POINT('',(-0.00867030992231659,-0.0396039104367696,-0.002));
#3347=CARTESIAN_POINT('',(-0.00867030992231659,-0.0396039104367696,8.67361737988404E-19));
#3348=CARTESIAN_POINT('',(-0.00811336167686802,-0.0410586690655226,-0.002));
#3349=CARTESIAN_POINT('',(-0.00811336167686802,-0.0410586690655226,4.33680868994202E-19));
#3350=CARTESIAN_POINT('',(-0.00748749563973534,-0.0426205177496921,-0.002));
#3351=CARTESIAN_POINT('',(-0.00748749563973534,-0.0426205177496921,-4.33680868994202E-19));
#3352=CARTESIAN_POINT('',(-0.00596444131262857,-0.045249756990139,-0.002));
#3353=CARTESIAN_POINT('',(-0.00596444131262857,-0.045249756990139,4.33680868994202E-19));
#3354=CARTESIAN_POINT('',(-0.00471275187948941,-0.0478577789153985,-0.002));
#3355=CARTESIAN_POINT('',(-0.00471275187948941,-0.0478577789153985,8.67361737988404E-19));
#3356=CARTESIAN_POINT('',(-0.00406231045606666,-0.0502104774395658,-0.002));
#3357=CARTESIAN_POINT('',(-0.00406231045606666,-0.0502104774395658,0.));
#3358=CARTESIAN_POINT('',(-0.00387582297674897,-0.0521357660955227,-0.002));
#3359=CARTESIAN_POINT('',(-0.00387582297674897,-0.0521357660955227,8.67361737988404E-19));
#3360=CARTESIAN_POINT('',(-0.00409101596959983,-0.0540652933101871,-0.002));
#3361=CARTESIAN_POINT('',(-0.00409101596959983,-0.0540652933101871,0.));
#3362=CARTESIAN_POINT('',(-0.00482016783836828,-0.0565502573559756,-0.002));
#3363=CARTESIAN_POINT('',(-0.00482016783836828,-0.0565502573559756,1.73472347597681E-18));
#3364=CARTESIAN_POINT('',(-0.00644916695464898,-0.059458661269787,-0.002));
#3365=CARTESIAN_POINT('',(-0.00644916695464898,-0.059458661269787,8.67361737988404E-19));
#3366=CARTESIAN_POINT('',(-0.00924714991279384,-0.06249878102688,-0.002));
#3367=CARTESIAN_POINT('',(-0.00924714991279384,-0.06249878102688,4.33680868994202E-19));
#3368=CARTESIAN_POINT('',(-0.0121663010881027,-0.0645179800156358,-0.002));
#3369=CARTESIAN_POINT('',(-0.0121663010881027,-0.0645179800156358,8.67361737988404E-19));
#3370=CARTESIAN_POINT('',(-0.0145436378794556,-0.0657161669520182,-0.002));
#3371=CARTESIAN_POINT('',(-0.0145436378794556,-0.0657161669520182,4.33680868994202E-19));
#3372=CARTESIAN_POINT('',(-0.0162530415373503,-0.0664166487289545,-0.002));
#3373=CARTESIAN_POINT('',(-0.0162530415373503,-0.0664166487289545,0.));
#3374=CARTESIAN_POINT('',(-0.0175535781118817,-0.066828689175073,-0.002));
#3375=CARTESIAN_POINT('',(-0.0175535781118817,-0.066828689175073,1.30104260698261E-18));
#3376=CARTESIAN_POINT('',(-0.0184964386474239,-0.067051353680824,-0.002));
#3377=CARTESIAN_POINT('',(-0.0184964386474239,-0.067051353680824,0.));
#3378=CARTESIAN_POINT('',(-0.0191570482242648,-0.0671638688585986,-0.002));
#3379=CARTESIAN_POINT('',(-0.0191570482242648,-0.0671638688585986,8.67361737988404E-19));
#3380=CARTESIAN_POINT('',(-0.0197952234780644,-0.0672102008756346,-0.002));
#3381=CARTESIAN_POINT('',(-0.0197952234780644,-0.0672102008756346,8.67361737988404E-19));
#3382=CARTESIAN_POINT('',(-0.0204534053591881,-0.067184300088473,-0.002));
#3383=CARTESIAN_POINT('',(-0.0204534053591881,-0.067184300088473,0.));
#3384=CARTESIAN_POINT('',(-0.0212342690419806,-0.0669253022844623,-0.002));
#3385=CARTESIAN_POINT('',(-0.0212342690419806,-0.0669253022844623,4.33680868994202E-19));
#3386=CARTESIAN_POINT('',(-0.0217872212994987,-0.0664532380961569,-0.002));
#3387=CARTESIAN_POINT('',(-0.0217872212994987,-0.0664532380961569,4.33680868994202E-19));
#3388=CARTESIAN_POINT('',(-0.0221573319812382,-0.0659355228187301,-0.002));
#3389=CARTESIAN_POINT('',(-0.0221573319812382,-0.0659355228187301,8.67361737988404E-19));
#3390=CARTESIAN_POINT('',(-0.0223259218667172,-0.0654469336091814,-0.002));
#3391=CARTESIAN_POINT('',(-0.0223259218667172,-0.0654469336091814,0.));
#3392=CARTESIAN_POINT('',(-0.0223969686251982,-0.065186088694639,-0.002));
#3393=CARTESIAN_POINT('',(-0.0223969686251982,-0.065186088694639,8.67361737988404E-19));
#3394=CARTESIAN_POINT('',(-0.0224716902081914,-0.0649487191309026,-0.002));
#3395=CARTESIAN_POINT('',(-0.0224716902081914,-0.0649487191309026,4.33680868994202E-19));
#3396=CARTESIAN_POINT('',(-0.0225359019975298,-0.0647708649752813,-0.002));
#3397=CARTESIAN_POINT('',(-0.0225359019975298,-0.0647708649752813,4.33680868994202E-19));
#3398=CARTESIAN_POINT('',(-0.0225706952835253,-0.0646833975323017,-0.002));
#3399=CARTESIAN_POINT('',(-0.0225706952835253,-0.0646833975323017,4.33680868994202E-19));
#3400=CARTESIAN_POINT('',(-0.0225706952835253,-0.0646833975323017,-0.002));
#3401=CARTESIAN_POINT('',(-0.0225706952835253,-0.0646833975323017,-0.002));
#3402=CARTESIAN_POINT('',(-0.0159774599998184,-0.033835984039303,-0.002));
#3403=CARTESIAN_POINT('',(-0.0159260865393212,-0.0338641907978725,-0.002));
#3404=CARTESIAN_POINT('',(-0.0157394324150941,-0.0339602809866113,-0.002));
#3405=CARTESIAN_POINT('',(-0.0153139184563814,-0.034164512616967,-0.002));
#3406=CARTESIAN_POINT('',(-0.014783535357486,-0.0344168131989777,-0.002));
#3407=CARTESIAN_POINT('',(-0.0139770798885474,-0.0348079381286832,-0.002));
#3408=CARTESIAN_POINT('',(-0.0130722749446456,-0.0352730254044374,-0.002));
#3409=CARTESIAN_POINT('',(-0.0121555826703256,-0.0358066744532506,-0.002));
#3410=CARTESIAN_POINT('',(-0.0114798368305208,-0.0362444549057728,-0.002));
#3411=CARTESIAN_POINT('',(-0.0109411829030667,-0.0366451456626299,-0.002));
#3412=CARTESIAN_POINT('',(-0.0105289905091644,-0.0369995420088449,-0.002));
#3413=CARTESIAN_POINT('',(-0.0101469071510455,-0.0373659291281883,-0.002));
#3414=CARTESIAN_POINT('',(-0.0097257980616731,-0.0378421991384609,-0.002));
#3415=CARTESIAN_POINT('',(-0.00916843184820297,-0.0386270015436281,-0.002));
#3416=CARTESIAN_POINT('',(-0.00867046051595277,-0.039605331466333,-0.002));
#3417=CARTESIAN_POINT('',(-0.00832148741041106,-0.0405093451121225,-0.002));
#3418=CARTESIAN_POINT('',(-0.00805909062669565,-0.0411957308095615,-0.002));
#3419=CARTESIAN_POINT('',(-0.00789029013231108,-0.0416154739560093,-0.002));
#3420=CARTESIAN_POINT('',(-0.007745238115043,-0.0419502259274163,-0.002));
#3421=CARTESIAN_POINT('',(-0.00759155076780337,-0.0422847337097154,-0.002));
#3422=CARTESIAN_POINT('',(-0.00736573088801811,-0.0427389045974398,-0.002));
#3423=CARTESIAN_POINT('',(-0.00705332046003161,-0.0433286093956664,-0.002));
#3424=CARTESIAN_POINT('',(-0.0065944167259233,-0.0441691794621817,-0.002));
#3425=CARTESIAN_POINT('',(-0.00596803480782412,-0.0453112491607319,-0.002));
#3426=CARTESIAN_POINT('',(-0.0052158425422716,-0.0468131668452991,-0.002));
#3427=CARTESIAN_POINT('',(-0.00466028850751997,-0.0481734078532124,-0.002));
#3428=CARTESIAN_POINT('',(-0.00430646427968301,-0.0493296633804688,-0.002));
#3429=CARTESIAN_POINT('',(-0.00410028390899293,-0.0502317809546171,-0.002));
#3430=CARTESIAN_POINT('',(-0.00396760640899458,-0.0511668422012891,-0.002));
#3431=CARTESIAN_POINT('',(-0.00392619713783183,-0.0521374412665556,-0.002));
#3432=CARTESIAN_POINT('',(-0.00398422337234048,-0.0531022278643326,-0.002));
#3433=CARTESIAN_POINT('',(-0.00418170142326345,-0.0543749488523012,-0.002));
#3434=CARTESIAN_POINT('',(-0.00463798714473775,-0.0559292102096252,-0.002));
#3435=CARTESIAN_POINT('',(-0.0054719100812656,-0.0577140401904642,-0.002));
#3436=CARTESIAN_POINT('',(-0.0065537180988758,-0.0594025161336952,-0.002));
#3437=CARTESIAN_POINT('',(-0.00785140326973331,-0.0609778979539966,-0.002));
#3438=CARTESIAN_POINT('',(-0.00908991305659107,-0.0621809773067919,-0.002));
#3439=CARTESIAN_POINT('',(-0.010161824808684,-0.0630664638523223,-0.002));
#3440=CARTESIAN_POINT('',(-0.0110049218128743,-0.0636902352080927,-0.002));
#3441=CARTESIAN_POINT('',(-0.0118779120101517,-0.0642662146926654,-0.002));
#3442=CARTESIAN_POINT('',(-0.0130587960924474,-0.0649659716928166,-0.002));
#3443=CARTESIAN_POINT('',(-0.0142464185946588,-0.0655664881217769,-0.002));
#3444=CARTESIAN_POINT('',(-0.0153981826067922,-0.0660665745070656,-0.002));
#3445=CARTESIAN_POINT('',(-0.0162343653348721,-0.0663908844061503,-0.002));
#3446=CARTESIAN_POINT('',(-0.0170338455093648,-0.0666637470004661,-0.002));
#3447=CARTESIAN_POINT('',(-0.0177891956262827,-0.0668843492314226,-0.002));
#3448=CARTESIAN_POINT('',(-0.0184963470980668,-0.0670515039573365,-0.002));
#3449=CARTESIAN_POINT('',(-0.0190473178839929,-0.0671446455117536,-0.002));
#3450=CARTESIAN_POINT('',(-0.0194754859004734,-0.0671878522828028,-0.002));
#3451=CARTESIAN_POINT('',(-0.0197966855199178,-0.0672021074497545,-0.002));
#3452=CARTESIAN_POINT('',(-0.0201291195155664,-0.0671926903677892,-0.002));
#3453=CARTESIAN_POINT('',(-0.0204891000194844,-0.0671483029139954,-0.002));
#3454=CARTESIAN_POINT('',(-0.0209137670998527,-0.0670350019294158,-0.002));
#3455=CARTESIAN_POINT('',(-0.0213747261848102,-0.0668057163798122,-0.002));
#3456=CARTESIAN_POINT('',(-0.0217865014547094,-0.066453417003103,-0.002));
#3457=CARTESIAN_POINT('',(-0.0220654646115108,-0.0660658058678762,-0.002));
#3458=CARTESIAN_POINT('',(-0.0222228465773895,-0.0657364913088066,-0.002));
#3459=CARTESIAN_POINT('',(-0.0223098073224579,-0.0654895261987531,-0.002));
#3460=CARTESIAN_POINT('',(-0.0223534630779001,-0.0653419774399465,-0.002));
#3461=CARTESIAN_POINT('',(-0.022380482250402,-0.0652484179187461,-0.002));
#3462=CARTESIAN_POINT('',(-0.0224030797566762,-0.0651708269038943,-0.002));
#3463=CARTESIAN_POINT('',(-0.0224335873771577,-0.0650704870678209,-0.002));
#3464=CARTESIAN_POINT('',(-0.0224881883792483,-0.0649024056989672,-0.002));
#3465=CARTESIAN_POINT('',(-0.0225359019975298,-0.0647708649752813,-0.002));
#3466=CARTESIAN_POINT('',(-0.0225706952835253,-0.0646833975323017,-0.002));
#3467=CARTESIAN_POINT('',(-0.0225706952835253,-0.0646833975323017,-0.002));
#3468=CARTESIAN_POINT('',(-0.0225706952835253,-0.0646833975323017,-4.33680868994202E-19));
#3469=CARTESIAN_POINT('',(-0.0226886909085189,-0.0649661574628321,-0.002));
#3470=CARTESIAN_POINT('',(-0.0226886909085189,-0.0649661574628321,0.));
#3471=CARTESIAN_POINT('',(-0.0230403211362694,-0.0655587852921953,-0.002));
#3472=CARTESIAN_POINT('',(-0.0230403211362694,-0.0655587852921953,-4.33680868994202E-19));
#3473=CARTESIAN_POINT('',(-0.0237905742525962,-0.0662081301515422,-0.002));
#3474=CARTESIAN_POINT('',(-0.0237905742525962,-0.0662081301515422,0.));
#3475=CARTESIAN_POINT('',(-0.0245672366191532,-0.0666405816497287,-0.002));
#3476=CARTESIAN_POINT('',(-0.0245672366191532,-0.0666405816497287,0.));
#3477=CARTESIAN_POINT('',(-0.0256816549081388,-0.0670821159643565,-0.002));
#3478=CARTESIAN_POINT('',(-0.0256816549081388,-0.0670821159643565,-4.33680868994202E-19));
#3479=CARTESIAN_POINT('',(-0.0272351782463943,-0.0674662783103693,-0.002));
#3480=CARTESIAN_POINT('',(-0.0272351782463943,-0.0674662783103693,0.));
#3481=CARTESIAN_POINT('',(-0.0293695567981503,-0.0677832987070283,-0.002));
#3482=CARTESIAN_POINT('',(-0.0293695567981503,-0.0677832987070283,0.));
#3483=CARTESIAN_POINT('',(-0.0317098863683242,-0.0679943643134417,-0.002));
#3484=CARTESIAN_POINT('',(-0.0317098863683242,-0.0679943643134417,0.));
#3485=CARTESIAN_POINT('',(-0.0349921643452253,-0.0681740604894879,-0.002));
#3486=CARTESIAN_POINT('',(-0.0349921643452253,-0.0681740604894879,-8.67361737988404E-19));
#3487=CARTESIAN_POINT('',(-0.039153386376327,-0.0682695994572997,-0.002));
#3488=CARTESIAN_POINT('',(-0.039153386376327,-0.0682695994572997,4.33680868994202E-19));
#3489=CARTESIAN_POINT('',(-0.0434403933246442,-0.0683500286871423,-0.002));
#3490=CARTESIAN_POINT('',(-0.0434403933246442,-0.0683500286871423,0.));
#3491=CARTESIAN_POINT('',(-0.0455683461621921,-0.0685495613232266,-0.002));
#3492=CARTESIAN_POINT('',(-0.0455683461621921,-0.0685495613232266,-4.33680868994202E-19));
#3493=CARTESIAN_POINT('',(-0.0469242436179117,-0.0686712202319159,-0.002));
#3494=CARTESIAN_POINT('',(-0.0469242436179117,-0.0686712202319159,0.));
#3495=CARTESIAN_POINT('',(-0.0479279599860807,-0.0686898608883312,-0.002));
#3496=CARTESIAN_POINT('',(-0.0479279599860807,-0.0686898608883312,4.33680868994202E-19));
#3497=CARTESIAN_POINT('',(-0.0490224057703378,-0.0685251073884079,-0.002));
#3498=CARTESIAN_POINT('',(-0.0490224057703378,-0.0685251073884079,0.));
#3499=CARTESIAN_POINT('',(-0.0497116807872256,-0.0682448119062883,-0.002));
#3500=CARTESIAN_POINT('',(-0.0497116807872256,-0.0682448119062883,-4.33680868994202E-19));
#3501=CARTESIAN_POINT('',(-0.0499817368700436,-0.0681242118909939,-0.002));
#3502=CARTESIAN_POINT('',(-0.0499817368700436,-0.0681242118909939,-4.33680868994202E-19));
#3503=CARTESIAN_POINT('',(-0.0225706952835253,-0.0646833975323017,-0.002));
#3504=CARTESIAN_POINT('',(-0.0226296930960221,-0.0648247774975669,-0.002));
#3505=CARTESIAN_POINT('',(-0.0227367064125442,-0.0650394604259854,-0.002));
#3506=CARTESIAN_POINT('',(-0.0229185847396983,-0.0653180899966675,-0.002));
#3507=CARTESIAN_POINT('',(-0.0230748948881177,-0.0655210530896414,-0.002));
#3508=CARTESIAN_POINT('',(-0.0232465703001487,-0.0657108125132411,-0.002));
#3509=CARTESIAN_POINT('',(-0.0234832359884231,-0.0659371656842849,-0.002));
#3510=CARTESIAN_POINT('',(-0.0237927500379527,-0.0661802159076059,-0.002));
#3511=CARTESIAN_POINT('',(-0.0241775214354792,-0.0664224682780482,-0.002));
#3512=CARTESIAN_POINT('',(-0.0247073055701735,-0.0666968188431891,-0.002));
#3513=CARTESIAN_POINT('',(-0.0254030703537951,-0.0669717618614484,-0.002));
#3514=CARTESIAN_POINT('',(-0.0263020681775343,-0.0672344144099578,-0.002));
#3515=CARTESIAN_POINT('',(-0.0272692035718201,-0.067448585920573,-0.002));
#3516=CARTESIAN_POINT('',(-0.0283023375594003,-0.0676249373514096,-0.002));
#3517=CARTESIAN_POINT('',(-0.0297596233974371,-0.0678183934357082,-0.002));
#3518=CARTESIAN_POINT('',(-0.031709931144368,-0.067994365951389,-0.002));
#3519=CARTESIAN_POINT('',(-0.0341714106969239,-0.0681292296681432,-0.002));
#3520=CARTESIAN_POINT('',(-0.0366573449979269,-0.0682119015479978,-0.002));
#3521=CARTESIAN_POINT('',(-0.0390664079156523,-0.0682650719367138,-0.002));
#3522=CARTESIAN_POINT('',(-0.0412908821084207,-0.0683111899174135,-0.002));
#3523=CARTESIAN_POINT('',(-0.0432246802396332,-0.0683702497137329,-0.002));
#3524=CARTESIAN_POINT('',(-0.0447192933376525,-0.0684669932839675,-0.002));
#3525=CARTESIAN_POINT('',(-0.0459069011030174,-0.0685806660391442,-0.002));
#3526=CARTESIAN_POINT('',(-0.0469237929998509,-0.0686712152617602,-0.002));
#3527=CARTESIAN_POINT('',(-0.0477624504011653,-0.0686861948604671,-0.002));
#3528=CARTESIAN_POINT('',(-0.0484720753442184,-0.0686084917856314,-0.002));
#3529=CARTESIAN_POINT('',(-0.0490122260429343,-0.0684936625740087,-0.002));
#3530=CARTESIAN_POINT('',(-0.0495529218471452,-0.0683118125255251,-0.002));
#3531=CARTESIAN_POINT('',(-0.0498467088286346,-0.0681845118986411,-0.002));
#3532=CARTESIAN_POINT('',(-0.0499817368700436,-0.0681242118909939,-0.002));
#3533=CARTESIAN_POINT('',(-0.0611632551680042,-0.0646373349582932,-0.002));
#3534=CARTESIAN_POINT('',(0.,0.,0.));
#3535=CARTESIAN_POINT('',(-0.0226046315039828,-0.0651957838069898,-0.002));
#3536=CARTESIAN_POINT('',(-0.0226046315039828,-0.0651957838069898,0.));
#3537=CARTESIAN_POINT('',(-0.0227776763251033,-0.0654873958544278,-0.002));
#3538=CARTESIAN_POINT('',(-0.0227776763251033,-0.0654873958544278,0.));
#3539=CARTESIAN_POINT('',(-0.0232484953331072,-0.0660493714539334,-0.002));
#3540=CARTESIAN_POINT('',(-0.0232484953331072,-0.0660493714539334,8.67361737988404E-19));
#3541=CARTESIAN_POINT('',(-0.0240200725258481,-0.0665823518588792,-0.002));
#3542=CARTESIAN_POINT('',(-0.0240200725258481,-0.0665823518588792,-4.33680868994202E-19));
#3543=CARTESIAN_POINT('',(-0.0248273194723071,-0.0669720409480967,-0.002));
#3544=CARTESIAN_POINT('',(-0.0248273194723071,-0.0669720409480967,4.33680868994202E-19));
#3545=CARTESIAN_POINT('',(-0.0259681756455259,-0.0673696625459736,-0.002));
#3546=CARTESIAN_POINT('',(-0.0259681756455259,-0.0673696625459736,-4.33680868994202E-19));
#3547=CARTESIAN_POINT('',(-0.0275431571612141,-0.067724635067744,-0.002));
#3548=CARTESIAN_POINT('',(-0.0275431571612141,-0.067724635067744,1.30104260698261E-18));
#3549=CARTESIAN_POINT('',(-0.0303820907044719,-0.0681144490281516,-0.002));
#3550=CARTESIAN_POINT('',(-0.0303820907044719,-0.0681144490281516,-8.67361737988404E-19));
#3551=CARTESIAN_POINT('',(-0.0343888745131466,-0.0683613974477146,-0.002));
#3552=CARTESIAN_POINT('',(-0.0343888745131466,-0.0683613974477146,0.));
#3553=CARTESIAN_POINT('',(-0.0392490997538074,-0.0684709082840735,-0.002));
#3554=CARTESIAN_POINT('',(-0.0392490997538074,-0.0684709082840735,0.));
#3555=CARTESIAN_POINT('',(-0.0434101731726442,-0.0685510432667532,-0.002));
#3556=CARTESIAN_POINT('',(-0.0434101731726442,-0.0685510432667532,4.33680868994202E-19));
#3557=CARTESIAN_POINT('',(-0.0454915248896414,-0.0687421202968954,-0.002));
#3558=CARTESIAN_POINT('',(-0.0454915248896414,-0.0687421202968954,-8.67361737988404E-19));
#3559=CARTESIAN_POINT('',(-0.0468306278080148,-0.0688649890668134,-0.002));
#3560=CARTESIAN_POINT('',(-0.0468306278080148,-0.0688649890668134,4.33680868994202E-19));
#3561=CARTESIAN_POINT('',(-0.0478289189560496,-0.0688925077240752,-0.002));
#3562=CARTESIAN_POINT('',(-0.0478289189560496,-0.0688925077240752,-1.30104260698261E-18));
#3563=CARTESIAN_POINT('',(-0.0489202474741026,-0.0687579326844783,-0.002));
#3564=CARTESIAN_POINT('',(-0.0489202474741026,-0.0687579326844783,0.));
#3565=CARTESIAN_POINT('',(-0.0496479565489572,-0.0684873098077653,-0.002));
#3566=CARTESIAN_POINT('',(-0.0496479565489572,-0.0684873098077653,0.));
#3567=CARTESIAN_POINT('',(-0.0499327465399716,-0.0683642281581501,-0.002));
#3568=CARTESIAN_POINT('',(-0.0499327465399716,-0.0683642281581501,0.));
#3569=CARTESIAN_POINT('',(-0.0226046315039828,-0.0651957838069898,0.));
#3570=CARTESIAN_POINT('',(-0.0226911539145431,-0.0653415898307088,0.));
#3571=CARTESIAN_POINT('',(-0.0228414981437907,-0.0655575035552423,0.));
#3572=CARTESIAN_POINT('',(-0.0230767681862436,-0.0658229298676365,0.));
#3573=CARTESIAN_POINT('',(-0.0233191263956561,-0.0660597201792146,0.));
#3574=CARTESIAN_POINT('',(-0.0236348232063239,-0.0663134833721066,0.));
#3575=CARTESIAN_POINT('',(-0.024154307691223,-0.0666486786410788,0.));
#3576=CARTESIAN_POINT('',(-0.0248273770193901,-0.0669715249636244,0.));
#3577=CARTESIAN_POINT('',(-0.0256831101141476,-0.0672705635667031,0.));
#3578=CARTESIAN_POINT('',(-0.0265975166570132,-0.0675109418583593,0.));
#3579=CARTESIAN_POINT('',(-0.0278983537827506,-0.0677737568382333,0.));
#3580=CARTESIAN_POINT('',(-0.0296726459349338,-0.0680169887907175,0.));
#3581=CARTESIAN_POINT('',(-0.0319833115717367,-0.0682127800053132,0.));
#3582=CARTESIAN_POINT('',(-0.0343954907527438,-0.0683382088180935,0.));
#3583=CARTESIAN_POINT('',(-0.03682005716642,-0.0684159421414836,0.));
#3584=CARTESIAN_POINT('',(-0.039162922992311,-0.06846698731649,0.));
#3585=CARTESIAN_POINT('',(-0.0413236975653575,-0.0685121824433181,0.));
#3586=CARTESIAN_POINT('',(-0.0432034224486498,-0.0685700350297053,0.));
#3587=CARTESIAN_POINT('',(-0.0446602003174688,-0.0686630944918711,0.));
#3588=CARTESIAN_POINT('',(-0.0458260326410985,-0.0687735352059831,0.));
#3589=CARTESIAN_POINT('',(-0.046830483605933,-0.068864793193348,0.));
#3590=CARTESIAN_POINT('',(-0.0476632170530827,-0.0688879601166651,0.));
#3591=CARTESIAN_POINT('',(-0.0483733881364224,-0.0688251894751294,0.));
#3592=CARTESIAN_POINT('',(-0.0488294820564369,-0.0687397582893687,0.));
#3593=CARTESIAN_POINT('',(-0.0491931146405511,-0.0686415155998091,0.));
#3594=CARTESIAN_POINT('',(-0.0495569963656986,-0.0685217010197532,0.));
#3595=CARTESIAN_POINT('',(-0.0497903515444644,-0.0684257689829577,0.));
#3596=CARTESIAN_POINT('',(-0.0499327465399716,-0.0683642281581501,0.));
#3597=CARTESIAN_POINT('',(-0.0226046315039827,-0.0651957838069897,0.));
#3598=CARTESIAN_POINT('',(-0.0499327465399715,-0.0683642281581501,0.));
#3599=CARTESIAN_POINT('',(-0.0226046315039827,-0.0651957838069897,-0.002));
#3600=CARTESIAN_POINT('',(-0.0226046315039827,-0.0651957838069897,-0.002));
#3601=CARTESIAN_POINT('',(-0.0226046315039828,-0.0651957838069898,-0.002));
#3602=CARTESIAN_POINT('',(-0.0226911539145431,-0.0653415898307088,-0.002));
#3603=CARTESIAN_POINT('',(-0.0228414981437907,-0.0655575035552423,-0.002));
#3604=CARTESIAN_POINT('',(-0.0230767681862436,-0.0658229298676365,-0.002));
#3605=CARTESIAN_POINT('',(-0.0233191263956561,-0.0660597201792146,-0.002));
#3606=CARTESIAN_POINT('',(-0.0236348232063239,-0.0663134833721066,-0.002));
#3607=CARTESIAN_POINT('',(-0.024154307691223,-0.0666486786410788,-0.002));
#3608=CARTESIAN_POINT('',(-0.0248273770193901,-0.0669715249636244,-0.002));
#3609=CARTESIAN_POINT('',(-0.0256831101141476,-0.0672705635667031,-0.002));
#3610=CARTESIAN_POINT('',(-0.0265975166570132,-0.0675109418583593,-0.002));
#3611=CARTESIAN_POINT('',(-0.0278983537827506,-0.0677737568382333,-0.002));
#3612=CARTESIAN_POINT('',(-0.0296726459349338,-0.0680169887907175,-0.002));
#3613=CARTESIAN_POINT('',(-0.0319833115717367,-0.0682127800053132,-0.002));
#3614=CARTESIAN_POINT('',(-0.0343954907527438,-0.0683382088180935,-0.002));
#3615=CARTESIAN_POINT('',(-0.03682005716642,-0.0684159421414836,-0.002));
#3616=CARTESIAN_POINT('',(-0.039162922992311,-0.06846698731649,-0.002));
#3617=CARTESIAN_POINT('',(-0.0413236975653575,-0.0685121824433181,-0.002));
#3618=CARTESIAN_POINT('',(-0.0432034224486498,-0.0685700350297053,-0.002));
#3619=CARTESIAN_POINT('',(-0.0446602003174688,-0.0686630944918711,-0.002));
#3620=CARTESIAN_POINT('',(-0.0458260326410985,-0.0687735352059831,-0.002));
#3621=CARTESIAN_POINT('',(-0.046830483605933,-0.068864793193348,-0.002));
#3622=CARTESIAN_POINT('',(-0.0476632170530827,-0.0688879601166651,-0.002));
#3623=CARTESIAN_POINT('',(-0.0483733881364224,-0.0688251894751294,-0.002));
#3624=CARTESIAN_POINT('',(-0.0488294820564369,-0.0687397582893687,-0.002));
#3625=CARTESIAN_POINT('',(-0.0491931146405511,-0.0686415155998091,-0.002));
#3626=CARTESIAN_POINT('',(-0.0495569963656986,-0.0685217010197532,-0.002));
#3627=CARTESIAN_POINT('',(-0.0497903515444644,-0.0684257689829577,-0.002));
#3628=CARTESIAN_POINT('',(-0.0499327465399716,-0.0683642281581501,-0.002));
#3629=CARTESIAN_POINT('',(-0.0499327465399715,-0.0683642281581501,-0.002));
#3630=CARTESIAN_POINT('',(-0.0499327465399715,-0.0683642281581501,-0.002));
#3631=CARTESIAN_POINT('',(-0.0158651365260203,-0.0336694129065237,-0.002));
#3632=CARTESIAN_POINT('',(-0.0158651365260203,-0.0336694129065237,-8.67361737988404E-19));
#3633=CARTESIAN_POINT('',(-0.0157557172293231,-0.0337284588866118,-0.002));
#3634=CARTESIAN_POINT('',(-0.0157557172293231,-0.0337284588866118,-8.67361737988404E-19));
#3635=CARTESIAN_POINT('',(-0.0152501551464269,-0.0339751801201817,-0.002));
#3636=CARTESIAN_POINT('',(-0.0152501551464269,-0.0339751801201817,4.33680868994202E-19));
#3637=CARTESIAN_POINT('',(-0.0141237650833421,-0.0345079059902818,-0.002));
#3638=CARTESIAN_POINT('',(-0.0141237650833421,-0.0345079059902818,-1.30104260698261E-18));
#3639=CARTESIAN_POINT('',(-0.012798917178887,-0.0351891643372091,-0.002));
#3640=CARTESIAN_POINT('',(-0.012798917178887,-0.0351891643372091,-2.16840434497101E-18));
#3641=CARTESIAN_POINT('',(-0.0114498298082612,-0.0359923170122798,-0.002));
#3642=CARTESIAN_POINT('',(-0.0114498298082612,-0.0359923170122798,4.33680868994202E-19));
#3643=CARTESIAN_POINT('',(-0.0101585788877626,-0.0369986387246463,-0.002));
#3644=CARTESIAN_POINT('',(-0.0101585788877626,-0.0369986387246463,-1.30104260698261E-18));
#3645=CARTESIAN_POINT('',(-0.00919737126998235,-0.0381712566810682,-0.002));
#3646=CARTESIAN_POINT('',(-0.00919737126998235,-0.0381712566810682,-1.30104260698261E-18));
#3647=CARTESIAN_POINT('',(-0.00856638855468976,-0.0393458722024403,-0.002));
#3648=CARTESIAN_POINT('',(-0.00856638855468976,-0.0393458722024403,-8.67361737988404E-19));
#3649=CARTESIAN_POINT('',(-0.008135422727556,-0.040426894781024,-0.002));
#3650=CARTESIAN_POINT('',(-0.008135422727556,-0.040426894781024,-8.67361737988404E-19));
#3651=CARTESIAN_POINT('',(-0.00776454181289705,-0.0414184040086955,-0.002));
#3652=CARTESIAN_POINT('',(-0.00776454181289705,-0.0414184040086955,-1.73472347597681E-18));
#3653=CARTESIAN_POINT('',(-0.0072090528500473,-0.0426664818137833,-0.002));
#3654=CARTESIAN_POINT('',(-0.0072090528500473,-0.0426664818137833,0.));
#3655=CARTESIAN_POINT('',(-0.00603532481540394,-0.0447285148554482,-0.002));
#3656=CARTESIAN_POINT('',(-0.00603532481540394,-0.0447285148554482,-1.30104260698261E-18));
#3657=CARTESIAN_POINT('',(-0.00477431742664212,-0.0472076005577809,-0.002));
#3658=CARTESIAN_POINT('',(-0.00477431742664212,-0.0472076005577809,-1.30104260698261E-18));
#3659=CARTESIAN_POINT('',(-0.0040330153800567,-0.049458466971578,-0.002));
#3660=CARTESIAN_POINT('',(-0.0040330153800567,-0.049458466971578,-4.33680868994202E-19));
#3661=CARTESIAN_POINT('',(-0.00370912558886568,-0.0512948030123659,-0.002));
#3662=CARTESIAN_POINT('',(-0.00370912558886568,-0.0512948030123659,-8.67361737988404E-19));
#3663=CARTESIAN_POINT('',(-0.00375303831332744,-0.0532344035484797,-0.002));
#3664=CARTESIAN_POINT('',(-0.00375303831332744,-0.0532344035484797,-4.33680868994202E-19));
#3665=CARTESIAN_POINT('',(-0.00428063992446221,-0.0557256809510504,-0.002));
#3666=CARTESIAN_POINT('',(-0.00428063992446221,-0.0557256809510504,-8.67361737988404E-19));
#3667=CARTESIAN_POINT('',(-0.00566989076106788,-0.0586677766696134,-0.002));
#3668=CARTESIAN_POINT('',(-0.00566989076106788,-0.0586677766696134,-1.73472347597681E-18));
#3669=CARTESIAN_POINT('',(-0.00820149320895125,-0.0617839530050905,-0.002));
#3670=CARTESIAN_POINT('',(-0.00820149320895125,-0.0617839530050905,0.));
#3671=CARTESIAN_POINT('',(-0.0109031893451618,-0.0639473919640713,-0.002));
#3672=CARTESIAN_POINT('',(-0.0109031893451618,-0.0639473919640713,-8.67361737988404E-19));
#3673=CARTESIAN_POINT('',(-0.0132354503909593,-0.0652975049810482,-0.002));
#3674=CARTESIAN_POINT('',(-0.0132354503909593,-0.0652975049810482,-8.67361737988404E-19));
#3675=CARTESIAN_POINT('',(-0.0149637845873597,-0.0661197931797742,-0.002));
#3676=CARTESIAN_POINT('',(-0.0149637845873597,-0.0661197931797742,-4.33680868994202E-19));
#3677=CARTESIAN_POINT('',(-0.0166051070822773,-0.0667509562787688,-0.002));
#3678=CARTESIAN_POINT('',(-0.0166051070822773,-0.0667509562787688,-4.33680868994202E-19));
#3679=CARTESIAN_POINT('',(-0.0178444788283106,-0.0671141159189271,-0.002));
#3680=CARTESIAN_POINT('',(-0.0178444788283106,-0.0671141159189271,4.33680868994202E-19));
#3681=CARTESIAN_POINT('',(-0.0187476880610161,-0.06730260133936,-0.002));
#3682=CARTESIAN_POINT('',(-0.0187476880610161,-0.06730260133936,-8.67361737988404E-19));
#3683=CARTESIAN_POINT('',(-0.0193933867300604,-0.0673901054204211,-0.002));
#3684=CARTESIAN_POINT('',(-0.0193933867300604,-0.0673901054204211,-4.33680868994202E-19));
#3685=CARTESIAN_POINT('',(-0.0200331450332193,-0.0674105344229174,-0.002));
#3686=CARTESIAN_POINT('',(-0.0200331450332193,-0.0674105344229174,-8.67361737988404E-19));
#3687=CARTESIAN_POINT('',(-0.0206669443000651,-0.0673376508174967,-0.002));
#3688=CARTESIAN_POINT('',(-0.0206669443000651,-0.0673376508174967,-4.33680868994202E-19));
#3689=CARTESIAN_POINT('',(-0.0213086926855871,-0.0670782169309836,-0.002));
#3690=CARTESIAN_POINT('',(-0.0213086926855871,-0.0670782169309836,-8.67361737988404E-19));
#3691=CARTESIAN_POINT('',(-0.0217756790898272,-0.0667480097623845,-0.002));
#3692=CARTESIAN_POINT('',(-0.0217756790898272,-0.0667480097623845,-8.67361737988404E-19));
#3693=CARTESIAN_POINT('',(-0.0221310884336147,-0.0663389099663069,-0.002));
#3694=CARTESIAN_POINT('',(-0.0221310884336147,-0.0663389099663069,-8.67361737988404E-19));
#3695=CARTESIAN_POINT('',(-0.0224152211426821,-0.0658324645203471,-0.002));
#3696=CARTESIAN_POINT('',(-0.0224152211426821,-0.0658324645203471,-1.30104260698261E-18));
#3697=CARTESIAN_POINT('',(-0.0225413643136818,-0.0654135910796571,-0.002));
#3698=CARTESIAN_POINT('',(-0.0225413643136818,-0.0654135910796571,-4.33680868994202E-19));
#3699=CARTESIAN_POINT('',(-0.0225816725007531,-0.0652714203406469,-0.002));
#3700=CARTESIAN_POINT('',(-0.0225816725007531,-0.0652714203406469,-8.67361737988404E-19));
#3701=CARTESIAN_POINT('',(-0.0226046315039827,-0.0651957838069897,-0.002));
#3702=CARTESIAN_POINT('',(-0.0226046315039827,-0.0651957838069897,-8.67361737988404E-19));
#3703=CARTESIAN_POINT('',(-0.0158651365260203,-0.0336694129065237,0.));
#3704=CARTESIAN_POINT('',(-0.0158104268776717,-0.0336989358965677,0.));
#3705=CARTESIAN_POINT('',(-0.0156235919771771,-0.0337941606883326,0.));
#3706=CARTESIAN_POINT('',(-0.0150657823537468,-0.0340615904378586,0.));
#3707=CARTESIAN_POINT('',(-0.0141222087799457,-0.0345091944696985,0.));
#3708=CARTESIAN_POINT('',(-0.0130210351886515,-0.0350741331684775,0.));
#3709=CARTESIAN_POINT('',(-0.0121223267080139,-0.0355931615784997,0.));
#3710=CARTESIAN_POINT('',(-0.0114556792767631,-0.0360192512596625,0.));
#3711=CARTESIAN_POINT('',(-0.0108117714846275,-0.036486904493825,0.));
#3712=CARTESIAN_POINT('',(-0.0101982891290111,-0.0370212531375771,0.));
#3713=CARTESIAN_POINT('',(-0.00967658862862189,-0.0375862115477996,0.));
#3714=CARTESIAN_POINT('',(-0.00909300319585283,-0.0383663181561934,0.));
#3715=CARTESIAN_POINT('',(-0.00856615940016965,-0.0393459229836593,0.));
#3716=CARTESIAN_POINT('',(-0.00820714211721935,-0.0402472797860399,0.));
#3717=CARTESIAN_POINT('',(-0.00795022294787662,-0.0409216394560123,0.));
#3718=CARTESIAN_POINT('',(-0.00775887848156528,-0.0414106631472785,0.));
#3719=CARTESIAN_POINT('',(-0.00758962824339928,-0.0418106781355394,0.));
#3720=CARTESIAN_POINT('',(-0.00744198325442723,-0.0421305945196966,0.));
#3721=CARTESIAN_POINT('',(-0.00727643516550652,-0.0424710509712707,0.));
#3722=CARTESIAN_POINT('',(-0.00704167676862024,-0.0429264398830562,0.));
#3723=CARTESIAN_POINT('',(-0.00661787869166185,-0.0437124520932845,0.));
#3724=CARTESIAN_POINT('',(-0.00602250446823421,-0.0447897762866173,0.));
#3725=CARTESIAN_POINT('',(-0.00528024225819725,-0.0462154599244034,0.));
#3726=CARTESIAN_POINT('',(-0.00458876269789617,-0.0477701527130578,0.));
#3727=CARTESIAN_POINT('',(-0.00412513575998656,-0.0491780513827696,0.));
#3728=CARTESIAN_POINT('',(-0.00387209260448903,-0.0503749709983574,0.));
#3729=CARTESIAN_POINT('',(-0.00375534402960274,-0.0513065759766599,0.));
#3730=CARTESIAN_POINT('',(-0.00372908732594684,-0.0522708076645248,0.));
#3731=CARTESIAN_POINT('',(-0.00379738985925164,-0.0532243231858741,0.));
#3732=CARTESIAN_POINT('',(-0.00395137160090065,-0.0541671783986722,0.));
#3733=CARTESIAN_POINT('',(-0.00426306249194244,-0.0554034850808765,0.));
#3734=CARTESIAN_POINT('',(-0.00483642121587989,-0.0569036652502162,0.));
#3735=CARTESIAN_POINT('',(-0.00577729884028525,-0.0586156586220727,0.));
#3736=CARTESIAN_POINT('',(-0.00693822943334287,-0.0602260217523749,0.));
#3737=CARTESIAN_POINT('',(-0.008291824951827,-0.0617196853865276,0.));
#3738=CARTESIAN_POINT('',(-0.00956018993249303,-0.062852368520553,0.));
#3739=CARTESIAN_POINT('',(-0.0106483606281959,-0.0636818196970483,0.));
#3740=CARTESIAN_POINT('',(-0.0117812642858826,-0.0644546364233849,0.));
#3741=CARTESIAN_POINT('',(-0.0132342675562812,-0.0652971792912672,0.));
#3742=CARTESIAN_POINT('',(-0.0146758003434474,-0.0659827701380488,0.));
#3743=CARTESIAN_POINT('',(-0.015784553781876,-0.0664353948827155,0.));
#3744=CARTESIAN_POINT('',(-0.0165857035302999,-0.0667265528191858,0.));
#3745=CARTESIAN_POINT('',(-0.0173491981909106,-0.0669687599823493,0.));
#3746=CARTESIAN_POINT('',(-0.018070071177045,-0.067161255291089,0.));
#3747=CARTESIAN_POINT('',(-0.0187480598377709,-0.0673026213516598,0.));
#3748=CARTESIAN_POINT('',(-0.0192847679583644,-0.0673754430204166,0.));
#3749=CARTESIAN_POINT('',(-0.0197149957146287,-0.0674004570148991,0.));
#3750=CARTESIAN_POINT('',(-0.0200490315081296,-0.0673977111632816,0.));
#3751=CARTESIAN_POINT('',(-0.0204085492692257,-0.0673640155404778,0.));
#3752=CARTESIAN_POINT('',(-0.0208286911710355,-0.0672735408845732,0.));
#3753=CARTESIAN_POINT('',(-0.0213083289113292,-0.0670780114953515,0.));
#3754=CARTESIAN_POINT('',(-0.0217758244122697,-0.0667480829662078,0.));
#3755=CARTESIAN_POINT('',(-0.0221308709181033,-0.0663388225866455,0.));
#3756=CARTESIAN_POINT('',(-0.0223449127050187,-0.0659593521966586,0.));
#3757=CARTESIAN_POINT('',(-0.02246299696818,-0.0656638972644454,0.));
#3758=CARTESIAN_POINT('',(-0.0225303323228455,-0.0654511678331259,0.));
#3759=CARTESIAN_POINT('',(-0.0225729500979363,-0.0653023699013061,0.));
#3760=CARTESIAN_POINT('',(-0.0225931520023679,-0.0652336020738183,0.));
#3761=CARTESIAN_POINT('',(-0.0226046315039827,-0.0651957838069897,0.));
#3762=CARTESIAN_POINT('',(-0.0158651365260201,-0.0336694129065234,0.));
#3763=CARTESIAN_POINT('',(-0.0158651365260201,-0.0336694129065234,-0.002));
#3764=CARTESIAN_POINT('',(-0.0158651365260201,-0.0336694129065234,-0.002));
#3765=CARTESIAN_POINT('',(-0.0158651365260203,-0.0336694129065237,-0.002));
#3766=CARTESIAN_POINT('',(-0.0158104268776717,-0.0336989358965677,-0.002));
#3767=CARTESIAN_POINT('',(-0.0156235919771771,-0.0337941606883326,-0.002));
#3768=CARTESIAN_POINT('',(-0.0150657823537468,-0.0340615904378586,-0.002));
#3769=CARTESIAN_POINT('',(-0.0141222087799457,-0.0345091944696985,-0.002));
#3770=CARTESIAN_POINT('',(-0.0130210351886515,-0.0350741331684775,-0.002));
#3771=CARTESIAN_POINT('',(-0.0121223267080139,-0.0355931615784997,-0.002));
#3772=CARTESIAN_POINT('',(-0.0114556792767631,-0.0360192512596625,-0.002));
#3773=CARTESIAN_POINT('',(-0.0108117714846275,-0.036486904493825,-0.002));
#3774=CARTESIAN_POINT('',(-0.0101982891290111,-0.0370212531375771,-0.002));
#3775=CARTESIAN_POINT('',(-0.00967658862862189,-0.0375862115477996,-0.002));
#3776=CARTESIAN_POINT('',(-0.00909300319585283,-0.0383663181561934,-0.002));
#3777=CARTESIAN_POINT('',(-0.00856615940016965,-0.0393459229836593,-0.002));
#3778=CARTESIAN_POINT('',(-0.00820714211721935,-0.0402472797860399,-0.002));
#3779=CARTESIAN_POINT('',(-0.00795022294787662,-0.0409216394560123,-0.002));
#3780=CARTESIAN_POINT('',(-0.00775887848156528,-0.0414106631472785,-0.002));
#3781=CARTESIAN_POINT('',(-0.00758962824339928,-0.0418106781355394,-0.002));
#3782=CARTESIAN_POINT('',(-0.00744198325442723,-0.0421305945196966,-0.002));
#3783=CARTESIAN_POINT('',(-0.00727643516550652,-0.0424710509712707,-0.002));
#3784=CARTESIAN_POINT('',(-0.00704167676862024,-0.0429264398830562,-0.002));
#3785=CARTESIAN_POINT('',(-0.00661787869166185,-0.0437124520932845,-0.002));
#3786=CARTESIAN_POINT('',(-0.00602250446823421,-0.0447897762866173,-0.002));
#3787=CARTESIAN_POINT('',(-0.00528024225819725,-0.0462154599244034,-0.002));
#3788=CARTESIAN_POINT('',(-0.00458876269789617,-0.0477701527130578,-0.002));
#3789=CARTESIAN_POINT('',(-0.00412513575998656,-0.0491780513827696,-0.002));
#3790=CARTESIAN_POINT('',(-0.00387209260448903,-0.0503749709983574,-0.002));
#3791=CARTESIAN_POINT('',(-0.00375534402960274,-0.0513065759766599,-0.002));
#3792=CARTESIAN_POINT('',(-0.00372908732594684,-0.0522708076645248,-0.002));
#3793=CARTESIAN_POINT('',(-0.00379738985925164,-0.0532243231858741,-0.002));
#3794=CARTESIAN_POINT('',(-0.00395137160090065,-0.0541671783986722,-0.002));
#3795=CARTESIAN_POINT('',(-0.00426306249194244,-0.0554034850808765,-0.002));
#3796=CARTESIAN_POINT('',(-0.00483642121587989,-0.0569036652502162,-0.002));
#3797=CARTESIAN_POINT('',(-0.00577729884028525,-0.0586156586220727,-0.002));
#3798=CARTESIAN_POINT('',(-0.00693822943334287,-0.0602260217523749,-0.002));
#3799=CARTESIAN_POINT('',(-0.008291824951827,-0.0617196853865276,-0.002));
#3800=CARTESIAN_POINT('',(-0.00956018993249303,-0.062852368520553,-0.002));
#3801=CARTESIAN_POINT('',(-0.0106483606281959,-0.0636818196970483,-0.002));
#3802=CARTESIAN_POINT('',(-0.0117812642858826,-0.0644546364233849,-0.002));
#3803=CARTESIAN_POINT('',(-0.0132342675562812,-0.0652971792912672,-0.002));
#3804=CARTESIAN_POINT('',(-0.0146758003434474,-0.0659827701380488,-0.002));
#3805=CARTESIAN_POINT('',(-0.015784553781876,-0.0664353948827155,-0.002));
#3806=CARTESIAN_POINT('',(-0.0165857035302999,-0.0667265528191858,-0.002));
#3807=CARTESIAN_POINT('',(-0.0173491981909106,-0.0669687599823493,-0.002));
#3808=CARTESIAN_POINT('',(-0.018070071177045,-0.067161255291089,-0.002));
#3809=CARTESIAN_POINT('',(-0.0187480598377709,-0.0673026213516598,-0.002));
#3810=CARTESIAN_POINT('',(-0.0192847679583644,-0.0673754430204166,-0.002));
#3811=CARTESIAN_POINT('',(-0.0197149957146287,-0.0674004570148991,-0.002));
#3812=CARTESIAN_POINT('',(-0.0200490315081296,-0.0673977111632816,-0.002));
#3813=CARTESIAN_POINT('',(-0.0204085492692257,-0.0673640155404778,-0.002));
#3814=CARTESIAN_POINT('',(-0.0208286911710355,-0.0672735408845732,-0.002));
#3815=CARTESIAN_POINT('',(-0.0213083289113292,-0.0670780114953515,-0.002));
#3816=CARTESIAN_POINT('',(-0.0217758244122697,-0.0667480829662078,-0.002));
#3817=CARTESIAN_POINT('',(-0.0221308709181033,-0.0663388225866455,-0.002));
#3818=CARTESIAN_POINT('',(-0.0223449127050187,-0.0659593521966586,-0.002));
#3819=CARTESIAN_POINT('',(-0.02246299696818,-0.0656638972644454,-0.002));
#3820=CARTESIAN_POINT('',(-0.0225303323228455,-0.0654511678331259,-0.002));
#3821=CARTESIAN_POINT('',(-0.0225729500979363,-0.0653023699013061,-0.002));
#3822=CARTESIAN_POINT('',(-0.0225931520023679,-0.0652336020738183,-0.002));
#3823=CARTESIAN_POINT('',(-0.0226046315039827,-0.0651957838069897,-0.002));
#3824=CARTESIAN_POINT('',(-0.0172822216398564,-0.0552035391982322,-0.002));
#3825=CARTESIAN_POINT('',(-0.0172822216398564,-0.0552035391982322,8.67361737988404E-19));
#3826=CARTESIAN_POINT('',(-0.0164546939183709,-0.0540799867913328,-0.002));
#3827=CARTESIAN_POINT('',(-0.0164546939183709,-0.0540799867913328,8.67361737988404E-19));
#3828=CARTESIAN_POINT('',(-0.0150140250829597,-0.0517229669624902,-0.002));
#3829=CARTESIAN_POINT('',(-0.0150140250829597,-0.0517229669624902,0.));
#3830=CARTESIAN_POINT('',(-0.0142139847935568,-0.0488735936585556,-0.002));
#3831=CARTESIAN_POINT('',(-0.0142139847935568,-0.0488735936585556,1.30104260698261E-18));
#3832=CARTESIAN_POINT('',(-0.0141853005526036,-0.0469275015543712,-0.002));
#3833=CARTESIAN_POINT('',(-0.0141853005526036,-0.0469275015543712,0.));
#3834=CARTESIAN_POINT('',(-0.0146623892861664,-0.0451550649431016,-0.002));
#3835=CARTESIAN_POINT('',(-0.0146623892861664,-0.0451550649431016,4.33680868994202E-19));
#3836=CARTESIAN_POINT('',(-0.0156831563439929,-0.043507331729917,-0.002));
#3837=CARTESIAN_POINT('',(-0.0156831563439929,-0.043507331729917,1.30104260698261E-18));
#3838=CARTESIAN_POINT('',(-0.0173067298381391,-0.0419941958604041,-0.002));
#3839=CARTESIAN_POINT('',(-0.0173067298381391,-0.0419941958604041,8.67361737988404E-19));
#3840=CARTESIAN_POINT('',(-0.0193547733476111,-0.0408599058005154,-0.002));
#3841=CARTESIAN_POINT('',(-0.0193547733476111,-0.0408599058005154,0.));
#3842=CARTESIAN_POINT('',(-0.0211848458160159,-0.0400469995916136,-0.002));
#3843=CARTESIAN_POINT('',(-0.0211848458160159,-0.0400469995916136,8.67361737988404E-19));
#3844=CARTESIAN_POINT('',(-0.0225449390764527,-0.039496146539814,-0.002));
#3845=CARTESIAN_POINT('',(-0.0225449390764527,-0.039496146539814,8.67361737988404E-19));
#3846=CARTESIAN_POINT('',(-0.0236079075166608,-0.0390826340929033,-0.002));
#3847=CARTESIAN_POINT('',(-0.0236079075166608,-0.0390826340929033,-4.33680868994202E-19));
#3848=CARTESIAN_POINT('',(-0.0243836264763947,-0.0387740721608396,-0.002));
#3849=CARTESIAN_POINT('',(-0.0243836264763947,-0.0387740721608396,1.73472347597681E-18));
#3850=CARTESIAN_POINT('',(-0.0249237019938123,-0.0385503710677632,-0.002));
#3851=CARTESIAN_POINT('',(-0.0249237019938123,-0.0385503710677632,0.));
#3852=CARTESIAN_POINT('',(-0.0254215394968777,-0.03832867060247,-0.002));
#3853=CARTESIAN_POINT('',(-0.0254215394968777,-0.03832867060247,4.33680868994202E-19));
#3854=CARTESIAN_POINT('',(-0.0258869461396344,-0.0380936470539852,-0.002));
#3855=CARTESIAN_POINT('',(-0.0258869461396344,-0.0380936470539852,4.33680868994202E-19));
#3856=CARTESIAN_POINT('',(-0.0262741483354702,-0.0378588504545072,-0.002));
#3857=CARTESIAN_POINT('',(-0.0262741483354702,-0.0378588504545072,1.30104260698261E-18));
#3858=CARTESIAN_POINT('',(-0.0266305509099278,-0.0375714053795667,-0.002));
#3859=CARTESIAN_POINT('',(-0.0266305509099278,-0.0375714053795667,1.30104260698261E-18));
#3860=CARTESIAN_POINT('',(-0.0269371395366365,-0.0372464064897759,-0.002));
#3861=CARTESIAN_POINT('',(-0.0269371395366365,-0.0372464064897759,1.30104260698261E-18));
#3862=CARTESIAN_POINT('',(-0.0272788740144445,-0.0366993489476194,-0.002));
#3863=CARTESIAN_POINT('',(-0.0272788740144445,-0.0366993489476194,8.67361737988404E-19));
#3864=CARTESIAN_POINT('',(-0.0274619366669797,-0.0357568303419135,-0.002));
#3865=CARTESIAN_POINT('',(-0.0274619366669797,-0.0357568303419135,8.67361737988404E-19));
#3866=CARTESIAN_POINT('',(-0.0271393770988876,-0.0347706197630678,-0.002));
#3867=CARTESIAN_POINT('',(-0.0271393770988876,-0.0347706197630678,8.67361737988404E-19));
#3868=CARTESIAN_POINT('',(-0.0266244273399055,-0.0342186956445295,-0.002));
#3869=CARTESIAN_POINT('',(-0.0266244273399055,-0.0342186956445295,8.67361737988404E-19));
#3870=CARTESIAN_POINT('',(-0.0262110933944465,-0.0339474884541844,-0.002));
#3871=CARTESIAN_POINT('',(-0.0262110933944465,-0.0339474884541844,1.73472347597681E-18));
#3872=CARTESIAN_POINT('',(-0.0257718925200344,-0.0337417475749885,-0.002));
#3873=CARTESIAN_POINT('',(-0.0257718925200344,-0.0337417475749885,-8.67361737988404E-19));
#3874=CARTESIAN_POINT('',(-0.0253140229191781,-0.0336016490234163,-0.002));
#3875=CARTESIAN_POINT('',(-0.0253140229191781,-0.0336016490234163,1.73472347597681E-18));
#3876=CARTESIAN_POINT('',(-0.0247652218220022,-0.0334817736872435,-0.002));
#3877=CARTESIAN_POINT('',(-0.0247652218220022,-0.0334817736872435,0.));
#3878=CARTESIAN_POINT('',(-0.0241822929451905,-0.0333885817278339,-0.002));
#3879=CARTESIAN_POINT('',(-0.0241822929451905,-0.0333885817278339,8.67361737988404E-19));
#3880=CARTESIAN_POINT('',(-0.0235582569202954,-0.0333117915972093,-0.002));
#3881=CARTESIAN_POINT('',(-0.0235582569202954,-0.0333117915972093,8.67361737988404E-19));
#3882=CARTESIAN_POINT('',(-0.0226788337806671,-0.0332271868920621,-0.002));
#3883=CARTESIAN_POINT('',(-0.0226788337806671,-0.0332271868920621,0.));
#3884=CARTESIAN_POINT('',(-0.0215155321168535,-0.033150012317794,-0.002));
#3885=CARTESIAN_POINT('',(-0.0215155321168535,-0.033150012317794,8.67361737988404E-19));
#3886=CARTESIAN_POINT('',(-0.0201221482987338,-0.0330964797778415,-0.002));
#3887=CARTESIAN_POINT('',(-0.0201221482987338,-0.0330964797778415,1.30104260698261E-18));
#3888=CARTESIAN_POINT('',(-0.0190601644720303,-0.0330813464657259,-0.002));
#3889=CARTESIAN_POINT('',(-0.0190601644720303,-0.0330813464657259,4.33680868994202E-19));
#3890=CARTESIAN_POINT('',(-0.0183236455045889,-0.0330858056058885,-0.002));
#3891=CARTESIAN_POINT('',(-0.0183236455045889,-0.0330858056058885,8.67361737988404E-19));
#3892=CARTESIAN_POINT('',(-0.0178396701898858,-0.0330973309923402,-0.002));
#3893=CARTESIAN_POINT('',(-0.0178396701898858,-0.0330973309923402,0.));
#3894=CARTESIAN_POINT('',(-0.0174194112185733,-0.0331186340073078,-0.002));
#3895=CARTESIAN_POINT('',(-0.0174194112185733,-0.0331186340073078,4.33680868994202E-19));
#3896=CARTESIAN_POINT('',(-0.0170635911221335,-0.0331530159632514,-0.002));
#3897=CARTESIAN_POINT('',(-0.0170635911221335,-0.0331530159632514,4.33680868994202E-19));
#3898=CARTESIAN_POINT('',(-0.0164756676105905,-0.0332581243816284,-0.002));
#3899=CARTESIAN_POINT('',(-0.0164756676105905,-0.0332581243816284,1.30104260698261E-18));
#3900=CARTESIAN_POINT('',(-0.0159679057916715,-0.033585552226202,-0.002));
#3901=CARTESIAN_POINT('',(-0.0159679057916715,-0.033585552226202,4.33680868994202E-19));
#3902=CARTESIAN_POINT('',(-0.0158651365260204,-0.0336694129065231,-0.002));
#3903=CARTESIAN_POINT('',(-0.0158651365260204,-0.0336694129065231,4.33680868994202E-19));
#3904=CARTESIAN_POINT('',(-0.0172822216398564,-0.0552035391982322,0.));
#3905=CARTESIAN_POINT('',(-0.0168684577791137,-0.0546417629947825,0.));
#3906=CARTESIAN_POINT('',(-0.0161975360955557,-0.053638310884907,0.));
#3907=CARTESIAN_POINT('',(-0.0153957703053916,-0.0521602891814779,0.));
#3908=CARTESIAN_POINT('',(-0.0149705100169851,-0.0512184553935562,0.));
#3909=CARTESIAN_POINT('',(-0.0146961858129617,-0.0504799233151202,0.));
#3910=CARTESIAN_POINT('',(-0.0144730399922165,-0.0497653101502111,0.));
#3911=CARTESIAN_POINT('',(-0.0142113002302751,-0.0485511495475993,0.));
#3912=CARTESIAN_POINT('',(-0.0141842778372263,-0.0469270953100075,0.));
#3913=CARTESIAN_POINT('',(-0.0145838464998274,-0.0454497852049965,0.));
#3914=CARTESIAN_POINT('',(-0.0151712277534964,-0.0443325140973521,0.));
#3915=CARTESIAN_POINT('',(-0.0157572988156925,-0.0435244330439608,0.));
#3916=CARTESIAN_POINT('',(-0.0165013214840106,-0.0427483414499788,0.));
#3917=CARTESIAN_POINT('',(-0.0172631577676348,-0.0421339947560668,0.));
#3918=CARTESIAN_POINT('',(-0.0179632805944826,-0.0416677226291194,0.));
#3919=CARTESIAN_POINT('',(-0.0187397653754785,-0.0412069972852648,0.));
#3920=CARTESIAN_POINT('',(-0.0198151988369735,-0.0406557095917091,0.));
#3921=CARTESIAN_POINT('',(-0.0211840935876133,-0.0400472452184318,0.));
#3922=CARTESIAN_POINT('',(-0.0223182161127702,-0.0395879856106736,0.));
#3923=CARTESIAN_POINT('',(-0.0231829439427555,-0.0392479355342964,0.));
#3924=CARTESIAN_POINT('',(-0.0238017786321282,-0.0390055222457742,0.));
#3925=CARTESIAN_POINT('',(-0.0243836371720811,-0.0387740611546631,0.));
#3926=CARTESIAN_POINT('',(-0.0249237178355326,-0.0385503864565823,0.));
#3927=CARTESIAN_POINT('',(-0.0253385075011804,-0.0383655811205724,0.));
#3928=CARTESIAN_POINT('',(-0.0256543459912473,-0.0382112269574676,0.));
#3929=CARTESIAN_POINT('',(-0.0258866737755369,-0.0380881869470272,0.));
#3930=CARTESIAN_POINT('',(-0.0261198717366575,-0.0379511752074464,0.));
#3931=CARTESIAN_POINT('',(-0.0263632066887493,-0.0377874581772964,0.));
#3932=CARTESIAN_POINT('',(-0.026630115791747,-0.0375711233003216,0.));
#3933=CARTESIAN_POINT('',(-0.0268874545483705,-0.0373010753960803,0.));
#3934=CARTESIAN_POINT('',(-0.0271055501900429,-0.036972029770136,0.));
#3935=CARTESIAN_POINT('',(-0.0272592898822578,-0.0366482491076493,0.));
#3936=CARTESIAN_POINT('',(-0.0273718625423201,-0.0362356064214344,0.));
#3937=CARTESIAN_POINT('',(-0.0273972475810121,-0.0357512030205022,0.));
#3938=CARTESIAN_POINT('',(-0.0273051449148826,-0.0352568715748997,0.));
#3939=CARTESIAN_POINT('',(-0.0271149478403323,-0.0348265305072831,0.));
#3940=CARTESIAN_POINT('',(-0.0268789361262239,-0.034495011434682,0.));
#3941=CARTESIAN_POINT('',(-0.0266381338772936,-0.0342536468046808,0.));
#3942=CARTESIAN_POINT('',(-0.0264167082175582,-0.0340832921419652,0.));
#3943=CARTESIAN_POINT('',(-0.0261568359596269,-0.0339217060735233,0.));
#3944=CARTESIAN_POINT('',(-0.0258811694163891,-0.0337927652686013,0.));
#3945=CARTESIAN_POINT('',(-0.0255899620948571,-0.033687372478781,0.));
#3946=CARTESIAN_POINT('',(-0.0253137768787184,-0.0336073013653359,0.));
#3947=CARTESIAN_POINT('',(-0.0250397103291897,-0.0335415591260873,0.));
#3948=CARTESIAN_POINT('',(-0.0246680165106197,-0.0334663296586645,0.));
#3949=CARTESIAN_POINT('',(-0.0241823076394194,-0.0333885511921433,0.));
#3950=CARTESIAN_POINT('',(-0.0235582616805225,-0.0333118020752463,0.));
#3951=CARTESIAN_POINT('',(-0.0228986558304371,-0.0332483266918916,0.));
#3952=CARTESIAN_POINT('',(-0.0222136432954626,-0.0331963520901471,0.));
#3953=CARTESIAN_POINT('',(-0.0212832089533997,-0.0331410713950634,0.));
#3954=CARTESIAN_POINT('',(-0.0203545059035074,-0.0331053935858343,0.));
#3955=CARTESIAN_POINT('',(-0.0194847589397516,-0.0330874189922555,0.));
#3956=CARTESIAN_POINT('',(-0.0188760322093489,-0.0330824603216282,0.));
#3957=CARTESIAN_POINT('',(-0.0183238546508335,-0.0330857901207582,0.));
#3958=CARTESIAN_POINT('',(-0.0179196725465797,-0.0330954599051258,0.));
#3959=CARTESIAN_POINT('',(-0.0176306872273424,-0.0331078959379004,0.));
#3960=CARTESIAN_POINT('',(-0.0174285903250609,-0.0331201276219322,0.));
#3961=CARTESIAN_POINT('',(-0.0172358576587267,-0.0331364765591936,0.));
#3962=CARTESIAN_POINT('',(-0.0170324979523406,-0.0331611889086154,0.));
#3963=CARTESIAN_POINT('',(-0.016783593849609,-0.0332075900482868,0.));
#3964=CARTESIAN_POINT('',(-0.0164535974035595,-0.0333072106510489,0.));
#3965=CARTESIAN_POINT('',(-0.016082302982861,-0.033498346985771,0.));
#3966=CARTESIAN_POINT('',(-0.0159165211588459,-0.0336274825663625,0.));
#3967=CARTESIAN_POINT('',(-0.0158651365260204,-0.0336694129065231,0.));
#3968=CARTESIAN_POINT('',(-0.0172822216398564,-0.0552035391982322,0.));
#3969=CARTESIAN_POINT('',(-0.0172822216398564,-0.0552035391982322,-0.002));
#3970=CARTESIAN_POINT('',(-0.0172822216398564,-0.0552035391982322,-0.002));
#3971=CARTESIAN_POINT('',(-0.0172822216398564,-0.0552035391982322,-0.002));
#3972=CARTESIAN_POINT('',(-0.0168684577791137,-0.0546417629947825,-0.002));
#3973=CARTESIAN_POINT('',(-0.0161975360955557,-0.053638310884907,-0.002));
#3974=CARTESIAN_POINT('',(-0.0153957703053916,-0.0521602891814779,-0.002));
#3975=CARTESIAN_POINT('',(-0.0149705100169851,-0.0512184553935562,-0.002));
#3976=CARTESIAN_POINT('',(-0.0146961858129617,-0.0504799233151202,-0.002));
#3977=CARTESIAN_POINT('',(-0.0144730399922165,-0.0497653101502111,-0.002));
#3978=CARTESIAN_POINT('',(-0.0142113002302751,-0.0485511495475993,-0.002));
#3979=CARTESIAN_POINT('',(-0.0141842778372263,-0.0469270953100075,-0.002));
#3980=CARTESIAN_POINT('',(-0.0145838464998274,-0.0454497852049965,-0.002));
#3981=CARTESIAN_POINT('',(-0.0151712277534964,-0.0443325140973521,-0.002));
#3982=CARTESIAN_POINT('',(-0.0157572988156925,-0.0435244330439608,-0.002));
#3983=CARTESIAN_POINT('',(-0.0165013214840106,-0.0427483414499788,-0.002));
#3984=CARTESIAN_POINT('',(-0.0172631577676348,-0.0421339947560668,-0.002));
#3985=CARTESIAN_POINT('',(-0.0179632805944826,-0.0416677226291194,-0.002));
#3986=CARTESIAN_POINT('',(-0.0187397653754785,-0.0412069972852648,-0.002));
#3987=CARTESIAN_POINT('',(-0.0198151988369735,-0.0406557095917091,-0.002));
#3988=CARTESIAN_POINT('',(-0.0211840935876133,-0.0400472452184318,-0.002));
#3989=CARTESIAN_POINT('',(-0.0223182161127702,-0.0395879856106736,-0.002));
#3990=CARTESIAN_POINT('',(-0.0231829439427555,-0.0392479355342964,-0.002));
#3991=CARTESIAN_POINT('',(-0.0238017786321282,-0.0390055222457742,-0.002));
#3992=CARTESIAN_POINT('',(-0.0243836371720811,-0.0387740611546631,-0.002));
#3993=CARTESIAN_POINT('',(-0.0249237178355326,-0.0385503864565823,-0.002));
#3994=CARTESIAN_POINT('',(-0.0253385075011804,-0.0383655811205724,-0.002));
#3995=CARTESIAN_POINT('',(-0.0256543459912473,-0.0382112269574676,-0.002));
#3996=CARTESIAN_POINT('',(-0.0258866737755369,-0.0380881869470272,-0.002));
#3997=CARTESIAN_POINT('',(-0.0261198717366575,-0.0379511752074464,-0.002));
#3998=CARTESIAN_POINT('',(-0.0263632066887493,-0.0377874581772964,-0.002));
#3999=CARTESIAN_POINT('',(-0.026630115791747,-0.0375711233003216,-0.002));
#4000=CARTESIAN_POINT('',(-0.0268874545483705,-0.0373010753960803,-0.002));
#4001=CARTESIAN_POINT('',(-0.0271055501900429,-0.036972029770136,-0.002));
#4002=CARTESIAN_POINT('',(-0.0272592898822578,-0.0366482491076493,-0.002));
#4003=CARTESIAN_POINT('',(-0.0273718625423201,-0.0362356064214344,-0.002));
#4004=CARTESIAN_POINT('',(-0.0273972475810121,-0.0357512030205022,-0.002));
#4005=CARTESIAN_POINT('',(-0.0273051449148826,-0.0352568715748997,-0.002));
#4006=CARTESIAN_POINT('',(-0.0271149478403323,-0.0348265305072831,-0.002));
#4007=CARTESIAN_POINT('',(-0.0268789361262239,-0.034495011434682,-0.002));
#4008=CARTESIAN_POINT('',(-0.0266381338772936,-0.0342536468046808,-0.002));
#4009=CARTESIAN_POINT('',(-0.0264167082175582,-0.0340832921419652,-0.002));
#4010=CARTESIAN_POINT('',(-0.0261568359596269,-0.0339217060735233,-0.002));
#4011=CARTESIAN_POINT('',(-0.0258811694163891,-0.0337927652686013,-0.002));
#4012=CARTESIAN_POINT('',(-0.0255899620948571,-0.033687372478781,-0.002));
#4013=CARTESIAN_POINT('',(-0.0253137768787184,-0.0336073013653359,-0.002));
#4014=CARTESIAN_POINT('',(-0.0250397103291897,-0.0335415591260873,-0.002));
#4015=CARTESIAN_POINT('',(-0.0246680165106197,-0.0334663296586645,-0.002));
#4016=CARTESIAN_POINT('',(-0.0241823076394194,-0.0333885511921433,-0.002));
#4017=CARTESIAN_POINT('',(-0.0235582616805225,-0.0333118020752463,-0.002));
#4018=CARTESIAN_POINT('',(-0.0228986558304371,-0.0332483266918916,-0.002));
#4019=CARTESIAN_POINT('',(-0.0222136432954626,-0.0331963520901471,-0.002));
#4020=CARTESIAN_POINT('',(-0.0212832089533997,-0.0331410713950634,-0.002));
#4021=CARTESIAN_POINT('',(-0.0203545059035074,-0.0331053935858343,-0.002));
#4022=CARTESIAN_POINT('',(-0.0194847589397516,-0.0330874189922555,-0.002));
#4023=CARTESIAN_POINT('',(-0.0188760322093489,-0.0330824603216282,-0.002));
#4024=CARTESIAN_POINT('',(-0.0183238546508335,-0.0330857901207582,-0.002));
#4025=CARTESIAN_POINT('',(-0.0179196725465797,-0.0330954599051258,-0.002));
#4026=CARTESIAN_POINT('',(-0.0176306872273424,-0.0331078959379004,-0.002));
#4027=CARTESIAN_POINT('',(-0.0174285903250609,-0.0331201276219322,-0.002));
#4028=CARTESIAN_POINT('',(-0.0172358576587267,-0.0331364765591936,-0.002));
#4029=CARTESIAN_POINT('',(-0.0170324979523406,-0.0331611889086154,-0.002));
#4030=CARTESIAN_POINT('',(-0.016783593849609,-0.0332075900482868,-0.002));
#4031=CARTESIAN_POINT('',(-0.0164535974035595,-0.0333072106510489,-0.002));
#4032=CARTESIAN_POINT('',(-0.016082302982861,-0.033498346985771,-0.002));
#4033=CARTESIAN_POINT('',(-0.0159165211588459,-0.0336274825663625,-0.002));
#4034=CARTESIAN_POINT('',(-0.0158651365260204,-0.0336694129065231,-0.002));
#4035=CARTESIAN_POINT('',(-0.0378021595643748,-0.0151076615138425,-0.002));
#4036=CARTESIAN_POINT('',(-0.0378021595643748,-0.0151076615138425,0.));
#4037=CARTESIAN_POINT('',(-0.0380897726439161,-0.015574798230953,-0.002));
#4038=CARTESIAN_POINT('',(-0.0380897726439161,-0.015574798230953,0.));
#4039=CARTESIAN_POINT('',(-0.0386806046961039,-0.0165262843514319,-0.002));
#4040=CARTESIAN_POINT('',(-0.0386806046961039,-0.0165262843514319,4.33680868994202E-19));
#4041=CARTESIAN_POINT('',(-0.0397225163629123,-0.0182698416427666,-0.002));
#4042=CARTESIAN_POINT('',(-0.0397225163629123,-0.0182698416427666,-8.67361737988404E-19));
#4043=CARTESIAN_POINT('',(-0.0403066599699296,-0.0198156894398041,-0.002));
#4044=CARTESIAN_POINT('',(-0.0403066599699296,-0.0198156894398041,1.30104260698261E-18));
#4045=CARTESIAN_POINT('',(-0.0402957446663406,-0.0218285933000441,-0.002));
#4046=CARTESIAN_POINT('',(-0.0402957446663406,-0.0218285933000441,-8.67361737988404E-19));
#4047=CARTESIAN_POINT('',(-0.0398339960344942,-0.0238106071253447,-0.002));
#4048=CARTESIAN_POINT('',(-0.0398339960344942,-0.0238106071253447,0.));
#4049=CARTESIAN_POINT('',(-0.0386778365582243,-0.0264277857504305,-0.002));
#4050=CARTESIAN_POINT('',(-0.0386778365582243,-0.0264277857504305,0.));
#4051=CARTESIAN_POINT('',(-0.0362674898439506,-0.030617434840895,-0.002));
#4052=CARTESIAN_POINT('',(-0.0362674898439506,-0.030617434840895,0.));
#4053=CARTESIAN_POINT('',(-0.0320594035811595,-0.0366405331174505,-0.002));
#4054=CARTESIAN_POINT('',(-0.0320594035811595,-0.0366405331174505,-8.67361737988404E-19));
#4055=CARTESIAN_POINT('',(-0.0262511822333678,-0.0440650128199806,-0.002));
#4056=CARTESIAN_POINT('',(-0.0262511822333678,-0.0440650128199806,4.33680868994202E-19));
#4057=CARTESIAN_POINT('',(-0.0208173239120751,-0.0507089854922493,-0.002));
#4058=CARTESIAN_POINT('',(-0.0208173239120751,-0.0507089854922493,-4.33680868994202E-19));
#4059=CARTESIAN_POINT('',(-0.0181916926012053,-0.0539733638193104,-0.002));
#4060=CARTESIAN_POINT('',(-0.0181916926012053,-0.0539733638193104,0.));
#4061=CARTESIAN_POINT('',(-0.0172822216398564,-0.0552035391982322,-0.002));
#4062=CARTESIAN_POINT('',(-0.0172822216398564,-0.0552035391982322,0.));
#4063=CARTESIAN_POINT('',(-0.0378021595643748,-0.0151076615138425,0.));
#4064=CARTESIAN_POINT('',(-0.0379459661041454,-0.0153412298723978,0.));
#4065=CARTESIAN_POINT('',(-0.0382326784685718,-0.0158073329223903,0.));
#4066=CARTESIAN_POINT('',(-0.0386681513059013,-0.0165126895000865,0.));
#4067=CARTESIAN_POINT('',(-0.0390735301562714,-0.0171800539736377,0.));
#4068=CARTESIAN_POINT('',(-0.0395531742876905,-0.0180340139908092,0.));
#4069=CARTESIAN_POINT('',(-0.0400121472478433,-0.0190557521456515,0.));
#4070=CARTESIAN_POINT('',(-0.0403043108796834,-0.0203157999894973,0.));
#4071=CARTESIAN_POINT('',(-0.0402979406818754,-0.0215760236292039,0.));
#4072=CARTESIAN_POINT('',(-0.0400632975186319,-0.022821945334726,0.));
#4073=CARTESIAN_POINT('',(-0.0397986198775696,-0.0237139322512713,0.));
#4074=CARTESIAN_POINT('',(-0.039504607397919,-0.024499936656693,0.));
#4075=CARTESIAN_POINT('',(-0.039149526165013,-0.0253431645155572,0.));
#4076=CARTESIAN_POINT('',(-0.0385955970553616,-0.0264944744744091,0.));
#4077=CARTESIAN_POINT('',(-0.0377727185815204,-0.0280009722739223,0.));
#4078=CARTESIAN_POINT('',(-0.0364897391417317,-0.0301449688536378,0.));
#4079=CARTESIAN_POINT('',(-0.0345847497846484,-0.0330267943853071,0.));
#4080=CARTESIAN_POINT('',(-0.0319645781576282,-0.036664949780249,0.));
#4081=CARTESIAN_POINT('',(-0.0291548412393532,-0.040353366969063,0.));
#4082=CARTESIAN_POINT('',(-0.0253454966859294,-0.0451724991686416,0.));
#4083=CARTESIAN_POINT('',(-0.0217250710944927,-0.0495981777225011,0.));
#4084=CARTESIAN_POINT('',(-0.0188444288268746,-0.0531633180793721,0.));
#4085=CARTESIAN_POINT('',(-0.0177369571205309,-0.0545884515087713,0.));
#4086=CARTESIAN_POINT('',(-0.0172822216398564,-0.0552035391982322,0.));
#4087=CARTESIAN_POINT('',(-0.0378021595643748,-0.0151076615138425,0.));
#4088=CARTESIAN_POINT('',(-0.0378021595643748,-0.0151076615138425,-0.002));
#4089=CARTESIAN_POINT('',(-0.0378021595643748,-0.0151076615138425,-0.002));
#4090=CARTESIAN_POINT('',(-0.0378021595643748,-0.0151076615138425,-0.002));
#4091=CARTESIAN_POINT('',(-0.0379459661041454,-0.0153412298723978,-0.002));
#4092=CARTESIAN_POINT('',(-0.0382326784685718,-0.0158073329223903,-0.002));
#4093=CARTESIAN_POINT('',(-0.0386681513059013,-0.0165126895000865,-0.002));
#4094=CARTESIAN_POINT('',(-0.0390735301562714,-0.0171800539736377,-0.002));
#4095=CARTESIAN_POINT('',(-0.0395531742876905,-0.0180340139908092,-0.002));
#4096=CARTESIAN_POINT('',(-0.0400121472478433,-0.0190557521456515,-0.002));
#4097=CARTESIAN_POINT('',(-0.0403043108796834,-0.0203157999894973,-0.002));
#4098=CARTESIAN_POINT('',(-0.0402979406818754,-0.0215760236292039,-0.002));
#4099=CARTESIAN_POINT('',(-0.0400632975186319,-0.022821945334726,-0.002));
#4100=CARTESIAN_POINT('',(-0.0397986198775696,-0.0237139322512713,-0.002));
#4101=CARTESIAN_POINT('',(-0.039504607397919,-0.024499936656693,-0.002));
#4102=CARTESIAN_POINT('',(-0.039149526165013,-0.0253431645155572,-0.002));
#4103=CARTESIAN_POINT('',(-0.0385955970553616,-0.0264944744744091,-0.002));
#4104=CARTESIAN_POINT('',(-0.0377727185815204,-0.0280009722739223,-0.002));
#4105=CARTESIAN_POINT('',(-0.0364897391417317,-0.0301449688536378,-0.002));
#4106=CARTESIAN_POINT('',(-0.0345847497846484,-0.0330267943853071,-0.002));
#4107=CARTESIAN_POINT('',(-0.0319645781576282,-0.036664949780249,-0.002));
#4108=CARTESIAN_POINT('',(-0.0291548412393532,-0.040353366969063,-0.002));
#4109=CARTESIAN_POINT('',(-0.0253454966859294,-0.0451724991686416,-0.002));
#4110=CARTESIAN_POINT('',(-0.0217250710944927,-0.0495981777225011,-0.002));
#4111=CARTESIAN_POINT('',(-0.0188444288268746,-0.0531633180793721,-0.002));
#4112=CARTESIAN_POINT('',(-0.0177369571205309,-0.0545884515087713,-0.002));
#4113=CARTESIAN_POINT('',(-0.0172822216398564,-0.0552035391982322,-0.002));
#4114=CARTESIAN_POINT('',(-0.0710097116033215,-0.0193951339273328,-0.002));
#4115=CARTESIAN_POINT('',(-0.0710097116033215,-0.0193951339273328,-1.73472347597681E-18));
#4116=CARTESIAN_POINT('',(-0.0711371531130477,-0.0192977345685098,-0.002));
#4117=CARTESIAN_POINT('',(-0.0711371531130477,-0.0192977345685098,-1.73472347597681E-18));
#4118=CARTESIAN_POINT('',(-0.0714136735485695,-0.0190730210940141,-0.002));
#4119=CARTESIAN_POINT('',(-0.0714136735485695,-0.0190730210940141,-1.73472347597681E-18));
#4120=CARTESIAN_POINT('',(-0.0717980436756549,-0.0184850039848433,-0.002));
#4121=CARTESIAN_POINT('',(-0.0717980436756549,-0.0184850039848433,-2.16840434497101E-18));
#4122=CARTESIAN_POINT('',(-0.0720477944152349,-0.0177232318739659,-0.002));
#4123=CARTESIAN_POINT('',(-0.0720477944152349,-0.0177232318739659,-8.67361737988404E-19));
#4124=CARTESIAN_POINT('',(-0.0720148430578824,-0.0169898011067178,-0.002));
#4125=CARTESIAN_POINT('',(-0.0720148430578824,-0.0169898011067178,-2.60208521396521E-18));
#4126=CARTESIAN_POINT('',(-0.0718321132785852,-0.0163262437561848,-0.002));
#4127=CARTESIAN_POINT('',(-0.0718321132785852,-0.0163262437561848,-8.67361737988404E-19));
#4128=CARTESIAN_POINT('',(-0.071547842001294,-0.0157458928500687,-0.002));
#4129=CARTESIAN_POINT('',(-0.071547842001294,-0.0157458928500687,-1.73472347597681E-18));
#4130=CARTESIAN_POINT('',(-0.0711622881004344,-0.0152103271449779,-0.002));
#4131=CARTESIAN_POINT('',(-0.0711622881004344,-0.0152103271449779,-2.60208521396521E-18));
#4132=CARTESIAN_POINT('',(-0.0706578540267304,-0.0147179460712164,-0.002));
#4133=CARTESIAN_POINT('',(-0.0706578540267304,-0.0147179460712164,-1.30104260698261E-18));
#4134=CARTESIAN_POINT('',(-0.0699482628532518,-0.0142808183511985,-0.002));
#4135=CARTESIAN_POINT('',(-0.0699482628532518,-0.0142808183511985,-1.73472347597681E-18));
#4136=CARTESIAN_POINT('',(-0.0691385564449244,-0.0140604981554596,-0.002));
#4137=CARTESIAN_POINT('',(-0.0691385564449244,-0.0140604981554596,-1.73472347597681E-18));
#4138=CARTESIAN_POINT('',(-0.0684836090221612,-0.0140278146548024,-0.002));
#4139=CARTESIAN_POINT('',(-0.0684836090221612,-0.0140278146548024,-1.73472347597681E-18));
#4140=CARTESIAN_POINT('',(-0.0679395276798018,-0.0140643616493697,-0.002));
#4141=CARTESIAN_POINT('',(-0.0679395276798018,-0.0140643616493697,-8.67361737988404E-19));
#4142=CARTESIAN_POINT('',(-0.0673374103161213,-0.0141443929608132,-0.002));
#4143=CARTESIAN_POINT('',(-0.0673374103161213,-0.0141443929608132,-2.16840434497101E-18));
#4144=CARTESIAN_POINT('',(-0.0667553529084881,-0.0142308369649461,-0.002));
#4145=CARTESIAN_POINT('',(-0.0667553529084881,-0.0142308369649461,-1.73472347597681E-18));
#4146=CARTESIAN_POINT('',(-0.0663223816427056,-0.0142182032485015,-0.002));
#4147=CARTESIAN_POINT('',(-0.0663223816427056,-0.0142182032485015,-1.30104260698261E-18));
#4148=CARTESIAN_POINT('',(-0.0661171027164433,-0.0141663121952199,-0.002));
#4149=CARTESIAN_POINT('',(-0.0661171027164433,-0.0141663121952199,-2.16840434497101E-18));
#4150=CARTESIAN_POINT('',(-0.0655023279571674,-0.0138242140520348,-0.002));
#4151=CARTESIAN_POINT('',(-0.0655023279571674,-0.0138242140520348,-1.73472347597681E-18));
#4152=CARTESIAN_POINT('',(-0.0647090542875385,-0.0131909899040283,-0.002));
#4153=CARTESIAN_POINT('',(-0.0647090542875385,-0.0131909899040283,-1.30104260698261E-18));
#4154=CARTESIAN_POINT('',(-0.0634559487717648,-0.0120686330636237,-0.002));
#4155=CARTESIAN_POINT('',(-0.0634559487717648,-0.0120686330636237,-2.60208521396521E-18));
#4156=CARTESIAN_POINT('',(-0.0619551372192067,-0.0106939241878791,-0.002));
#4157=CARTESIAN_POINT('',(-0.0619551372192067,-0.0106939241878791,-1.73472347597681E-18));
#4158=CARTESIAN_POINT('',(-0.0601483231220306,-0.00939152057353127,-0.002));
#4159=CARTESIAN_POINT('',(-0.0601483231220306,-0.00939152057353127,-2.16840434497101E-18));
#4160=CARTESIAN_POINT('',(-0.0585815345202467,-0.0085301895219123,-0.002));
#4161=CARTESIAN_POINT('',(-0.0585815345202467,-0.0085301895219123,-1.30104260698261E-18));
#4162=CARTESIAN_POINT('',(-0.0568731527858425,-0.00792814158551735,-0.002));
#4163=CARTESIAN_POINT('',(-0.0568731527858425,-0.00792814158551735,-1.73472347597681E-18));
#4164=CARTESIAN_POINT('',(-0.0545502016992592,-0.00745576408017842,-0.002));
#4165=CARTESIAN_POINT('',(-0.0545502016992592,-0.00745576408017842,-2.16840434497101E-18));
#4166=CARTESIAN_POINT('',(-0.0515990287039433,-0.00738044794639604,-0.002));
#4167=CARTESIAN_POINT('',(-0.0515990287039433,-0.00738044794639604,-1.30104260698261E-18));
#4168=CARTESIAN_POINT('',(-0.048198327600851,-0.00789955692788798,-0.002));
#4169=CARTESIAN_POINT('',(-0.048198327600851,-0.00789955692788798,-2.16840434497101E-18));
#4170=CARTESIAN_POINT('',(-0.0440857129968604,-0.00918346362149919,-0.002));
#4171=CARTESIAN_POINT('',(-0.0440857129968604,-0.00918346362149919,-2.16840434497101E-18));
#4172=CARTESIAN_POINT('',(-0.0414396755976798,-0.010885833663877,-0.002));
#4173=CARTESIAN_POINT('',(-0.0414396755976798,-0.010885833663877,8.67361737988404E-19));
#4174=CARTESIAN_POINT('',(-0.0397528359599545,-0.0125818961024673,-0.002));
#4175=CARTESIAN_POINT('',(-0.0397528359599545,-0.0125818961024673,-2.16840434497101E-18));
#4176=CARTESIAN_POINT('',(-0.0391380654937684,-0.0133039550644806,-0.002));
#4177=CARTESIAN_POINT('',(-0.0391380654937684,-0.0133039550644806,-2.60208521396521E-18));
#4178=CARTESIAN_POINT('',(-0.0386756481330025,-0.0139087899683135,-0.002));
#4179=CARTESIAN_POINT('',(-0.0386756481330025,-0.0139087899683135,-1.30104260698261E-18));
#4180=CARTESIAN_POINT('',(-0.0382862118031319,-0.0144468658744672,-0.002));
#4181=CARTESIAN_POINT('',(-0.0382862118031319,-0.0144468658744672,-1.73472347597681E-18));
#4182=CARTESIAN_POINT('',(-0.0379960336759005,-0.0148422540971709,-0.002));
#4183=CARTESIAN_POINT('',(-0.0379960336759005,-0.0148422540971709,-2.16840434497101E-18));
#4184=CARTESIAN_POINT('',(-0.0378021595643748,-0.0151076615138425,-0.002));
#4185=CARTESIAN_POINT('',(-0.0378021595643748,-0.0151076615138425,-2.16840434497101E-18));
#4186=CARTESIAN_POINT('',(-0.0710097116033215,-0.0193951339273328,0.));
#4187=CARTESIAN_POINT('',(-0.0710734323581846,-0.0193464342479213,0.));
#4188=CARTESIAN_POINT('',(-0.0712253640176154,-0.0192238343290046,0.));
#4189=CARTESIAN_POINT('',(-0.0715111217281538,-0.0189264494938574,0.));
#4190=CARTESIAN_POINT('',(-0.0717490066699781,-0.0185562991025643,0.));
#4191=CARTESIAN_POINT('',(-0.0718932124050587,-0.0182032255455027,0.));
#4192=CARTESIAN_POINT('',(-0.071993394361331,-0.0178311016283885,0.));
#4193=CARTESIAN_POINT('',(-0.0720285998959981,-0.017427865513617,0.));
#4194=CARTESIAN_POINT('',(-0.0719983138269705,-0.0170170154680736,0.));
#4195=CARTESIAN_POINT('',(-0.07192401499294,-0.0166594388245601,0.));
#4196=CARTESIAN_POINT('',(-0.0717844700170225,-0.0162287156792204,0.));
#4197=CARTESIAN_POINT('',(-0.0715475403158911,-0.0157460372180309,0.));
#4198=CARTESIAN_POINT('',(-0.0712277168554671,-0.0152999579178847,0.));
#4199=CARTESIAN_POINT('',(-0.0709080258118619,-0.0149634420547996,0.));
#4200=CARTESIAN_POINT('',(-0.0706309666472171,-0.0147241231531198,0.));
#4201=CARTESIAN_POINT('',(-0.0703635566577674,-0.0145398497869891,0.));
#4202=CARTESIAN_POINT('',(-0.0701256030307399,-0.0144066643800385,0.));
#4203=CARTESIAN_POINT('',(-0.0699326786858794,-0.0143147187645486,0.));
#4204=CARTESIAN_POINT('',(-0.0697331441104042,-0.0142361781932369,0.));
#4205=CARTESIAN_POINT('',(-0.0694730849717964,-0.0141531841959788,0.));
#4206=CARTESIAN_POINT('',(-0.0691594056813255,-0.0140845613716578,0.));
#4207=CARTESIAN_POINT('',(-0.068812654099918,-0.0140454713803649,0.));
#4208=CARTESIAN_POINT('',(-0.0683920111242847,-0.0140331430193335,0.));
#4209=CARTESIAN_POINT('',(-0.067939929915275,-0.0140646519842708,0.));
#4210=CARTESIAN_POINT('',(-0.0674875123712231,-0.0141241972218044,0.));
#4211=CARTESIAN_POINT('',(-0.0671058942608682,-0.014179431872157,0.));
#4212=CARTESIAN_POINT('',(-0.066788758945028,-0.0142156780756111,0.));
#4213=CARTESIAN_POINT('',(-0.0665366850333258,-0.0142265110936712,0.));
#4214=CARTESIAN_POINT('',(-0.066382624387773,-0.014216457239097,0.));
#4215=CARTESIAN_POINT('',(-0.0662849301932203,-0.0142000558279772,0.));
#4216=CARTESIAN_POINT('',(-0.0662267824396894,-0.0141859533143734,0.));
#4217=CARTESIAN_POINT('',(-0.0661509817426024,-0.0141612374710421,0.));
#4218=CARTESIAN_POINT('',(-0.0660192714036399,-0.0141073925928828,0.));
#4219=CARTESIAN_POINT('',(-0.0658044498183446,-0.0139964445123841,0.));
#4220=CARTESIAN_POINT('',(-0.0653731608364026,-0.0137179923416932,0.));
#4221=CARTESIAN_POINT('',(-0.0647079754622817,-0.0131912421313086,0.));
#4222=CARTESIAN_POINT('',(-0.0637696704976759,-0.012349085032868,0.));
#4223=CARTESIAN_POINT('',(-0.0627048404328717,-0.0113815753618985,0.));
#4224=CARTESIAN_POINT('',(-0.0617045485584742,-0.010537362093602,0.));
#4225=CARTESIAN_POINT('',(-0.0608246449567555,-0.00987947932736218,0.));
#4226=CARTESIAN_POINT('',(-0.0601210488690926,-0.00940561112116509,0.));
#4227=CARTESIAN_POINT('',(-0.0594946917033116,-0.00903649459378312,0.));
#4228=CARTESIAN_POINT('',(-0.0589684429990907,-0.00876331170359216,0.));
#4229=CARTESIAN_POINT('',(-0.0584225474583447,-0.00850628683402132,0.));
#4230=CARTESIAN_POINT('',(-0.0577238928515931,-0.00822791059259157,0.));
#4231=CARTESIAN_POINT('',(-0.0565847501048646,-0.00786982584960179,0.));
#4232=CARTESIAN_POINT('',(-0.0551304976345554,-0.00757355019186286,0.));
#4233=CARTESIAN_POINT('',(-0.0533690520334469,-0.00742593128963436,0.));
#4234=CARTESIAN_POINT('',(-0.0516168690145755,-0.0074565294143713,0.));
#4235=CARTESIAN_POINT('',(-0.0498983506231975,-0.0076401270732875,0.));
#4236=CARTESIAN_POINT('',(-0.0482374214975249,-0.00795486304521677,0.));
#4237=CARTESIAN_POINT('',(-0.0466581691419082,-0.00838158335188983,0.));
#4238=CARTESIAN_POINT('',(-0.0451831523315106,-0.00890383655793826,0.));
#4239=CARTESIAN_POINT('',(-0.0438367073502324,-0.00950882163948876,0.));
#4240=CARTESIAN_POINT('',(-0.0426303740266026,-0.0101869162596799,0.));
#4241=CARTESIAN_POINT('',(-0.0415525480320436,-0.0109323728574442,0.));
#4242=CARTESIAN_POINT('',(-0.0405968682248568,-0.0117345155820498,0.));
#4243=CARTESIAN_POINT('',(-0.0398942715584554,-0.0124391957109252,0.));
#4244=CARTESIAN_POINT('',(-0.039382293059392,-0.0130174526788872,0.));
#4245=CARTESIAN_POINT('',(-0.0390814928231148,-0.0133836208381395,0.));
#4246=CARTESIAN_POINT('',(-0.0388515875202914,-0.0136782802604437,0.));
#4247=CARTESIAN_POINT('',(-0.0387256432595077,-0.0138451647293927,0.));
#4248=CARTESIAN_POINT('',(-0.0386437596488938,-0.0139557689318278,0.));
#4249=CARTESIAN_POINT('',(-0.0385881271783267,-0.0140315794785926,0.));
#4250=CARTESIAN_POINT('',(-0.038529745005229,-0.0141116603304315,0.));
#4251=CARTESIAN_POINT('',(-0.0384563412617151,-0.0142120975779919,0.));
#4252=CARTESIAN_POINT('',(-0.0383112549233956,-0.0144107389281175,0.));
#4253=CARTESIAN_POINT('',(-0.0380928967037619,-0.014709646438082,0.));
#4254=CARTESIAN_POINT('',(-0.0378990966201376,-0.0149749578055067,0.));
#4255=CARTESIAN_POINT('',(-0.0378021595643748,-0.0151076615138425,0.));
#4256=CARTESIAN_POINT('',(-0.0710097116033219,-0.0193951339273333,0.));
#4257=CARTESIAN_POINT('',(-0.0710097116033219,-0.0193951339273333,-0.002));
#4258=CARTESIAN_POINT('',(-0.0710097116033219,-0.0193951339273333,-0.002));
#4259=CARTESIAN_POINT('',(-0.0710097116033215,-0.0193951339273328,-0.002));
#4260=CARTESIAN_POINT('',(-0.0710734323581846,-0.0193464342479213,-0.002));
#4261=CARTESIAN_POINT('',(-0.0712253640176154,-0.0192238343290046,-0.002));
#4262=CARTESIAN_POINT('',(-0.0715111217281538,-0.0189264494938574,-0.002));
#4263=CARTESIAN_POINT('',(-0.0717490066699781,-0.0185562991025643,-0.002));
#4264=CARTESIAN_POINT('',(-0.0718932124050587,-0.0182032255455027,-0.002));
#4265=CARTESIAN_POINT('',(-0.071993394361331,-0.0178311016283885,-0.002));
#4266=CARTESIAN_POINT('',(-0.0720285998959981,-0.017427865513617,-0.002));
#4267=CARTESIAN_POINT('',(-0.0719983138269705,-0.0170170154680736,-0.002));
#4268=CARTESIAN_POINT('',(-0.07192401499294,-0.0166594388245601,-0.002));
#4269=CARTESIAN_POINT('',(-0.0717844700170225,-0.0162287156792204,-0.002));
#4270=CARTESIAN_POINT('',(-0.0715475403158911,-0.0157460372180309,-0.002));
#4271=CARTESIAN_POINT('',(-0.0712277168554671,-0.0152999579178847,-0.002));
#4272=CARTESIAN_POINT('',(-0.0709080258118619,-0.0149634420547996,-0.002));
#4273=CARTESIAN_POINT('',(-0.0706309666472171,-0.0147241231531198,-0.002));
#4274=CARTESIAN_POINT('',(-0.0703635566577674,-0.0145398497869891,-0.002));
#4275=CARTESIAN_POINT('',(-0.0701256030307399,-0.0144066643800385,-0.002));
#4276=CARTESIAN_POINT('',(-0.0699326786858794,-0.0143147187645486,-0.002));
#4277=CARTESIAN_POINT('',(-0.0697331441104042,-0.0142361781932369,-0.002));
#4278=CARTESIAN_POINT('',(-0.0694730849717964,-0.0141531841959788,-0.002));
#4279=CARTESIAN_POINT('',(-0.0691594056813255,-0.0140845613716578,-0.002));
#4280=CARTESIAN_POINT('',(-0.068812654099918,-0.0140454713803649,-0.002));
#4281=CARTESIAN_POINT('',(-0.0683920111242847,-0.0140331430193335,-0.002));
#4282=CARTESIAN_POINT('',(-0.067939929915275,-0.0140646519842708,-0.002));
#4283=CARTESIAN_POINT('',(-0.0674875123712231,-0.0141241972218044,-0.002));
#4284=CARTESIAN_POINT('',(-0.0671058942608682,-0.014179431872157,-0.002));
#4285=CARTESIAN_POINT('',(-0.066788758945028,-0.0142156780756111,-0.002));
#4286=CARTESIAN_POINT('',(-0.0665366850333258,-0.0142265110936712,-0.002));
#4287=CARTESIAN_POINT('',(-0.066382624387773,-0.014216457239097,-0.002));
#4288=CARTESIAN_POINT('',(-0.0662849301932203,-0.0142000558279772,-0.002));
#4289=CARTESIAN_POINT('',(-0.0662267824396894,-0.0141859533143734,-0.002));
#4290=CARTESIAN_POINT('',(-0.0661509817426024,-0.0141612374710421,-0.002));
#4291=CARTESIAN_POINT('',(-0.0660192714036399,-0.0141073925928828,-0.002));
#4292=CARTESIAN_POINT('',(-0.0658044498183446,-0.0139964445123841,-0.002));
#4293=CARTESIAN_POINT('',(-0.0653731608364026,-0.0137179923416932,-0.002));
#4294=CARTESIAN_POINT('',(-0.0647079754622817,-0.0131912421313086,-0.002));
#4295=CARTESIAN_POINT('',(-0.0637696704976759,-0.012349085032868,-0.002));
#4296=CARTESIAN_POINT('',(-0.0627048404328717,-0.0113815753618985,-0.002));
#4297=CARTESIAN_POINT('',(-0.0617045485584742,-0.010537362093602,-0.002));
#4298=CARTESIAN_POINT('',(-0.0608246449567555,-0.00987947932736218,-0.002));
#4299=CARTESIAN_POINT('',(-0.0601210488690926,-0.00940561112116509,-0.002));
#4300=CARTESIAN_POINT('',(-0.0594946917033116,-0.00903649459378312,-0.002));
#4301=CARTESIAN_POINT('',(-0.0589684429990907,-0.00876331170359216,-0.002));
#4302=CARTESIAN_POINT('',(-0.0584225474583447,-0.00850628683402132,-0.002));
#4303=CARTESIAN_POINT('',(-0.0577238928515931,-0.00822791059259157,-0.002));
#4304=CARTESIAN_POINT('',(-0.0565847501048646,-0.00786982584960179,-0.002));
#4305=CARTESIAN_POINT('',(-0.0551304976345554,-0.00757355019186286,-0.002));
#4306=CARTESIAN_POINT('',(-0.0533690520334469,-0.00742593128963436,-0.002));
#4307=CARTESIAN_POINT('',(-0.0516168690145755,-0.0074565294143713,-0.002));
#4308=CARTESIAN_POINT('',(-0.0498983506231975,-0.0076401270732875,-0.002));
#4309=CARTESIAN_POINT('',(-0.0482374214975249,-0.00795486304521677,-0.002));
#4310=CARTESIAN_POINT('',(-0.0466581691419082,-0.00838158335188983,-0.002));
#4311=CARTESIAN_POINT('',(-0.0451831523315106,-0.00890383655793826,-0.002));
#4312=CARTESIAN_POINT('',(-0.0438367073502324,-0.00950882163948876,-0.002));
#4313=CARTESIAN_POINT('',(-0.0426303740266026,-0.0101869162596799,-0.002));
#4314=CARTESIAN_POINT('',(-0.0415525480320436,-0.0109323728574442,-0.002));
#4315=CARTESIAN_POINT('',(-0.0405968682248568,-0.0117345155820498,-0.002));
#4316=CARTESIAN_POINT('',(-0.0398942715584554,-0.0124391957109252,-0.002));
#4317=CARTESIAN_POINT('',(-0.039382293059392,-0.0130174526788872,-0.002));
#4318=CARTESIAN_POINT('',(-0.0390814928231148,-0.0133836208381395,-0.002));
#4319=CARTESIAN_POINT('',(-0.0388515875202914,-0.0136782802604437,-0.002));
#4320=CARTESIAN_POINT('',(-0.0387256432595077,-0.0138451647293927,-0.002));
#4321=CARTESIAN_POINT('',(-0.0386437596488938,-0.0139557689318278,-0.002));
#4322=CARTESIAN_POINT('',(-0.0385881271783267,-0.0140315794785926,-0.002));
#4323=CARTESIAN_POINT('',(-0.038529745005229,-0.0141116603304315,-0.002));
#4324=CARTESIAN_POINT('',(-0.0384563412617151,-0.0142120975779919,-0.002));
#4325=CARTESIAN_POINT('',(-0.0383112549233956,-0.0144107389281175,-0.002));
#4326=CARTESIAN_POINT('',(-0.0380928967037619,-0.014709646438082,-0.002));
#4327=CARTESIAN_POINT('',(-0.0378990966201376,-0.0149749578055067,-0.002));
#4328=CARTESIAN_POINT('',(-0.0378021595643748,-0.0151076615138425,-0.002));
#4329=CARTESIAN_POINT('',(-0.0603296507620269,-0.0279967338607779,-0.002));
#4330=CARTESIAN_POINT('',(-0.0603296507620269,-0.0279967338607779,8.67361737988404E-19));
#4331=CARTESIAN_POINT('',(-0.0616999492853033,-0.0273944584263,-0.002));
#4332=CARTESIAN_POINT('',(-0.0616999492853033,-0.0273944584263,8.67361737988404E-19));
#4333=CARTESIAN_POINT('',(-0.0637001494023015,-0.0265001502495124,-0.002));
#4334=CARTESIAN_POINT('',(-0.0637001494023015,-0.0265001502495124,1.30104260698261E-18));
#4335=CARTESIAN_POINT('',(-0.0660719726758423,-0.0252602808486204,-0.002));
#4336=CARTESIAN_POINT('',(-0.0660719726758423,-0.0252602808486204,4.33680868994202E-19));
#4337=CARTESIAN_POINT('',(-0.0676658212666751,-0.0242773751548004,-0.002));
#4338=CARTESIAN_POINT('',(-0.0676658212666751,-0.0242773751548004,1.30104260698261E-18));
#4339=CARTESIAN_POINT('',(-0.0688181367959317,-0.0233681120482854,-0.002));
#4340=CARTESIAN_POINT('',(-0.0688181367959317,-0.0233681120482854,4.33680868994202E-19));
#4341=CARTESIAN_POINT('',(-0.0696106664812718,-0.0225357794867759,-0.002));
#4342=CARTESIAN_POINT('',(-0.0696106664812718,-0.0225357794867759,8.67361737988404E-19));
#4343=CARTESIAN_POINT('',(-0.070136935633861,-0.0218206539144099,-0.002));
#4344=CARTESIAN_POINT('',(-0.070136935633861,-0.0218206539144099,8.67361737988404E-19));
#4345=CARTESIAN_POINT('',(-0.0705261103626595,-0.0210543703318265,-0.002));
#4346=CARTESIAN_POINT('',(-0.0705261103626595,-0.0210543703318265,0.));
#4347=CARTESIAN_POINT('',(-0.0708448844028167,-0.0201442434665417,-0.002));
#4348=CARTESIAN_POINT('',(-0.0708448844028167,-0.0201442434665417,1.73472347597681E-18));
#4349=CARTESIAN_POINT('',(-0.0709556626105887,-0.0196146647112849,-0.002));
#4350=CARTESIAN_POINT('',(-0.0709556626105887,-0.0196146647112849,8.67361737988404E-19));
#4351=CARTESIAN_POINT('',(-0.0710097116033217,-0.0193951339273341,-0.002));
#4352=CARTESIAN_POINT('',(-0.0710097116033217,-0.0193951339273341,8.67361737988404E-19));
#4353=CARTESIAN_POINT('',(-0.0603296507620269,-0.0279967338607779,0.));
#4354=CARTESIAN_POINT('',(-0.0610148000236651,-0.027695596143539,0.));
#4355=CARTESIAN_POINT('',(-0.062367150928704,-0.0270958512430369,0.));
#4356=CARTESIAN_POINT('',(-0.0642930126046863,-0.0261903183952067,0.));
#4357=CARTESIAN_POINT('',(-0.0660718748687756,-0.0252602433226184,0.));
#4358=CARTESIAN_POINT('',(-0.0674005667372477,-0.0244411986895124,0.));
#4359=CARTESIAN_POINT('',(-0.0683565337213619,-0.0237318141417562,0.));
#4360=CARTESIAN_POINT('',(-0.0690160126412749,-0.0231606646048719,0.));
#4361=CARTESIAN_POINT('',(-0.0695129768136345,-0.0226378106408582,0.));
#4362=CARTESIAN_POINT('',(-0.0698713745953104,-0.0221817083101916,0.));
#4363=CARTESIAN_POINT('',(-0.0701196527274912,-0.0218145094223355,0.));
#4364=CARTESIAN_POINT('',(-0.0703345338741001,-0.0214330194767085,0.));
#4365=CARTESIAN_POINT('',(-0.0705641655893481,-0.0209432318545815,0.));
#4366=CARTESIAN_POINT('',(-0.0707662602685578,-0.0203705919866713,0.));
#4367=CARTESIAN_POINT('',(-0.0709168227473631,-0.0197925342514668,0.));
#4368=CARTESIAN_POINT('',(-0.0709826871069552,-0.0195048993193095,0.));
#4369=CARTESIAN_POINT('',(-0.0710097116033217,-0.0193951339273341,0.));
#4370=CARTESIAN_POINT('',(-0.0603296507620268,-0.0279967338607779,0.));
#4371=CARTESIAN_POINT('',(-0.0603296507620268,-0.0279967338607779,-0.002));
#4372=CARTESIAN_POINT('',(-0.0603296507620268,-0.0279967338607779,-0.002));
#4373=CARTESIAN_POINT('',(-0.0603296507620269,-0.0279967338607779,-0.002));
#4374=CARTESIAN_POINT('',(-0.0610148000236651,-0.027695596143539,-0.002));
#4375=CARTESIAN_POINT('',(-0.062367150928704,-0.0270958512430369,-0.002));
#4376=CARTESIAN_POINT('',(-0.0642930126046863,-0.0261903183952067,-0.002));
#4377=CARTESIAN_POINT('',(-0.0660718748687756,-0.0252602433226184,-0.002));
#4378=CARTESIAN_POINT('',(-0.0674005667372477,-0.0244411986895124,-0.002));
#4379=CARTESIAN_POINT('',(-0.0683565337213619,-0.0237318141417562,-0.002));
#4380=CARTESIAN_POINT('',(-0.0690160126412749,-0.0231606646048719,-0.002));
#4381=CARTESIAN_POINT('',(-0.0695129768136345,-0.0226378106408582,-0.002));
#4382=CARTESIAN_POINT('',(-0.0698713745953104,-0.0221817083101916,-0.002));
#4383=CARTESIAN_POINT('',(-0.0701196527274912,-0.0218145094223355,-0.002));
#4384=CARTESIAN_POINT('',(-0.0703345338741001,-0.0214330194767085,-0.002));
#4385=CARTESIAN_POINT('',(-0.0705641655893481,-0.0209432318545815,-0.002));
#4386=CARTESIAN_POINT('',(-0.0707662602685578,-0.0203705919866713,-0.002));
#4387=CARTESIAN_POINT('',(-0.0709168227473631,-0.0197925342514668,-0.002));
#4388=CARTESIAN_POINT('',(-0.0709826871069552,-0.0195048993193095,-0.002));
#4389=CARTESIAN_POINT('',(-0.0710097116033217,-0.0193951339273341,-0.002));
#4390=CARTESIAN_POINT('',(-0.0587599775730547,-0.0503402114747891,-0.002));
#4391=CARTESIAN_POINT('',(-0.0587599775730547,-0.0503402114747891,-4.33680868994202E-19));
#4392=CARTESIAN_POINT('',(-0.0591524860186205,-0.0503977524219833,-0.002));
#4393=CARTESIAN_POINT('',(-0.0591524860186205,-0.0503977524219833,-4.33680868994202E-19));
#4394=CARTESIAN_POINT('',(-0.0598746211764127,-0.050273616164625,-0.002));
#4395=CARTESIAN_POINT('',(-0.0598746211764127,-0.050273616164625,-4.33680868994202E-19));
#4396=CARTESIAN_POINT('',(-0.0604609255863088,-0.0499128342404686,-0.002));
#4397=CARTESIAN_POINT('',(-0.0604609255863088,-0.0499128342404686,0.));
#4398=CARTESIAN_POINT('',(-0.0608266877101687,-0.0495832675311252,-0.002));
#4399=CARTESIAN_POINT('',(-0.0608266877101687,-0.0495832675311252,-8.67361737988404E-19));
#4400=CARTESIAN_POINT('',(-0.0611824034413411,-0.0491654417956936,-0.002));
#4401=CARTESIAN_POINT('',(-0.0611824034413411,-0.0491654417956936,4.33680868994202E-19));
#4402=CARTESIAN_POINT('',(-0.0615231398581688,-0.0486436806492651,-0.002));
#4403=CARTESIAN_POINT('',(-0.0615231398581688,-0.0486436806492651,-4.33680868994202E-19));
#4404=CARTESIAN_POINT('',(-0.0618959822301157,-0.0479411038188337,-0.002));
#4405=CARTESIAN_POINT('',(-0.0618959822301157,-0.0479411038188337,-8.67361737988404E-19));
#4406=CARTESIAN_POINT('',(-0.0622532095354982,-0.047147156091723,-0.002));
#4407=CARTESIAN_POINT('',(-0.0622532095354982,-0.047147156091723,8.67361737988404E-19));
#4408=CARTESIAN_POINT('',(-0.0627142734634486,-0.0459698233269708,-0.002));
#4409=CARTESIAN_POINT('',(-0.0627142734634486,-0.0459698233269708,-2.16840434497101E-18));
#4410=CARTESIAN_POINT('',(-0.0632517877823298,-0.044302054840185,-0.002));
#4411=CARTESIAN_POINT('',(-0.0632517877823298,-0.044302054840185,-4.33680868994202E-19));
#4412=CARTESIAN_POINT('',(-0.063772785021972,-0.0420999517098063,-0.002));
#4413=CARTESIAN_POINT('',(-0.063772785021972,-0.0420999517098063,0.));
#4414=CARTESIAN_POINT('',(-0.0640946660653423,-0.0398323824264542,-0.002));
#4415=CARTESIAN_POINT('',(-0.0640946660653423,-0.0398323824264542,0.));
#4416=CARTESIAN_POINT('',(-0.0641177809658151,-0.0375581897456734,-0.002));
#4417=CARTESIAN_POINT('',(-0.0641177809658151,-0.0375581897456734,-4.33680868994202E-19));
#4418=CARTESIAN_POINT('',(-0.0637266542976372,-0.0355078429553322,-0.002));
#4419=CARTESIAN_POINT('',(-0.0637266542976372,-0.0355078429553322,4.33680868994202E-19));
#4420=CARTESIAN_POINT('',(-0.0630623915995718,-0.0337698655271794,-0.002));
#4421=CARTESIAN_POINT('',(-0.0630623915995718,-0.0337698655271794,-8.67361737988404E-19));
#4422=CARTESIAN_POINT('',(-0.0622661353584101,-0.0323176698295684,-0.002));
#4423=CARTESIAN_POINT('',(-0.0622661353584101,-0.0323176698295684,0.));
#4424=CARTESIAN_POINT('',(-0.0614781766735786,-0.0311241818021747,-0.002));
#4425=CARTESIAN_POINT('',(-0.0614781766735786,-0.0311241818021747,-4.33680868994202E-19));
#4426=CARTESIAN_POINT('',(-0.0608219942474666,-0.0301605691664234,-0.002));
#4427=CARTESIAN_POINT('',(-0.0608219942474666,-0.0301605691664234,8.67361737988404E-19));
#4428=CARTESIAN_POINT('',(-0.0604257218051292,-0.0294527267367492,-0.002));
#4429=CARTESIAN_POINT('',(-0.0604257218051292,-0.0294527267367492,-4.33680868994202E-19));
#4430=CARTESIAN_POINT('',(-0.0603121900889576,-0.0290681946292279,-0.002));
#4431=CARTESIAN_POINT('',(-0.0603121900889576,-0.0290681946292279,-4.33680868994202E-19));
#4432=CARTESIAN_POINT('',(-0.0602652574973364,-0.0286034510581718,-0.002));
#4433=CARTESIAN_POINT('',(-0.0602652574973364,-0.0286034510581718,0.));
#4434=CARTESIAN_POINT('',(-0.0602985246935574,-0.0282159147205862,-0.002));
#4435=CARTESIAN_POINT('',(-0.0602985246935574,-0.0282159147205862,-4.33680868994202E-19));
#4436=CARTESIAN_POINT('',(-0.0603296507620268,-0.0279967338607779,-0.002));
#4437=CARTESIAN_POINT('',(-0.0603296507620268,-0.0279967338607779,-4.33680868994202E-19));
#4438=CARTESIAN_POINT('',(-0.0587599775730547,-0.0503402114747891,0.));
#4439=CARTESIAN_POINT('',(-0.0589562317958376,-0.0503689819483862,0.));
#4440=CARTESIAN_POINT('',(-0.0593413947567551,-0.0503686502543035,0.));
#4441=CARTESIAN_POINT('',(-0.0598109173202723,-0.0502521791691444,0.));
#4442=CARTESIAN_POINT('',(-0.0601657646938395,-0.0500897525187502,0.));
#4443=CARTESIAN_POINT('',(-0.0605230575831695,-0.0498599051700238,0.));
#4444=CARTESIAN_POINT('',(-0.0608261863618187,-0.0495826425200969,0.));
#4445=CARTESIAN_POINT('',(-0.061093973660817,-0.0492698748141242,0.));
#4446=CARTESIAN_POINT('',(-0.0613172027473462,-0.0489574560098597,0.));
#4447=CARTESIAN_POINT('',(-0.0615189900655463,-0.048633932998423,0.));
#4448=CARTESIAN_POINT('',(-0.061709634811235,-0.0482924324373216,0.));
#4449=CARTESIAN_POINT('',(-0.0619554791477915,-0.0478087556176872,0.));
#4450=CARTESIAN_POINT('',(-0.0622532093990258,-0.0471471672950149,0.));
#4451=CARTESIAN_POINT('',(-0.0625990571599216,-0.0462641422416035,0.));
#4452=CARTESIAN_POINT('',(-0.0629290806136311,-0.045302761835186,0.));
#4453=CARTESIAN_POINT('',(-0.0632363165850829,-0.0442768217083832,0.));
#4454=CARTESIAN_POINT('',(-0.0635123597970007,-0.0432014994261555,0.));
#4455=CARTESIAN_POINT('',(-0.0637479946613381,-0.0420922140494006,0.));
#4456=CARTESIAN_POINT('',(-0.0639332554932072,-0.0409638884821066,0.));
#4457=CARTESIAN_POINT('',(-0.0640572060901333,-0.0398302405097821,0.));
#4458=CARTESIAN_POINT('',(-0.0640988263445354,-0.0388907239516818,0.));
#4459=CARTESIAN_POINT('',(-0.0640872282984843,-0.0381465920479927,0.));
#4460=CARTESIAN_POINT('',(-0.0640414816192157,-0.0374077288608202,0.));
#4461=CARTESIAN_POINT('',(-0.0639216345002374,-0.0365299409238543,0.));
#4462=CARTESIAN_POINT('',(-0.0636162841328666,-0.0352199566111562,0.));
#4463=CARTESIAN_POINT('',(-0.0630622446928535,-0.0337692536157771,0.));
#4464=CARTESIAN_POINT('',(-0.0622662852620514,-0.032317863220278,0.));
#4465=CARTESIAN_POINT('',(-0.0614777239657317,-0.0311240201507386,0.));
#4466=CARTESIAN_POINT('',(-0.0609326666402995,-0.0303215220096713,0.));
#4467=CARTESIAN_POINT('',(-0.0606215929886018,-0.0298060489547528,0.));
#4468=CARTESIAN_POINT('',(-0.0604600541953243,-0.0294905886159566,0.));
#4469=CARTESIAN_POINT('',(-0.060375261787042,-0.029271267324069,0.));
#4470=CARTESIAN_POINT('',(-0.0603192110028441,-0.0290559563986861,0.));
#4471=CARTESIAN_POINT('',(-0.0602876338598776,-0.0288338633930195,0.));
#4472=CARTESIAN_POINT('',(-0.0602742282563533,-0.0285077426441836,0.));
#4473=CARTESIAN_POINT('',(-0.0602985246935574,-0.0282159147205863,0.));
#4474=CARTESIAN_POINT('',(-0.0603296507620268,-0.0279967338607779,0.));
#4475=CARTESIAN_POINT('',(-0.0587599775730547,-0.0503402114747891,0.));
#4476=CARTESIAN_POINT('',(-0.0587599775730547,-0.0503402114747891,-0.002));
#4477=CARTESIAN_POINT('',(-0.0587599775730547,-0.0503402114747891,-0.002));
#4478=CARTESIAN_POINT('',(-0.0587599775730547,-0.0503402114747891,-0.002));
#4479=CARTESIAN_POINT('',(-0.0589562317958376,-0.0503689819483862,-0.002));
#4480=CARTESIAN_POINT('',(-0.0593413947567551,-0.0503686502543035,-0.002));
#4481=CARTESIAN_POINT('',(-0.0598109173202723,-0.0502521791691444,-0.002));
#4482=CARTESIAN_POINT('',(-0.0601657646938395,-0.0500897525187502,-0.002));
#4483=CARTESIAN_POINT('',(-0.0605230575831695,-0.0498599051700238,-0.002));
#4484=CARTESIAN_POINT('',(-0.0608261863618187,-0.0495826425200969,-0.002));
#4485=CARTESIAN_POINT('',(-0.061093973660817,-0.0492698748141242,-0.002));
#4486=CARTESIAN_POINT('',(-0.0613172027473462,-0.0489574560098597,-0.002));
#4487=CARTESIAN_POINT('',(-0.0615189900655463,-0.048633932998423,-0.002));
#4488=CARTESIAN_POINT('',(-0.061709634811235,-0.0482924324373216,-0.002));
#4489=CARTESIAN_POINT('',(-0.0619554791477915,-0.0478087556176872,-0.002));
#4490=CARTESIAN_POINT('',(-0.0622532093990258,-0.0471471672950149,-0.002));
#4491=CARTESIAN_POINT('',(-0.0625990571599216,-0.0462641422416035,-0.002));
#4492=CARTESIAN_POINT('',(-0.0629290806136311,-0.045302761835186,-0.002));
#4493=CARTESIAN_POINT('',(-0.0632363165850829,-0.0442768217083832,-0.002));
#4494=CARTESIAN_POINT('',(-0.0635123597970007,-0.0432014994261555,-0.002));
#4495=CARTESIAN_POINT('',(-0.0637479946613381,-0.0420922140494006,-0.002));
#4496=CARTESIAN_POINT('',(-0.0639332554932072,-0.0409638884821066,-0.002));
#4497=CARTESIAN_POINT('',(-0.0640572060901333,-0.0398302405097821,-0.002));
#4498=CARTESIAN_POINT('',(-0.0640988263445354,-0.0388907239516818,-0.002));
#4499=CARTESIAN_POINT('',(-0.0640872282984843,-0.0381465920479927,-0.002));
#4500=CARTESIAN_POINT('',(-0.0640414816192157,-0.0374077288608202,-0.002));
#4501=CARTESIAN_POINT('',(-0.0639216345002374,-0.0365299409238543,-0.002));
#4502=CARTESIAN_POINT('',(-0.0636162841328666,-0.0352199566111562,-0.002));
#4503=CARTESIAN_POINT('',(-0.0630622446928535,-0.0337692536157771,-0.002));
#4504=CARTESIAN_POINT('',(-0.0622662852620514,-0.032317863220278,-0.002));
#4505=CARTESIAN_POINT('',(-0.0614777239657317,-0.0311240201507386,-0.002));
#4506=CARTESIAN_POINT('',(-0.0609326666402995,-0.0303215220096713,-0.002));
#4507=CARTESIAN_POINT('',(-0.0606215929886018,-0.0298060489547528,-0.002));
#4508=CARTESIAN_POINT('',(-0.0604600541953243,-0.0294905886159566,-0.002));
#4509=CARTESIAN_POINT('',(-0.060375261787042,-0.029271267324069,-0.002));
#4510=CARTESIAN_POINT('',(-0.0603192110028441,-0.0290559563986861,-0.002));
#4511=CARTESIAN_POINT('',(-0.0602876338598776,-0.0288338633930195,-0.002));
#4512=CARTESIAN_POINT('',(-0.0602742282563533,-0.0285077426441836,-0.002));
#4513=CARTESIAN_POINT('',(-0.0602985246935574,-0.0282159147205863,-0.002));
#4514=CARTESIAN_POINT('',(-0.0603296507620268,-0.0279967338607779,-0.002));
#4515=CARTESIAN_POINT('',(-0.0559898805336525,-0.0553918054442653,-0.002));
#4516=CARTESIAN_POINT('',(-0.0559898805336525,-0.0553918054442653,0.));
#4517=CARTESIAN_POINT('',(-0.0562330452592265,-0.0552999617933127,-0.002));
#4518=CARTESIAN_POINT('',(-0.0562330452592265,-0.0552999617933127,0.));
#4519=CARTESIAN_POINT('',(-0.0565581574575424,-0.0550855044275832,-0.002));
#4520=CARTESIAN_POINT('',(-0.0565581574575424,-0.0550855044275832,4.33680868994202E-19));
#4521=CARTESIAN_POINT('',(-0.0568925592597028,-0.0547591332068992,-0.002));
#4522=CARTESIAN_POINT('',(-0.0568925592597028,-0.0547591332068992,-4.33680868994202E-19));
#4523=CARTESIAN_POINT('',(-0.057079546840173,-0.0544883942288766,-0.002));
#4524=CARTESIAN_POINT('',(-0.057079546840173,-0.0544883942288766,4.33680868994202E-19));
#4525=CARTESIAN_POINT('',(-0.0572277676805707,-0.0542356659824422,-0.002));
#4526=CARTESIAN_POINT('',(-0.0572277676805707,-0.0542356659824422,-4.33680868994202E-19));
#4527=CARTESIAN_POINT('',(-0.0573857258173842,-0.0539214276519183,-0.002));
#4528=CARTESIAN_POINT('',(-0.0573857258173842,-0.0539214276519183,-4.33680868994202E-19));
#4529=CARTESIAN_POINT('',(-0.0575646037765933,-0.0535155556262852,-0.002));
#4530=CARTESIAN_POINT('',(-0.0575646037765933,-0.0535155556262852,4.33680868994202E-19));
#4531=CARTESIAN_POINT('',(-0.0577862514874928,-0.0529629313958136,-0.002));
#4532=CARTESIAN_POINT('',(-0.0577862514874928,-0.0529629313958136,-4.33680868994202E-19));
#4533=CARTESIAN_POINT('',(-0.0580189850074076,-0.0523508460853619,-0.002));
#4534=CARTESIAN_POINT('',(-0.0580189850074076,-0.0523508460853619,0.));
#4535=CARTESIAN_POINT('',(-0.0583425039999265,-0.0514762085602367,-0.002));
#4536=CARTESIAN_POINT('',(-0.0583425039999265,-0.0514762085602367,-4.33680868994202E-19));
#4537=CARTESIAN_POINT('',(-0.0585945525942295,-0.0507850426354403,-0.002));
#4538=CARTESIAN_POINT('',(-0.0585945525942295,-0.0507850426354403,0.));
#4539=CARTESIAN_POINT('',(-0.0587599775730547,-0.0503402114747891,-0.002));
#4540=CARTESIAN_POINT('',(-0.0587599775730547,-0.0503402114747891,0.));
#4541=CARTESIAN_POINT('',(-0.0559898805336525,-0.0553918054442653,0.));
#4542=CARTESIAN_POINT('',(-0.0561114628964395,-0.055345883618789,0.));
#4543=CARTESIAN_POINT('',(-0.0563144539422858,-0.0552438782087127,0.));
#4544=CARTESIAN_POINT('',(-0.0565997781655541,-0.0550461512836554,0.));
#4545=CARTESIAN_POINT('',(-0.0568099212970864,-0.0548400828999899,0.));
#4546=CARTESIAN_POINT('',(-0.0569639122584909,-0.0546515495312062,0.));
#4547=CARTESIAN_POINT('',(-0.05707081573524,-0.054497166325114,0.));
#4548=CARTESIAN_POINT('',(-0.0571539415854205,-0.0543623090687902,0.));
#4549=CARTESIAN_POINT('',(-0.0572473370733667,-0.0541962455087589,0.));
#4550=CARTESIAN_POINT('',(-0.0573463930266883,-0.0539998585602053,0.));
#4551=CARTESIAN_POINT('',(-0.057456891824906,-0.0537597366230136,0.));
#4552=CARTESIAN_POINT('',(-0.0575655716753299,-0.0535071992834929,0.));
#4553=CARTESIAN_POINT('',(-0.0576754382931827,-0.0532392222010143,0.));
#4554=CARTESIAN_POINT('',(-0.0578250348988813,-0.0528609280546299,0.));
#4555=CARTESIAN_POINT('',(-0.0580189812790847,-0.0523508547405135,0.));
#4556=CARTESIAN_POINT('',(-0.0582616450297406,-0.0516948219992719,0.));
#4557=CARTESIAN_POINT('',(-0.0585104570126762,-0.0510156063908717,0.));
#4558=CARTESIAN_POINT('',(-0.0586772650836421,-0.0505626270551147,0.));
#4559=CARTESIAN_POINT('',(-0.0587599775730547,-0.0503402114747891,0.));
#4560=CARTESIAN_POINT('',(-0.0559898805336529,-0.0553918054442652,0.));
#4561=CARTESIAN_POINT('',(-0.0559898805336529,-0.0553918054442652,-0.002));
#4562=CARTESIAN_POINT('',(-0.0559898805336529,-0.0553918054442652,-0.002));
#4563=CARTESIAN_POINT('',(-0.0559898805336525,-0.0553918054442653,-0.002));
#4564=CARTESIAN_POINT('',(-0.0561114628964395,-0.055345883618789,-0.002));
#4565=CARTESIAN_POINT('',(-0.0563144539422858,-0.0552438782087127,-0.002));
#4566=CARTESIAN_POINT('',(-0.0565997781655541,-0.0550461512836554,-0.002));
#4567=CARTESIAN_POINT('',(-0.0568099212970864,-0.0548400828999899,-0.002));
#4568=CARTESIAN_POINT('',(-0.0569639122584909,-0.0546515495312062,-0.002));
#4569=CARTESIAN_POINT('',(-0.05707081573524,-0.054497166325114,-0.002));
#4570=CARTESIAN_POINT('',(-0.0571539415854205,-0.0543623090687902,-0.002));
#4571=CARTESIAN_POINT('',(-0.0572473370733667,-0.0541962455087589,-0.002));
#4572=CARTESIAN_POINT('',(-0.0573463930266883,-0.0539998585602053,-0.002));
#4573=CARTESIAN_POINT('',(-0.057456891824906,-0.0537597366230136,-0.002));
#4574=CARTESIAN_POINT('',(-0.0575655716753299,-0.0535071992834929,-0.002));
#4575=CARTESIAN_POINT('',(-0.0576754382931827,-0.0532392222010143,-0.002));
#4576=CARTESIAN_POINT('',(-0.0578250348988813,-0.0528609280546299,-0.002));
#4577=CARTESIAN_POINT('',(-0.0580189812790847,-0.0523508547405135,-0.002));
#4578=CARTESIAN_POINT('',(-0.0582616450297406,-0.0516948219992719,-0.002));
#4579=CARTESIAN_POINT('',(-0.0585104570126762,-0.0510156063908717,-0.002));
#4580=CARTESIAN_POINT('',(-0.0586772650836421,-0.0505626270551147,-0.002));
#4581=CARTESIAN_POINT('',(-0.0587599775730547,-0.0503402114747891,-0.002));
#4582=CARTESIAN_POINT('',(-0.0229971725380248,-0.0680400714105005,-0.002));
#4583=CARTESIAN_POINT('',(-0.0229971725380248,-0.0680400714105005,0.));
#4584=CARTESIAN_POINT('',(-0.023622417984578,-0.0684242178533373,-0.002));
#4585=CARTESIAN_POINT('',(-0.023622417984578,-0.0684242178533373,0.));
#4586=CARTESIAN_POINT('',(-0.0248255933212495,-0.0689211665270208,-0.002));
#4587=CARTESIAN_POINT('',(-0.0248255933212495,-0.0689211665270208,-4.33680868994202E-19));
#4588=CARTESIAN_POINT('',(-0.0272577708935983,-0.0695382074991737,-0.002));
#4589=CARTESIAN_POINT('',(-0.0272577708935983,-0.0695382074991737,8.67361737988404E-19));
#4590=CARTESIAN_POINT('',(-0.030617109099615,-0.0699485201200001,-0.002));
#4591=CARTESIAN_POINT('',(-0.030617109099615,-0.0699485201200001,0.));
#4592=CARTESIAN_POINT('',(-0.035020636501299,-0.0701783078026968,-0.002));
#4593=CARTESIAN_POINT('',(-0.035020636501299,-0.0701783078026968,-8.67361737988404E-19));
#4594=CARTESIAN_POINT('',(-0.0393192125050109,-0.0702711838469954,-0.002));
#4595=CARTESIAN_POINT('',(-0.0393192125050109,-0.0702711838469954,0.));
#4596=CARTESIAN_POINT('',(-0.0430140403599152,-0.0703465101302359,-0.002));
#4597=CARTESIAN_POINT('',(-0.0430140403599152,-0.0703465101302359,-1.30104260698261E-18));
#4598=CARTESIAN_POINT('',(-0.0452814048213876,-0.0705166827478791,-0.002));
#4599=CARTESIAN_POINT('',(-0.0452814048213876,-0.0705166827478791,8.67361737988404E-19));
#4600=CARTESIAN_POINT('',(-0.0467619984093124,-0.0706877650988121,-0.002));
#4601=CARTESIAN_POINT('',(-0.0467619984093124,-0.0706877650988121,-8.67361737988404E-19));
#4602=CARTESIAN_POINT('',(-0.0482822021698047,-0.0706714156032929,-0.002));
#4603=CARTESIAN_POINT('',(-0.0482822021698047,-0.0706714156032929,0.));
#4604=CARTESIAN_POINT('',(-0.0491530858426419,-0.0705201793609882,-0.002));
#4605=CARTESIAN_POINT('',(-0.0491530858426419,-0.0705201793609882,0.));
#4606=CARTESIAN_POINT('',(-0.0495866109935037,-0.070398782127179,-0.002));
#4607=CARTESIAN_POINT('',(-0.0495866109935037,-0.070398782127179,0.));
#4608=CARTESIAN_POINT('',(-0.0229971725380248,-0.0680400714105005,0.));
#4609=CARTESIAN_POINT('',(-0.0231534838996631,-0.0681361080212097,0.));
#4610=CARTESIAN_POINT('',(-0.0234624395204252,-0.0683095578473408,0.));
#4611=CARTESIAN_POINT('',(-0.0239243726679316,-0.0685297380184199,0.));
#4612=CARTESIAN_POINT('',(-0.0243754159583796,-0.0687149814438336,0.));
#4613=CARTESIAN_POINT('',(-0.0249798498501544,-0.068931494016092,0.));
#4614=CARTESIAN_POINT('',(-0.025736596811092,-0.0691525388377901,0.));
#4615=CARTESIAN_POINT('',(-0.0269760104406326,-0.069437380507932,0.));
#4616=CARTESIAN_POINT('',(-0.0285979357270937,-0.0696991014873292,0.));
#4617=CARTESIAN_POINT('',(-0.0306646540446029,-0.0699163618186402,0.));
#4618=CARTESIAN_POINT('',(-0.0328184242466495,-0.0700639844958156,0.));
#4619=CARTESIAN_POINT('',(-0.0350072108107347,-0.0701611339871167,0.));
#4620=CARTESIAN_POINT('',(-0.0371716001202336,-0.0702244147335,0.));
#4621=CARTESIAN_POINT('',(-0.0392455985032137,-0.0702689095095044,0.));
#4622=CARTESIAN_POINT('',(-0.0411575327481708,-0.0703095005493966,0.));
#4623=CARTESIAN_POINT('',(-0.042836433388323,-0.0703583300910045,0.));
#4624=CARTESIAN_POINT('',(-0.0441535124645965,-0.0704310862024033,0.));
#4625=CARTESIAN_POINT('',(-0.0452183828188954,-0.0705223210093047,0.));
#4626=CARTESIAN_POINT('',(-0.0461707330321854,-0.0706148524511289,0.));
#4627=CARTESIAN_POINT('',(-0.0471423628053782,-0.070684936072962,0.));
#4628=CARTESIAN_POINT('',(-0.0480903740408887,-0.070673207610897,0.));
#4629=CARTESIAN_POINT('',(-0.0489385470191821,-0.0705581897747629,0.));
#4630=CARTESIAN_POINT('',(-0.0493698484180728,-0.0704594807440836,0.));
#4631=CARTESIAN_POINT('',(-0.0495866109935037,-0.070398782127179,0.));
#4632=CARTESIAN_POINT('',(-0.022997172538025,-0.0680400714105005,0.));
#4633=CARTESIAN_POINT('',(-0.0495866109935034,-0.0703987821271791,0.));
#4634=CARTESIAN_POINT('',(-0.0495866109935034,-0.0703987821271791,-0.002));
#4635=CARTESIAN_POINT('',(-0.0495866109935034,-0.0703987821271791,-0.002));
#4636=CARTESIAN_POINT('',(-0.0229971725380248,-0.0680400714105005,-0.002));
#4637=CARTESIAN_POINT('',(-0.0231534838996631,-0.0681361080212097,-0.002));
#4638=CARTESIAN_POINT('',(-0.0234624395204252,-0.0683095578473408,-0.002));
#4639=CARTESIAN_POINT('',(-0.0239243726679316,-0.0685297380184199,-0.002));
#4640=CARTESIAN_POINT('',(-0.0243754159583796,-0.0687149814438336,-0.002));
#4641=CARTESIAN_POINT('',(-0.0249798498501544,-0.068931494016092,-0.002));
#4642=CARTESIAN_POINT('',(-0.025736596811092,-0.0691525388377901,-0.002));
#4643=CARTESIAN_POINT('',(-0.0269760104406326,-0.069437380507932,-0.002));
#4644=CARTESIAN_POINT('',(-0.0285979357270937,-0.0696991014873292,-0.002));
#4645=CARTESIAN_POINT('',(-0.0306646540446029,-0.0699163618186402,-0.002));
#4646=CARTESIAN_POINT('',(-0.0328184242466495,-0.0700639844958156,-0.002));
#4647=CARTESIAN_POINT('',(-0.0350072108107347,-0.0701611339871167,-0.002));
#4648=CARTESIAN_POINT('',(-0.0371716001202336,-0.0702244147335,-0.002));
#4649=CARTESIAN_POINT('',(-0.0392455985032137,-0.0702689095095044,-0.002));
#4650=CARTESIAN_POINT('',(-0.0411575327481708,-0.0703095005493966,-0.002));
#4651=CARTESIAN_POINT('',(-0.042836433388323,-0.0703583300910045,-0.002));
#4652=CARTESIAN_POINT('',(-0.0441535124645965,-0.0704310862024033,-0.002));
#4653=CARTESIAN_POINT('',(-0.0452183828188954,-0.0705223210093047,-0.002));
#4654=CARTESIAN_POINT('',(-0.0461707330321854,-0.0706148524511289,-0.002));
#4655=CARTESIAN_POINT('',(-0.0471423628053782,-0.070684936072962,-0.002));
#4656=CARTESIAN_POINT('',(-0.0480903740408887,-0.070673207610897,-0.002));
#4657=CARTESIAN_POINT('',(-0.0489385470191821,-0.0705581897747629,-0.002));
#4658=CARTESIAN_POINT('',(-0.0493698484180728,-0.0704594807440836,-0.002));
#4659=CARTESIAN_POINT('',(-0.0495866109935037,-0.070398782127179,-0.002));
#4660=CARTESIAN_POINT('',(-0.022997172538025,-0.0680400714105005,-0.002));
#4661=CARTESIAN_POINT('',(-0.022997172538025,-0.0680400714105005,-0.002));
#4662=CARTESIAN_POINT('',(-0.0495866109935031,-0.07039878212718,-0.002));
#4663=CARTESIAN_POINT('',(-0.0495866109935031,-0.07039878212718,8.67361737988404E-19));
#4664=CARTESIAN_POINT('',(-0.0499597682414888,-0.0706445904486495,-0.002));
#4665=CARTESIAN_POINT('',(-0.0499597682414888,-0.0706445904486495,8.67361737988404E-19));
#4666=CARTESIAN_POINT('',(-0.0507647581483139,-0.0710372235669736,-0.002));
#4667=CARTESIAN_POINT('',(-0.0507647581483139,-0.0710372235669736,1.30104260698261E-18));
#4668=CARTESIAN_POINT('',(-0.0517914246958901,-0.0713435462860963,-0.002));
#4669=CARTESIAN_POINT('',(-0.0517914246958901,-0.0713435462860963,8.67361737988404E-19));
#4670=CARTESIAN_POINT('',(-0.0528117210203853,-0.0715488406109177,-0.002));
#4671=CARTESIAN_POINT('',(-0.0528117210203853,-0.0715488406109177,4.33680868994202E-19));
#4672=CARTESIAN_POINT('',(-0.0541701801356856,-0.0717163608732659,-0.002));
#4673=CARTESIAN_POINT('',(-0.0541701801356856,-0.0717163608732659,8.67361737988404E-19));
#4674=CARTESIAN_POINT('',(-0.0555568600830633,-0.0717692925981553,-0.002));
#4675=CARTESIAN_POINT('',(-0.0555568600830633,-0.0717692925981553,8.67361737988404E-19));
#4676=CARTESIAN_POINT('',(-0.0569338451740113,-0.0717243538754296,-0.002));
#4677=CARTESIAN_POINT('',(-0.0569338451740113,-0.0717243538754296,4.33680868994202E-19));
#4678=CARTESIAN_POINT('',(-0.0579514074979627,-0.0716401285306478,-0.002));
#4679=CARTESIAN_POINT('',(-0.0579514074979627,-0.0716401285306478,1.30104260698261E-18));
#4680=CARTESIAN_POINT('',(-0.058945599430973,-0.071501516225112,-0.002));
#4681=CARTESIAN_POINT('',(-0.058945599430973,-0.071501516225112,8.67361737988404E-19));
#4682=CARTESIAN_POINT('',(-0.0599289644980675,-0.0712918337453235,-0.002));
#4683=CARTESIAN_POINT('',(-0.0599289644980675,-0.0712918337453235,8.67361737988404E-19));
#4684=CARTESIAN_POINT('',(-0.0607635547174827,-0.0710296704494174,-0.002));
#4685=CARTESIAN_POINT('',(-0.0607635547174827,-0.0710296704494174,1.30104260698261E-18));
#4686=CARTESIAN_POINT('',(-0.0614995486498233,-0.0706963725184913,-0.002));
#4687=CARTESIAN_POINT('',(-0.0614995486498233,-0.0706963725184913,4.33680868994202E-19));
#4688=CARTESIAN_POINT('',(-0.0621030265197124,-0.0703408485749921,-0.002));
#4689=CARTESIAN_POINT('',(-0.0621030265197124,-0.0703408485749921,8.67361737988404E-19));
#4690=CARTESIAN_POINT('',(-0.0627867893591655,-0.0697954761182233,-0.002));
#4691=CARTESIAN_POINT('',(-0.0627867893591655,-0.0697954761182233,8.67361737988404E-19));
#4692=CARTESIAN_POINT('',(-0.0635116113718114,-0.0688997982462708,-0.002));
#4693=CARTESIAN_POINT('',(-0.0635116113718114,-0.0688997982462708,4.33680868994202E-19));
#4694=CARTESIAN_POINT('',(-0.0640064336118219,-0.06767498910838,-0.002));
#4695=CARTESIAN_POINT('',(-0.0640064336118219,-0.06767498910838,8.67361737988404E-19));
#4696=CARTESIAN_POINT('',(-0.0640948490945637,-0.0664289179070577,-0.002));
#4697=CARTESIAN_POINT('',(-0.0640948490945637,-0.0664289179070577,8.67361737988404E-19));
#4698=CARTESIAN_POINT('',(-0.0638972044284362,-0.065404661413258,-0.002));
#4699=CARTESIAN_POINT('',(-0.0638972044284362,-0.065404661413258,8.67361737988404E-19));
#4700=CARTESIAN_POINT('',(-0.0634833740097971,-0.0643991109416979,-0.002));
#4701=CARTESIAN_POINT('',(-0.0634833740097971,-0.0643991109416979,8.67361737988404E-19));
#4702=CARTESIAN_POINT('',(-0.0629260027980702,-0.063599138620551,-0.002));
#4703=CARTESIAN_POINT('',(-0.0629260027980702,-0.063599138620551,-4.33680868994202E-19));
#4704=CARTESIAN_POINT('',(-0.0623243142243027,-0.0629299647800812,-0.002));
#4705=CARTESIAN_POINT('',(-0.0623243142243027,-0.0629299647800812,1.30104260698261E-18));
#4706=CARTESIAN_POINT('',(-0.0617551242114488,-0.0623831410858416,-0.002));
#4707=CARTESIAN_POINT('',(-0.0617551242114488,-0.0623831410858416,8.67361737988404E-19));
#4708=CARTESIAN_POINT('',(-0.0612067143596678,-0.0618878421054082,-0.002));
#4709=CARTESIAN_POINT('',(-0.0612067143596678,-0.0618878421054082,8.67361737988404E-19));
#4710=CARTESIAN_POINT('',(-0.0605131398899597,-0.0612715485260651,-0.002));
#4711=CARTESIAN_POINT('',(-0.0605131398899597,-0.0612715485260651,8.67361737988404E-19));
#4712=CARTESIAN_POINT('',(-0.0597375490415181,-0.0605431888572863,-0.002));
#4713=CARTESIAN_POINT('',(-0.0597375490415181,-0.0605431888572863,4.33680868994202E-19));
#4714=CARTESIAN_POINT('',(-0.059208518927864,-0.0599101488261288,-0.002));
#4715=CARTESIAN_POINT('',(-0.059208518927864,-0.0599101488261288,1.30104260698261E-18));
#4716=CARTESIAN_POINT('',(-0.0587869927749281,-0.0592038778215739,-0.002));
#4717=CARTESIAN_POINT('',(-0.0587869927749281,-0.0592038778215739,4.33680868994202E-19));
#4718=CARTESIAN_POINT('',(-0.0583226648246394,-0.0581002993463548,-0.002));
#4719=CARTESIAN_POINT('',(-0.0583226648246394,-0.0581002993463548,8.67361737988404E-19));
#4720=CARTESIAN_POINT('',(-0.0580724561561399,-0.057046705382945,-0.002));
#4721=CARTESIAN_POINT('',(-0.0580724561561399,-0.057046705382945,4.33680868994202E-19));
#4722=CARTESIAN_POINT('',(-0.0579374283444841,-0.0562518930860987,-0.002));
#4723=CARTESIAN_POINT('',(-0.0579374283444841,-0.0562518930860987,4.33680868994202E-19));
#4724=CARTESIAN_POINT('',(-0.0495866109935031,-0.07039878212718,0.));
#4725=CARTESIAN_POINT('',(-0.0497731896174959,-0.0705216862879147,0.));
#4726=CARTESIAN_POINT('',(-0.050174768816516,-0.0707523655449993,0.));
#4727=CARTESIAN_POINT('',(-0.0507400348631734,-0.0710004720341845,0.));
#4728=CARTESIAN_POINT('',(-0.051272822308011,-0.0711864607617403,0.));
#4729=CARTESIAN_POINT('',(-0.0519645174158339,-0.0713800295565181,0.));
#4730=CARTESIAN_POINT('',(-0.0528106765980888,-0.0715480534883266,0.));
#4731=CARTESIAN_POINT('',(-0.0538308821625531,-0.0716747508139828,0.));
#4732=CARTESIAN_POINT('',(-0.0548632973089001,-0.0717425338330857,0.));
#4733=CARTESIAN_POINT('',(-0.0559011775699773,-0.0717581362150573,0.));
#4734=CARTESIAN_POINT('',(-0.0569337831177764,-0.0717243335877209,0.));
#4735=CARTESIAN_POINT('',(-0.0579515845087246,-0.0716401313838992,0.));
#4736=CARTESIAN_POINT('',(-0.0587793919549205,-0.0715246261471623,0.));
#4737=CARTESIAN_POINT('',(-0.0594381624393589,-0.0713966602465377,0.));
#4738=CARTESIAN_POINT('',(-0.0599307362630601,-0.0712790861177853,0.));
#4739=CARTESIAN_POINT('',(-0.0604308226930097,-0.0711330842789634,0.));
#4740=CARTESIAN_POINT('',(-0.0609473263282564,-0.0709467095036091,0.));
#4741=CARTESIAN_POINT('',(-0.0614073477845223,-0.070738093133614,0.));
#4742=CARTESIAN_POINT('',(-0.061801695881995,-0.0705184327665946,0.));
#4743=CARTESIAN_POINT('',(-0.0620633417925345,-0.0703492498197268,0.));
#4744=CARTESIAN_POINT('',(-0.0622748676409578,-0.0701952852395146,0.));
#4745=CARTESIAN_POINT('',(-0.0625001685482535,-0.0700172225709033,0.));
#4746=CARTESIAN_POINT('',(-0.0627943383055615,-0.0697490215063389,0.));
#4747=CARTESIAN_POINT('',(-0.0631431075091471,-0.0693556024849852,0.));
#4748=CARTESIAN_POINT('',(-0.0634838882063188,-0.0688564270979457,0.));
#4749=CARTESIAN_POINT('',(-0.0637610081238096,-0.0682883473349201,0.));
#4750=CARTESIAN_POINT('',(-0.0639225170856936,-0.0677746762210525,0.));
#4751=CARTESIAN_POINT('',(-0.0640033650778208,-0.0673622496285464,0.));
#4752=CARTESIAN_POINT('',(-0.0640534795341263,-0.0669468191220704,0.));
#4753=CARTESIAN_POINT('',(-0.0640584557958537,-0.0664575513925493,0.));
#4754=CARTESIAN_POINT('',(-0.0639967269533173,-0.0659204439116995,0.));
#4755=CARTESIAN_POINT('',(-0.063883412322003,-0.065438176935915,0.));
#4756=CARTESIAN_POINT('',(-0.0637640038715309,-0.0650937882095854,0.));
#4757=CARTESIAN_POINT('',(-0.0636637901525435,-0.0648516145217475,0.));
#4758=CARTESIAN_POINT('',(-0.0635580481323189,-0.0646214679081281,0.));
#4759=CARTESIAN_POINT('',(-0.0634210070748387,-0.0643631603802348,0.));
#4760=CARTESIAN_POINT('',(-0.0632591905328692,-0.0640972590410789,0.));
#4761=CARTESIAN_POINT('',(-0.063094924557656,-0.0638561867940065,0.));
#4762=CARTESIAN_POINT('',(-0.0629370588775623,-0.0636449033963475,0.));
#4763=CARTESIAN_POINT('',(-0.0627800136008212,-0.0634498242888168,0.));
#4764=CARTESIAN_POINT('',(-0.0625783675902845,-0.0632145291716364,0.));
#4765=CARTESIAN_POINT('',(-0.0622275345316839,-0.0628365418946601,0.));
#4766=CARTESIAN_POINT('',(-0.06175571598839,-0.0623838332445452,0.));
#4767=CARTESIAN_POINT('',(-0.0612067632358628,-0.0618879546259917,0.));
#4768=CARTESIAN_POINT('',(-0.0606857462256658,-0.0614244796798635,0.));
#4769=CARTESIAN_POINT('',(-0.060206003801272,-0.0609846611021198,0.));
#4770=CARTESIAN_POINT('',(-0.0598594603032217,-0.0606439890276597,0.));
#4771=CARTESIAN_POINT('',(-0.0596252572707389,-0.060393949887336,0.));
#4772=CARTESIAN_POINT('',(-0.059476111497447,-0.0602234475247443,0.));
#4773=CARTESIAN_POINT('',(-0.0593485786429298,-0.0600650879400399,0.));
#4774=CARTESIAN_POINT('',(-0.0591839362902608,-0.0598429104701803,0.));
#4775=CARTESIAN_POINT('',(-0.05899822399276,-0.0595575210266169,0.));
#4776=CARTESIAN_POINT('',(-0.0587286600520477,-0.0590656832637883,0.));
#4777=CARTESIAN_POINT('',(-0.0584390316672403,-0.0583758806867805,0.));
#4778=CARTESIAN_POINT('',(-0.0581551266714438,-0.0573993905266486,0.));
#4779=CARTESIAN_POINT('',(-0.058004942250312,-0.0566492992345218,0.));
#4780=CARTESIAN_POINT('',(-0.0579374283444841,-0.0562518930860987,0.));
#4781=CARTESIAN_POINT('',(-0.0579374283444841,-0.0562518930860988,0.));
#4782=CARTESIAN_POINT('',(-0.0579374283444841,-0.0562518930860988,-0.002));
#4783=CARTESIAN_POINT('',(-0.0579374283444841,-0.0562518930860988,-0.002));
#4784=CARTESIAN_POINT('',(-0.0495866109935031,-0.07039878212718,-0.002));
#4785=CARTESIAN_POINT('',(-0.0497731896174959,-0.0705216862879147,-0.002));
#4786=CARTESIAN_POINT('',(-0.050174768816516,-0.0707523655449993,-0.002));
#4787=CARTESIAN_POINT('',(-0.0507400348631734,-0.0710004720341845,-0.002));
#4788=CARTESIAN_POINT('',(-0.051272822308011,-0.0711864607617403,-0.002));
#4789=CARTESIAN_POINT('',(-0.0519645174158339,-0.0713800295565181,-0.002));
#4790=CARTESIAN_POINT('',(-0.0528106765980888,-0.0715480534883266,-0.002));
#4791=CARTESIAN_POINT('',(-0.0538308821625531,-0.0716747508139828,-0.002));
#4792=CARTESIAN_POINT('',(-0.0548632973089001,-0.0717425338330857,-0.002));
#4793=CARTESIAN_POINT('',(-0.0559011775699773,-0.0717581362150573,-0.002));
#4794=CARTESIAN_POINT('',(-0.0569337831177764,-0.0717243335877209,-0.002));
#4795=CARTESIAN_POINT('',(-0.0579515845087246,-0.0716401313838992,-0.002));
#4796=CARTESIAN_POINT('',(-0.0587793919549205,-0.0715246261471623,-0.002));
#4797=CARTESIAN_POINT('',(-0.0594381624393589,-0.0713966602465377,-0.002));
#4798=CARTESIAN_POINT('',(-0.0599307362630601,-0.0712790861177853,-0.002));
#4799=CARTESIAN_POINT('',(-0.0604308226930097,-0.0711330842789634,-0.002));
#4800=CARTESIAN_POINT('',(-0.0609473263282564,-0.0709467095036091,-0.002));
#4801=CARTESIAN_POINT('',(-0.0614073477845223,-0.070738093133614,-0.002));
#4802=CARTESIAN_POINT('',(-0.061801695881995,-0.0705184327665946,-0.002));
#4803=CARTESIAN_POINT('',(-0.0620633417925345,-0.0703492498197268,-0.002));
#4804=CARTESIAN_POINT('',(-0.0622748676409578,-0.0701952852395146,-0.002));
#4805=CARTESIAN_POINT('',(-0.0625001685482535,-0.0700172225709033,-0.002));
#4806=CARTESIAN_POINT('',(-0.0627943383055615,-0.0697490215063389,-0.002));
#4807=CARTESIAN_POINT('',(-0.0631431075091471,-0.0693556024849852,-0.002));
#4808=CARTESIAN_POINT('',(-0.0634838882063188,-0.0688564270979457,-0.002));
#4809=CARTESIAN_POINT('',(-0.0637610081238096,-0.0682883473349201,-0.002));
#4810=CARTESIAN_POINT('',(-0.0639225170856936,-0.0677746762210525,-0.002));
#4811=CARTESIAN_POINT('',(-0.0640033650778208,-0.0673622496285464,-0.002));
#4812=CARTESIAN_POINT('',(-0.0640534795341263,-0.0669468191220704,-0.002));
#4813=CARTESIAN_POINT('',(-0.0640584557958537,-0.0664575513925493,-0.002));
#4814=CARTESIAN_POINT('',(-0.0639967269533173,-0.0659204439116995,-0.002));
#4815=CARTESIAN_POINT('',(-0.063883412322003,-0.065438176935915,-0.002));
#4816=CARTESIAN_POINT('',(-0.0637640038715309,-0.0650937882095854,-0.002));
#4817=CARTESIAN_POINT('',(-0.0636637901525435,-0.0648516145217475,-0.002));
#4818=CARTESIAN_POINT('',(-0.0635580481323189,-0.0646214679081281,-0.002));
#4819=CARTESIAN_POINT('',(-0.0634210070748387,-0.0643631603802348,-0.002));
#4820=CARTESIAN_POINT('',(-0.0632591905328692,-0.0640972590410789,-0.002));
#4821=CARTESIAN_POINT('',(-0.063094924557656,-0.0638561867940065,-0.002));
#4822=CARTESIAN_POINT('',(-0.0629370588775623,-0.0636449033963475,-0.002));
#4823=CARTESIAN_POINT('',(-0.0627800136008212,-0.0634498242888168,-0.002));
#4824=CARTESIAN_POINT('',(-0.0625783675902845,-0.0632145291716364,-0.002));
#4825=CARTESIAN_POINT('',(-0.0622275345316839,-0.0628365418946601,-0.002));
#4826=CARTESIAN_POINT('',(-0.06175571598839,-0.0623838332445452,-0.002));
#4827=CARTESIAN_POINT('',(-0.0612067632358628,-0.0618879546259917,-0.002));
#4828=CARTESIAN_POINT('',(-0.0606857462256658,-0.0614244796798635,-0.002));
#4829=CARTESIAN_POINT('',(-0.060206003801272,-0.0609846611021198,-0.002));
#4830=CARTESIAN_POINT('',(-0.0598594603032217,-0.0606439890276597,-0.002));
#4831=CARTESIAN_POINT('',(-0.0596252572707389,-0.060393949887336,-0.002));
#4832=CARTESIAN_POINT('',(-0.059476111497447,-0.0602234475247443,-0.002));
#4833=CARTESIAN_POINT('',(-0.0593485786429298,-0.0600650879400399,-0.002));
#4834=CARTESIAN_POINT('',(-0.0591839362902608,-0.0598429104701803,-0.002));
#4835=CARTESIAN_POINT('',(-0.05899822399276,-0.0595575210266169,-0.002));
#4836=CARTESIAN_POINT('',(-0.0587286600520477,-0.0590656832637883,-0.002));
#4837=CARTESIAN_POINT('',(-0.0584390316672403,-0.0583758806867805,-0.002));
#4838=CARTESIAN_POINT('',(-0.0581551266714438,-0.0573993905266486,-0.002));
#4839=CARTESIAN_POINT('',(-0.058004942250312,-0.0566492992345218,-0.002));
#4840=CARTESIAN_POINT('',(-0.0579374283444841,-0.0562518930860987,-0.002));
#4841=CARTESIAN_POINT('',(-0.0579374283444838,-0.056251893086099,-0.002));
#4842=CARTESIAN_POINT('',(-0.0579374283444838,-0.056251893086099,0.));
#4843=CARTESIAN_POINT('',(-0.0580589687942612,-0.0561365293991648,-0.002));
#4844=CARTESIAN_POINT('',(-0.0580589687942612,-0.0561365293991648,0.));
#4845=CARTESIAN_POINT('',(-0.0582255440452095,-0.0559543295944147,-0.002));
#4846=CARTESIAN_POINT('',(-0.0582255440452095,-0.0559543295944147,0.));
#4847=CARTESIAN_POINT('',(-0.0584779934547745,-0.0556373659866718,-0.002));
#4848=CARTESIAN_POINT('',(-0.0584779934547745,-0.0556373659866718,0.));
#4849=CARTESIAN_POINT('',(-0.0587356994019086,-0.0552368316392424,-0.002));
#4850=CARTESIAN_POINT('',(-0.0587356994019086,-0.0552368316392424,4.33680868994202E-19));
#4851=CARTESIAN_POINT('',(-0.0589454473465715,-0.0548338846015484,-0.002));
#4852=CARTESIAN_POINT('',(-0.0589454473465715,-0.0548338846015484,4.33680868994202E-19));
#4853=CARTESIAN_POINT('',(-0.0591408310370878,-0.0544057388904486,-0.002));
#4854=CARTESIAN_POINT('',(-0.0591408310370878,-0.0544057388904486,-8.67361737988404E-19));
#4855=CARTESIAN_POINT('',(-0.05932143932214,-0.0539727283403952,-0.002));
#4856=CARTESIAN_POINT('',(-0.05932143932214,-0.0539727283403952,0.));
#4857=CARTESIAN_POINT('',(-0.0595000113424791,-0.0535199842192785,-0.002));
#4858=CARTESIAN_POINT('',(-0.0595000113424791,-0.0535199842192785,0.));
#4859=CARTESIAN_POINT('',(-0.0597411627932486,-0.0528857946700235,-0.002));
#4860=CARTESIAN_POINT('',(-0.0597411627932486,-0.0528857946700235,-4.33680868994202E-19));
#4861=CARTESIAN_POINT('',(-0.0599266505826162,-0.0523817332379069,-0.002));
#4862=CARTESIAN_POINT('',(-0.0599266505826162,-0.0523817332379069,0.));
#4863=CARTESIAN_POINT('',(-0.0600510065786104,-0.0520429838681663,-0.002));
#4864=CARTESIAN_POINT('',(-0.0600510065786104,-0.0520429838681663,0.));
#4865=CARTESIAN_POINT('',(-0.0579374283444838,-0.056251893086099,0.));
#4866=CARTESIAN_POINT('',(-0.0579981985693725,-0.0561942112426319,0.));
#4867=CARTESIAN_POINT('',(-0.0580775380995385,-0.0561130287092975,0.));
#4868=CARTESIAN_POINT('',(-0.0581577253200578,-0.0560258784416494,0.));
#4869=CARTESIAN_POINT('',(-0.0582355936608519,-0.0559379649710237,0.));
#4870=CARTESIAN_POINT('',(-0.0583228765820644,-0.0558328094720548,0.));
#4871=CARTESIAN_POINT('',(-0.0584079428869202,-0.0557225460274655,0.));
#4872=CARTESIAN_POINT('',(-0.0584820440503814,-0.0556206911686201,0.));
#4873=CARTESIAN_POINT('',(-0.0585473639524424,-0.0555254668023087,0.));
#4874=CARTESIAN_POINT('',(-0.0586018150949424,-0.0554422276150378,0.));
#4875=CARTESIAN_POINT('',(-0.0587028823557976,-0.0552811057651286,0.));
#4876=CARTESIAN_POINT('',(-0.0588166912887211,-0.0550793076881382,0.));
#4877=CARTESIAN_POINT('',(-0.0589392650986748,-0.0548396243096245,0.));
#4878=CARTESIAN_POINT('',(-0.0590426185529297,-0.0546208934167873,0.));
#4879=CARTESIAN_POINT('',(-0.0591712327983788,-0.0543329464355188,0.));
#4880=CARTESIAN_POINT('',(-0.0593213390925992,-0.0539729362557389,0.));
#4881=CARTESIAN_POINT('',(-0.0595000317581952,-0.0535199429768774,0.));
#4882=CARTESIAN_POINT('',(-0.0596808934972327,-0.053044299111598,0.));
#4883=CARTESIAN_POINT('',(-0.0598647266370718,-0.0525499667406371,0.));
#4884=CARTESIAN_POINT('',(-0.0599888285806133,-0.0522123585530366,0.));
#4885=CARTESIAN_POINT('',(-0.0600510065786104,-0.0520429838681663,0.));
#4886=CARTESIAN_POINT('',(-0.0600510065786103,-0.0520429838681664,0.));
#4887=CARTESIAN_POINT('',(-0.0600510065786103,-0.0520429838681664,-0.002));
#4888=CARTESIAN_POINT('',(-0.0600510065786103,-0.0520429838681664,-0.002));
#4889=CARTESIAN_POINT('',(-0.0579374283444838,-0.056251893086099,-0.002));
#4890=CARTESIAN_POINT('',(-0.0579981985693725,-0.0561942112426319,-0.002));
#4891=CARTESIAN_POINT('',(-0.0580775380995385,-0.0561130287092975,-0.002));
#4892=CARTESIAN_POINT('',(-0.0581577253200578,-0.0560258784416494,-0.002));
#4893=CARTESIAN_POINT('',(-0.0582355936608519,-0.0559379649710237,-0.002));
#4894=CARTESIAN_POINT('',(-0.0583228765820644,-0.0558328094720548,-0.002));
#4895=CARTESIAN_POINT('',(-0.0584079428869202,-0.0557225460274655,-0.002));
#4896=CARTESIAN_POINT('',(-0.0584820440503814,-0.0556206911686201,-0.002));
#4897=CARTESIAN_POINT('',(-0.0585473639524424,-0.0555254668023087,-0.002));
#4898=CARTESIAN_POINT('',(-0.0586018150949424,-0.0554422276150378,-0.002));
#4899=CARTESIAN_POINT('',(-0.0587028823557976,-0.0552811057651286,-0.002));
#4900=CARTESIAN_POINT('',(-0.0588166912887211,-0.0550793076881382,-0.002));
#4901=CARTESIAN_POINT('',(-0.0589392650986748,-0.0548396243096245,-0.002));
#4902=CARTESIAN_POINT('',(-0.0590426185529297,-0.0546208934167873,-0.002));
#4903=CARTESIAN_POINT('',(-0.0591712327983788,-0.0543329464355188,-0.002));
#4904=CARTESIAN_POINT('',(-0.0593213390925992,-0.0539729362557389,-0.002));
#4905=CARTESIAN_POINT('',(-0.0595000317581952,-0.0535199429768774,-0.002));
#4906=CARTESIAN_POINT('',(-0.0596808934972327,-0.053044299111598,-0.002));
#4907=CARTESIAN_POINT('',(-0.0598647266370718,-0.0525499667406371,-0.002));
#4908=CARTESIAN_POINT('',(-0.0599888285806133,-0.0522123585530366,-0.002));
#4909=CARTESIAN_POINT('',(-0.0600510065786104,-0.0520429838681663,-0.002));
#4910=CARTESIAN_POINT('',(-0.0600510065786102,-0.0520429838681661,-0.002));
#4911=CARTESIAN_POINT('',(-0.0600510065786102,-0.0520429838681661,0.));
#4912=CARTESIAN_POINT('',(-0.060464766532983,-0.0519393809916079,-0.002));
#4913=CARTESIAN_POINT('',(-0.060464766532983,-0.0519393809916079,0.));
#4914=CARTESIAN_POINT('',(-0.0611151404091203,-0.0516455568673954,-0.002));
#4915=CARTESIAN_POINT('',(-0.0611151404091203,-0.0516455568673954,-1.30104260698261E-18));
#4916=CARTESIAN_POINT('',(-0.0619187841751586,-0.0510657511739436,-0.002));
#4917=CARTESIAN_POINT('',(-0.0619187841751586,-0.0510657511739436,8.67361737988404E-19));
#4918=CARTESIAN_POINT('',(-0.0624680776925429,-0.0504511445109637,-0.002));
#4919=CARTESIAN_POINT('',(-0.0624680776925429,-0.0504511445109637,4.33680868994202E-19));
#4920=CARTESIAN_POINT('',(-0.0629055102416297,-0.0498294984078793,-0.002));
#4921=CARTESIAN_POINT('',(-0.0629055102416297,-0.0498294984078793,-4.33680868994202E-19));
#4922=CARTESIAN_POINT('',(-0.0633777323901038,-0.0490159694804591,-0.002));
#4923=CARTESIAN_POINT('',(-0.0633777323901038,-0.0490159694804591,0.));
#4924=CARTESIAN_POINT('',(-0.0638818549169907,-0.0479449282818288,-0.002));
#4925=CARTESIAN_POINT('',(-0.0638818549169907,-0.0479449282818288,0.));
#4926=CARTESIAN_POINT('',(-0.064441457018553,-0.0464859746917044,-0.002));
#4927=CARTESIAN_POINT('',(-0.064441457018553,-0.0464859746917044,0.));
#4928=CARTESIAN_POINT('',(-0.064949423279628,-0.0448724546371947,-0.002));
#4929=CARTESIAN_POINT('',(-0.064949423279628,-0.0448724546371947,-4.33680868994202E-19));
#4930=CARTESIAN_POINT('',(-0.0655280360266214,-0.0425559243930025,-0.002));
#4931=CARTESIAN_POINT('',(-0.0655280360266214,-0.0425559243930025,4.33680868994202E-19));
#4932=CARTESIAN_POINT('',(-0.0659076107637179,-0.0401026284408425,-0.002));
#4933=CARTESIAN_POINT('',(-0.0659076107637179,-0.0401026284408425,0.));
#4934=CARTESIAN_POINT('',(-0.0658965684260658,-0.03753014406371,-0.002));
#4935=CARTESIAN_POINT('',(-0.0658965684260658,-0.03753014406371,0.));
#4936=CARTESIAN_POINT('',(-0.0655182404584354,-0.0350799618177377,-0.002));
#4937=CARTESIAN_POINT('',(-0.0655182404584354,-0.0350799618177377,-4.33680868994202E-19));
#4938=CARTESIAN_POINT('',(-0.0645303985747268,-0.0325486747423629,-0.002));
#4939=CARTESIAN_POINT('',(-0.0645303985747268,-0.0325486747423629,0.));
#4940=CARTESIAN_POINT('',(-0.0631499404197246,-0.0303643136819746,-0.002));
#4941=CARTESIAN_POINT('',(-0.0631499404197246,-0.0303643136819746,-4.33680868994202E-19));
#4942=CARTESIAN_POINT('',(-0.0624869871951134,-0.0294099063282132,-0.002));
#4943=CARTESIAN_POINT('',(-0.0624869871951134,-0.0294099063282132,0.));
#4944=CARTESIAN_POINT('',(-0.062295701827881,-0.0290945344679584,-0.002));
#4945=CARTESIAN_POINT('',(-0.062295701827881,-0.0290945344679584,0.));
#4946=CARTESIAN_POINT('',(-0.0600510065786102,-0.0520429838681661,0.));
#4947=CARTESIAN_POINT('',(-0.0602578865557966,-0.051991182429887,0.));
#4948=CARTESIAN_POINT('',(-0.0605319233454925,-0.0518977065604828,0.));
#4949=CARTESIAN_POINT('',(-0.0608494155808817,-0.051755118644582,0.));
#4950=CARTESIAN_POINT('',(-0.0611252733346646,-0.0516109095838626,0.));
#4951=CARTESIAN_POINT('',(-0.0613614532639094,-0.0514616045758388,0.));
#4952=CARTESIAN_POINT('',(-0.0615535908374692,-0.0513233802152798,0.));
#4953=CARTESIAN_POINT('',(-0.0617345870602166,-0.0511827909281406,0.));
#4954=CARTESIAN_POINT('',(-0.0618937970802643,-0.0510434941726435,0.));
#4955=CARTESIAN_POINT('',(-0.0620307779935626,-0.050911932106,0.));
#4956=CARTESIAN_POINT('',(-0.0621502676727244,-0.0507909463236222,0.));
#4957=CARTESIAN_POINT('',(-0.0622870796501825,-0.0506427156123493,0.));
#4958=CARTESIAN_POINT('',(-0.0624342136206634,-0.050468760945035,0.));
#4959=CARTESIAN_POINT('',(-0.0625628123506467,-0.0503049895657848,0.));
#4960=CARTESIAN_POINT('',(-0.0627216989948217,-0.0500890835126183,0.));
#4961=CARTESIAN_POINT('',(-0.0629643489692358,-0.0497276406084956,0.));
#4962=CARTESIAN_POINT('',(-0.0632601744931826,-0.0492188680944913,0.));
#4963=CARTESIAN_POINT('',(-0.0635777172172525,-0.0485895907688814,0.));
#4964=CARTESIAN_POINT('',(-0.0638765932666244,-0.0479226716841086,0.));
#4965=CARTESIAN_POINT('',(-0.064161694287492,-0.0472155880338894,0.));
#4966=CARTESIAN_POINT('',(-0.0645261161771918,-0.0462170402452558,0.));
#4967=CARTESIAN_POINT('',(-0.0649492486448908,-0.0448719018378545,0.));
#4968=CARTESIAN_POINT('',(-0.0653840487137226,-0.04313717491638,0.));
#4969=CARTESIAN_POINT('',(-0.0656601202310441,-0.0416239936251842,0.));
#4970=CARTESIAN_POINT('',(-0.0658099960624753,-0.0403885324889049,0.));
#4971=CARTESIAN_POINT('',(-0.0658804723354859,-0.0394508013994464,0.));
#4972=CARTESIAN_POINT('',(-0.0659019071340361,-0.0385057117801795,0.));
#4973=CARTESIAN_POINT('',(-0.0658620076921964,-0.0375403326960336,0.));
#4974=CARTESIAN_POINT('',(-0.0657540084310896,-0.0366055484163166,0.));
#4975=CARTESIAN_POINT('',(-0.0655314905931182,-0.0354248350118141,0.));
#4976=CARTESIAN_POINT('',(-0.0651239473374635,-0.0340677942326423,0.));
#4977=CARTESIAN_POINT('',(-0.0645060389197242,-0.0326554548873638,0.));
#4978=CARTESIAN_POINT('',(-0.0638392405374485,-0.0314556181021414,0.));
#4979=CARTESIAN_POINT('',(-0.0631982532002587,-0.0304572451151365,0.));
#4980=CARTESIAN_POINT('',(-0.0627442234483346,-0.0297879021516115,0.));
#4981=CARTESIAN_POINT('',(-0.0624553074177473,-0.029350842641786,0.));
#4982=CARTESIAN_POINT('',(-0.0623435231696891,-0.0291733774330221,0.));
#4983=CARTESIAN_POINT('',(-0.062295701827881,-0.0290945344679584,0.));
#4984=CARTESIAN_POINT('',(-0.062295701827881,-0.0290945344679584,0.));
#4985=CARTESIAN_POINT('',(-0.062295701827881,-0.0290945344679584,-0.002));
#4986=CARTESIAN_POINT('',(-0.062295701827881,-0.0290945344679584,-0.002));
#4987=CARTESIAN_POINT('',(-0.0600510065786102,-0.0520429838681661,-0.002));
#4988=CARTESIAN_POINT('',(-0.0602578865557966,-0.051991182429887,-0.002));
#4989=CARTESIAN_POINT('',(-0.0605319233454925,-0.0518977065604828,-0.002));
#4990=CARTESIAN_POINT('',(-0.0608494155808817,-0.051755118644582,-0.002));
#4991=CARTESIAN_POINT('',(-0.0611252733346646,-0.0516109095838626,-0.002));
#4992=CARTESIAN_POINT('',(-0.0613614532639094,-0.0514616045758388,-0.002));
#4993=CARTESIAN_POINT('',(-0.0615535908374692,-0.0513233802152798,-0.002));
#4994=CARTESIAN_POINT('',(-0.0617345870602166,-0.0511827909281406,-0.002));
#4995=CARTESIAN_POINT('',(-0.0618937970802643,-0.0510434941726435,-0.002));
#4996=CARTESIAN_POINT('',(-0.0620307779935626,-0.050911932106,-0.002));
#4997=CARTESIAN_POINT('',(-0.0621502676727244,-0.0507909463236222,-0.002));
#4998=CARTESIAN_POINT('',(-0.0622870796501825,-0.0506427156123493,-0.002));
#4999=CARTESIAN_POINT('',(-0.0624342136206634,-0.050468760945035,-0.002));
#5000=CARTESIAN_POINT('',(-0.0625628123506467,-0.0503049895657848,-0.002));
#5001=CARTESIAN_POINT('',(-0.0627216989948217,-0.0500890835126183,-0.002));
#5002=CARTESIAN_POINT('',(-0.0629643489692358,-0.0497276406084956,-0.002));
#5003=CARTESIAN_POINT('',(-0.0632601744931826,-0.0492188680944913,-0.002));
#5004=CARTESIAN_POINT('',(-0.0635777172172525,-0.0485895907688814,-0.002));
#5005=CARTESIAN_POINT('',(-0.0638765932666244,-0.0479226716841086,-0.002));
#5006=CARTESIAN_POINT('',(-0.064161694287492,-0.0472155880338894,-0.002));
#5007=CARTESIAN_POINT('',(-0.0645261161771918,-0.0462170402452558,-0.002));
#5008=CARTESIAN_POINT('',(-0.0649492486448908,-0.0448719018378545,-0.002));
#5009=CARTESIAN_POINT('',(-0.0653840487137226,-0.04313717491638,-0.002));
#5010=CARTESIAN_POINT('',(-0.0656601202310441,-0.0416239936251842,-0.002));
#5011=CARTESIAN_POINT('',(-0.0658099960624753,-0.0403885324889049,-0.002));
#5012=CARTESIAN_POINT('',(-0.0658804723354859,-0.0394508013994464,-0.002));
#5013=CARTESIAN_POINT('',(-0.0659019071340361,-0.0385057117801795,-0.002));
#5014=CARTESIAN_POINT('',(-0.0658620076921964,-0.0375403326960336,-0.002));
#5015=CARTESIAN_POINT('',(-0.0657540084310896,-0.0366055484163166,-0.002));
#5016=CARTESIAN_POINT('',(-0.0655314905931182,-0.0354248350118141,-0.002));
#5017=CARTESIAN_POINT('',(-0.0651239473374635,-0.0340677942326423,-0.002));
#5018=CARTESIAN_POINT('',(-0.0645060389197242,-0.0326554548873638,-0.002));
#5019=CARTESIAN_POINT('',(-0.0638392405374485,-0.0314556181021414,-0.002));
#5020=CARTESIAN_POINT('',(-0.0631982532002587,-0.0304572451151365,-0.002));
#5021=CARTESIAN_POINT('',(-0.0627442234483346,-0.0297879021516115,-0.002));
#5022=CARTESIAN_POINT('',(-0.0624553074177473,-0.029350842641786,-0.002));
#5023=CARTESIAN_POINT('',(-0.0623435231696891,-0.0291733774330221,-0.002));
#5024=CARTESIAN_POINT('',(-0.062295701827881,-0.0290945344679584,-0.002));
#5025=CARTESIAN_POINT('',(-0.0622957018278811,-0.0290945344679586,-0.002));
#5026=CARTESIAN_POINT('',(-0.0622957018278811,-0.0290945344679586,-8.67361737988404E-19));
#5027=CARTESIAN_POINT('',(-0.0634517315539399,-0.0285771914807643,-0.002));
#5028=CARTESIAN_POINT('',(-0.0634517315539399,-0.0285771914807643,-8.67361737988404E-19));
#5029=CARTESIAN_POINT('',(-0.0651423751560331,-0.0277943991241558,-0.002));
#5030=CARTESIAN_POINT('',(-0.0651423751560331,-0.0277943991241558,4.33680868994202E-19));
#5031=CARTESIAN_POINT('',(-0.0672219363937578,-0.0266705474136636,-0.002));
#5032=CARTESIAN_POINT('',(-0.0672219363937578,-0.0266705474136636,-1.30104260698261E-18));
#5033=CARTESIAN_POINT('',(-0.0686852454070472,-0.025753325161635,-0.002));
#5034=CARTESIAN_POINT('',(-0.0686852454070472,-0.025753325161635,-8.67361737988404E-19));
#5035=CARTESIAN_POINT('',(-0.0700472496963784,-0.0246969512262482,-0.002));
#5036=CARTESIAN_POINT('',(-0.0700472496963784,-0.0246969512262482,-8.67361737988404E-19));
#5037=CARTESIAN_POINT('',(-0.0710846675261803,-0.0236226731359487,-0.002));
#5038=CARTESIAN_POINT('',(-0.0710846675261803,-0.0236226731359487,-4.33680868994202E-19));
#5039=CARTESIAN_POINT('',(-0.0718251397070179,-0.0224976810353386,-0.002));
#5040=CARTESIAN_POINT('',(-0.0718251397070179,-0.0224976810353386,-8.67361737988404E-19));
#5041=CARTESIAN_POINT('',(-0.0723510922430758,-0.0213847059885189,-0.002));
#5042=CARTESIAN_POINT('',(-0.0723510922430758,-0.0213847059885189,-4.33680868994202E-19));
#5043=CARTESIAN_POINT('',(-0.0725409752144303,-0.0207014626405349,-0.002));
#5044=CARTESIAN_POINT('',(-0.0725409752144303,-0.0207014626405349,-8.67361737988404E-19));
#5045=CARTESIAN_POINT('',(-0.0726281935040959,-0.0203583461089519,-0.002));
#5046=CARTESIAN_POINT('',(-0.0726281935040959,-0.0203583461089519,-8.67361737988404E-19));
#5047=CARTESIAN_POINT('',(-0.0622957018278811,-0.0290945344679586,0.));
#5048=CARTESIAN_POINT('',(-0.0628737166909105,-0.0288358629743614,0.));
#5049=CARTESIAN_POINT('',(-0.0640156365509956,-0.0283157192888908,0.));
#5050=CARTESIAN_POINT('',(-0.0656621836631269,-0.0275135122011942,0.));
#5051=CARTESIAN_POINT('',(-0.0672219064734161,-0.0266707848013551,0.));
#5052=CARTESIAN_POINT('',(-0.0686854468907513,-0.0257522996062073,0.));
#5053=CARTESIAN_POINT('',(-0.0698196358833783,-0.024876063317924,0.));
#5054=CARTESIAN_POINT('',(-0.070564372700277,-0.02415072032615,0.));
#5055=CARTESIAN_POINT('',(-0.0709709256666071,-0.0236927257140243,0.));
#5056=CARTESIAN_POINT('',(-0.0712644736374752,-0.0233242776995991,0.));
#5057=CARTESIAN_POINT('',(-0.0715451621703285,-0.022925929338171,0.));
#5058=CARTESIAN_POINT('',(-0.0718052260842197,-0.0224980348887234,0.));
#5059=CARTESIAN_POINT('',(-0.0720238820013155,-0.0220770301093097,0.));
#5060=CARTESIAN_POINT('',(-0.0722619586438707,-0.0215422227860338,0.));
#5061=CARTESIAN_POINT('',(-0.0724760547833585,-0.0209315705277225,0.));
#5062=CARTESIAN_POINT('',(-0.0725845843592631,-0.0205299043747434,0.));
#5063=CARTESIAN_POINT('',(-0.0726281935040959,-0.0203583461089519,0.));
#5064=CARTESIAN_POINT('',(-0.0726281935040959,-0.0203583461089519,0.));
#5065=CARTESIAN_POINT('',(-0.0726281935040959,-0.0203583461089519,-0.002));
#5066=CARTESIAN_POINT('',(-0.0726281935040959,-0.0203583461089519,-0.002));
#5067=CARTESIAN_POINT('',(-0.0622957018278811,-0.0290945344679586,-0.002));
#5068=CARTESIAN_POINT('',(-0.0628737166909105,-0.0288358629743614,-0.002));
#5069=CARTESIAN_POINT('',(-0.0640156365509956,-0.0283157192888908,-0.002));
#5070=CARTESIAN_POINT('',(-0.0656621836631269,-0.0275135122011942,-0.002));
#5071=CARTESIAN_POINT('',(-0.0672219064734161,-0.0266707848013551,-0.002));
#5072=CARTESIAN_POINT('',(-0.0686854468907513,-0.0257522996062073,-0.002));
#5073=CARTESIAN_POINT('',(-0.0698196358833783,-0.024876063317924,-0.002));
#5074=CARTESIAN_POINT('',(-0.070564372700277,-0.02415072032615,-0.002));
#5075=CARTESIAN_POINT('',(-0.0709709256666071,-0.0236927257140243,-0.002));
#5076=CARTESIAN_POINT('',(-0.0712644736374752,-0.0233242776995991,-0.002));
#5077=CARTESIAN_POINT('',(-0.0715451621703285,-0.022925929338171,-0.002));
#5078=CARTESIAN_POINT('',(-0.0718052260842197,-0.0224980348887234,-0.002));
#5079=CARTESIAN_POINT('',(-0.0720238820013155,-0.0220770301093097,-0.002));
#5080=CARTESIAN_POINT('',(-0.0722619586438707,-0.0215422227860338,-0.002));
#5081=CARTESIAN_POINT('',(-0.0724760547833585,-0.0209315705277225,-0.002));
#5082=CARTESIAN_POINT('',(-0.0725845843592631,-0.0205299043747434,-0.002));
#5083=CARTESIAN_POINT('',(-0.0726281935040959,-0.0203583461089519,-0.002));
#5084=CARTESIAN_POINT('',(-0.0726281935040961,-0.0203583461089518,-0.002));
#5085=CARTESIAN_POINT('',(-0.0726281935040961,-0.0203583461089518,-1.30104260698261E-18));
#5086=CARTESIAN_POINT('',(-0.0728840949979313,-0.0200928741057346,-0.002));
#5087=CARTESIAN_POINT('',(-0.0728840949979313,-0.0200928741057346,-1.30104260698261E-18));
#5088=CARTESIAN_POINT('',(-0.0733310800691515,-0.0195255564435088,-0.002));
#5089=CARTESIAN_POINT('',(-0.0733310800691515,-0.0195255564435088,-1.73472347597681E-18));
#5090=CARTESIAN_POINT('',(-0.0737169892935432,-0.0184480353917386,-0.002));
#5091=CARTESIAN_POINT('',(-0.0737169892935432,-0.0184480353917386,-4.33680868994202E-19));
#5092=CARTESIAN_POINT('',(-0.0738233086949541,-0.0177072919269363,-0.002));
#5093=CARTESIAN_POINT('',(-0.0738233086949541,-0.0177072919269363,-1.73472347597681E-18));
#5094=CARTESIAN_POINT('',(-0.0738183538776996,-0.0171108767088445,-0.002));
#5095=CARTESIAN_POINT('',(-0.0738183538776996,-0.0171108767088445,-8.67361737988404E-19));
#5096=CARTESIAN_POINT('',(-0.073730399536249,-0.0164151894332654,-0.002));
#5097=CARTESIAN_POINT('',(-0.073730399536249,-0.0164151894332654,-1.73472347597681E-18));
#5098=CARTESIAN_POINT('',(-0.0735247496367309,-0.0157130317066804,-0.002));
#5099=CARTESIAN_POINT('',(-0.0735247496367309,-0.0157130317066804,0.));
#5100=CARTESIAN_POINT('',(-0.0731866348587912,-0.0149847926573891,-0.002));
#5101=CARTESIAN_POINT('',(-0.0731866348587912,-0.0149847926573891,-1.73472347597681E-18));
#5102=CARTESIAN_POINT('',(-0.0727605200226211,-0.0143266067281576,-0.002));
#5103=CARTESIAN_POINT('',(-0.0727605200226211,-0.0143266067281576,-1.30104260698261E-18));
#5104=CARTESIAN_POINT('',(-0.0722118908381147,-0.0136978273844172,-0.002));
#5105=CARTESIAN_POINT('',(-0.0722118908381147,-0.0136978273844172,-1.30104260698261E-18));
#5106=CARTESIAN_POINT('',(-0.0715154377912185,-0.0131095887067182,-0.002));
#5107=CARTESIAN_POINT('',(-0.0715154377912185,-0.0131095887067182,-1.30104260698261E-18));
#5108=CARTESIAN_POINT('',(-0.0705496233280442,-0.0125784178652901,-0.002));
#5109=CARTESIAN_POINT('',(-0.0705496233280442,-0.0125784178652901,-2.16840434497101E-18));
#5110=CARTESIAN_POINT('',(-0.0695289295033281,-0.0122996990048982,-0.002));
#5111=CARTESIAN_POINT('',(-0.0695289295033281,-0.0122996990048982,-1.30104260698261E-18));
#5112=CARTESIAN_POINT('',(-0.0687042269018607,-0.0122282160188391,-0.002));
#5113=CARTESIAN_POINT('',(-0.0687042269018607,-0.0122282160188391,-1.30104260698261E-18));
#5114=CARTESIAN_POINT('',(-0.0678304635116507,-0.0122546141488648,-0.002));
#5115=CARTESIAN_POINT('',(-0.0678304635116507,-0.0122546141488648,-4.33680868994202E-19));
#5116=CARTESIAN_POINT('',(-0.0671046912759778,-0.0123632177193158,-0.002));
#5117=CARTESIAN_POINT('',(-0.0671046912759778,-0.0123632177193158,4.33680868994202E-19));
#5118=CARTESIAN_POINT('',(-0.0667784029807441,-0.0124058801863009,-0.002));
#5119=CARTESIAN_POINT('',(-0.0667784029807441,-0.0124058801863009,-1.30104260698261E-18));
#5120=CARTESIAN_POINT('',(-0.0666776423066953,-0.0124152427916395,-0.002));
#5121=CARTESIAN_POINT('',(-0.0666776423066953,-0.0124152427916395,-1.30104260698261E-18));
#5122=CARTESIAN_POINT('',(-0.0726281935040961,-0.0203583461089518,0.));
#5123=CARTESIAN_POINT('',(-0.0727561442510137,-0.0202256101073432,0.));
#5124=CARTESIAN_POINT('',(-0.0729653312429603,-0.0199818000451944,0.));
#5125=CARTESIAN_POINT('',(-0.0732285507927531,-0.0195810906276143,0.));
#5126=CARTESIAN_POINT('',(-0.0734145948809025,-0.0192350908390983,0.));
#5127=CARTESIAN_POINT('',(-0.073546914563358,-0.0189183937634516,0.));
#5128=CARTESIAN_POINT('',(-0.0736348826874365,-0.0186515231883279,0.));
#5129=CARTESIAN_POINT('',(-0.0737058390375755,-0.0183946611840104,0.));
#5130=CARTESIAN_POINT('',(-0.0737700933355784,-0.0180794575884101,0.));
#5131=CARTESIAN_POINT('',(-0.0738096276976319,-0.0177244903105063,0.));
#5132=CARTESIAN_POINT('',(-0.0738199738249529,-0.0174106609778928,0.));
#5133=CARTESIAN_POINT('',(-0.0738109482176069,-0.0171203243272745,0.));
#5134=CARTESIAN_POINT('',(-0.0737853456319835,-0.016847951727484,0.));
#5135=CARTESIAN_POINT('',(-0.0737478368302351,-0.016598331887065,0.));
#5136=CARTESIAN_POINT('',(-0.073699352987664,-0.0163603687843728,0.));
#5137=CARTESIAN_POINT('',(-0.0736246382657678,-0.0160669527448202,0.));
#5138=CARTESIAN_POINT('',(-0.0735132739782115,-0.0157266390340488,0.));
#5139=CARTESIAN_POINT('',(-0.0733571558857424,-0.0153509688395236,0.));
#5140=CARTESIAN_POINT('',(-0.0731749310061018,-0.014992226326838,0.));
#5141=CARTESIAN_POINT('',(-0.072974929184367,-0.0146589349175185,0.));
#5142=CARTESIAN_POINT('',(-0.0726680191383304,-0.0142198343848323,0.));
#5143=CARTESIAN_POINT('',(-0.0723053608689996,-0.0138035135449727,0.));
#5144=CARTESIAN_POINT('',(-0.0718603742778173,-0.0134026451863621,0.));
#5145=CARTESIAN_POINT('',(-0.0714795145787447,-0.0131157726407802,0.));
#5146=CARTESIAN_POINT('',(-0.071117279711655,-0.0128933490460445,0.));
#5147=CARTESIAN_POINT('',(-0.0707964954559188,-0.0127302526722529,0.));
#5148=CARTESIAN_POINT('',(-0.0704548682633333,-0.0125800332429583,0.));
#5149=CARTESIAN_POINT('',(-0.0700308598672149,-0.0124358353840522,0.));
#5150=CARTESIAN_POINT('',(-0.0695552779402441,-0.012326196554187,0.));
#5151=CARTESIAN_POINT('',(-0.0691175966150262,-0.0122648083029215,0.));
#5152=CARTESIAN_POINT('',(-0.0687246167933078,-0.0122394660006536,0.));
#5153=CARTESIAN_POINT('',(-0.0683786776817167,-0.0122379053910774,0.));
#5154=CARTESIAN_POINT('',(-0.0680668328813513,-0.0122515208646728,0.));
#5155=CARTESIAN_POINT('',(-0.0677939897489333,-0.0122743412115494,0.));
#5156=CARTESIAN_POINT('',(-0.0675574607510037,-0.0123002507736426,0.));
#5157=CARTESIAN_POINT('',(-0.0673454236361756,-0.0123275141761047,0.));
#5158=CARTESIAN_POINT('',(-0.0671040555784216,-0.0123610358099526,0.));
#5159=CARTESIAN_POINT('',(-0.0668604863528874,-0.0123955461594813,0.));
#5160=CARTESIAN_POINT('',(-0.0667280226437197,-0.0124105614889702,0.));
#5161=CARTESIAN_POINT('',(-0.0666776423066953,-0.0124152427916395,0.));
#5162=CARTESIAN_POINT('',(-0.0666776423066953,-0.0124152427916395,0.));
#5163=CARTESIAN_POINT('',(-0.0666776423066953,-0.0124152427916395,-0.002));
#5164=CARTESIAN_POINT('',(-0.0666776423066953,-0.0124152427916395,-0.002));
#5165=CARTESIAN_POINT('',(-0.0726281935040961,-0.0203583461089518,-0.002));
#5166=CARTESIAN_POINT('',(-0.0727561442510137,-0.0202256101073432,-0.002));
#5167=CARTESIAN_POINT('',(-0.0729653312429603,-0.0199818000451944,-0.002));
#5168=CARTESIAN_POINT('',(-0.0732285507927531,-0.0195810906276143,-0.002));
#5169=CARTESIAN_POINT('',(-0.0734145948809025,-0.0192350908390983,-0.002));
#5170=CARTESIAN_POINT('',(-0.073546914563358,-0.0189183937634516,-0.002));
#5171=CARTESIAN_POINT('',(-0.0736348826874365,-0.0186515231883279,-0.002));
#5172=CARTESIAN_POINT('',(-0.0737058390375755,-0.0183946611840104,-0.002));
#5173=CARTESIAN_POINT('',(-0.0737700933355784,-0.0180794575884101,-0.002));
#5174=CARTESIAN_POINT('',(-0.0738096276976319,-0.0177244903105063,-0.002));
#5175=CARTESIAN_POINT('',(-0.0738199738249529,-0.0174106609778928,-0.002));
#5176=CARTESIAN_POINT('',(-0.0738109482176069,-0.0171203243272745,-0.002));
#5177=CARTESIAN_POINT('',(-0.0737853456319835,-0.016847951727484,-0.002));
#5178=CARTESIAN_POINT('',(-0.0737478368302351,-0.016598331887065,-0.002));
#5179=CARTESIAN_POINT('',(-0.073699352987664,-0.0163603687843728,-0.002));
#5180=CARTESIAN_POINT('',(-0.0736246382657678,-0.0160669527448202,-0.002));
#5181=CARTESIAN_POINT('',(-0.0735132739782115,-0.0157266390340488,-0.002));
#5182=CARTESIAN_POINT('',(-0.0733571558857424,-0.0153509688395236,-0.002));
#5183=CARTESIAN_POINT('',(-0.0731749310061018,-0.014992226326838,-0.002));
#5184=CARTESIAN_POINT('',(-0.072974929184367,-0.0146589349175185,-0.002));
#5185=CARTESIAN_POINT('',(-0.0726680191383304,-0.0142198343848323,-0.002));
#5186=CARTESIAN_POINT('',(-0.0723053608689996,-0.0138035135449727,-0.002));
#5187=CARTESIAN_POINT('',(-0.0718603742778173,-0.0134026451863621,-0.002));
#5188=CARTESIAN_POINT('',(-0.0714795145787447,-0.0131157726407802,-0.002));
#5189=CARTESIAN_POINT('',(-0.071117279711655,-0.0128933490460445,-0.002));
#5190=CARTESIAN_POINT('',(-0.0707964954559188,-0.0127302526722529,-0.002));
#5191=CARTESIAN_POINT('',(-0.0704548682633333,-0.0125800332429583,-0.002));
#5192=CARTESIAN_POINT('',(-0.0700308598672149,-0.0124358353840522,-0.002));
#5193=CARTESIAN_POINT('',(-0.0695552779402441,-0.012326196554187,-0.002));
#5194=CARTESIAN_POINT('',(-0.0691175966150262,-0.0122648083029215,-0.002));
#5195=CARTESIAN_POINT('',(-0.0687246167933078,-0.0122394660006536,-0.002));
#5196=CARTESIAN_POINT('',(-0.0683786776817167,-0.0122379053910774,-0.002));
#5197=CARTESIAN_POINT('',(-0.0680668328813513,-0.0122515208646728,-0.002));
#5198=CARTESIAN_POINT('',(-0.0677939897489333,-0.0122743412115494,-0.002));
#5199=CARTESIAN_POINT('',(-0.0675574607510037,-0.0123002507736426,-0.002));
#5200=CARTESIAN_POINT('',(-0.0673454236361756,-0.0123275141761047,-0.002));
#5201=CARTESIAN_POINT('',(-0.0671040555784216,-0.0123610358099526,-0.002));
#5202=CARTESIAN_POINT('',(-0.0668604863528874,-0.0123955461594813,-0.002));
#5203=CARTESIAN_POINT('',(-0.0667280226437197,-0.0124105614889702,-0.002));
#5204=CARTESIAN_POINT('',(-0.0666776423066953,-0.0124152427916395,-0.002));
#5205=CARTESIAN_POINT('',(-0.0666776423066954,-0.0124152427916396,-0.002));
#5206=CARTESIAN_POINT('',(-0.0666776423066954,-0.0124152427916396,0.));
#5207=CARTESIAN_POINT('',(-0.0665127159994468,-0.0123144533746951,-0.002));
#5208=CARTESIAN_POINT('',(-0.0665127159994468,-0.0123144533746951,0.));
#5209=CARTESIAN_POINT('',(-0.0658711204669131,-0.0118365825319473,-0.002));
#5210=CARTESIAN_POINT('',(-0.0658711204669131,-0.0118365825319473,-4.33680868994202E-19));
#5211=CARTESIAN_POINT('',(-0.0644512489957053,-0.0105247525483224,-0.002));
#5212=CARTESIAN_POINT('',(-0.0644512489957053,-0.0105247525483224,-4.33680868994202E-19));
#5213=CARTESIAN_POINT('',(-0.062629584702763,-0.00892928696524255,-0.002));
#5214=CARTESIAN_POINT('',(-0.062629584702763,-0.00892928696524255,0.));
#5215=CARTESIAN_POINT('',(-0.0607169212185331,-0.00759524643742364,-0.002));
#5216=CARTESIAN_POINT('',(-0.0607169212185331,-0.00759524643742364,0.));
#5217=CARTESIAN_POINT('',(-0.0588369989567312,-0.00670375126694301,-0.002));
#5218=CARTESIAN_POINT('',(-0.0588369989567312,-0.00670375126694301,4.33680868994202E-19));
#5219=CARTESIAN_POINT('',(-0.0569124189444962,-0.00606036916374519,-0.002));
#5220=CARTESIAN_POINT('',(-0.0569124189444962,-0.00606036916374519,4.33680868994202E-19));
#5221=CARTESIAN_POINT('',(-0.054483903371689,-0.00564325834119254,-0.002));
#5222=CARTESIAN_POINT('',(-0.054483903371689,-0.00564325834119254,-4.33680868994202E-19));
#5223=CARTESIAN_POINT('',(-0.0516222122309507,-0.00561679260981196,-0.002));
#5224=CARTESIAN_POINT('',(-0.0516222122309507,-0.00561679260981196,0.));
#5225=CARTESIAN_POINT('',(-0.0479574084874733,-0.00606999490735159,-0.002));
#5226=CARTESIAN_POINT('',(-0.0479574084874733,-0.00606999490735159,0.));
#5227=CARTESIAN_POINT('',(-0.043795639840775,-0.00733685942081004,-0.002));
#5228=CARTESIAN_POINT('',(-0.043795639840775,-0.00733685942081004,8.67361737988404E-19));
#5229=CARTESIAN_POINT('',(-0.0405698066977667,-0.00930488036568929,-0.002));
#5230=CARTESIAN_POINT('',(-0.0405698066977667,-0.00930488036568929,-4.33680868994202E-19));
#5231=CARTESIAN_POINT('',(-0.0388364886290474,-0.0109240549695473,-0.002));
#5232=CARTESIAN_POINT('',(-0.0388364886290474,-0.0109240549695473,4.33680868994202E-19));
#5233=CARTESIAN_POINT('',(-0.0379771166717829,-0.0118841286805323,-0.002));
#5234=CARTESIAN_POINT('',(-0.0379771166717829,-0.0118841286805323,4.33680868994202E-19));
#5235=CARTESIAN_POINT('',(-0.0375012012911223,-0.0124752614488845,-0.002));
#5236=CARTESIAN_POINT('',(-0.0375012012911223,-0.0124752614488845,0.));
#5237=CARTESIAN_POINT('',(-0.0371267271468752,-0.0129794040640162,-0.002));
#5238=CARTESIAN_POINT('',(-0.0371267271468752,-0.0129794040640162,0.));
#5239=CARTESIAN_POINT('',(-0.0368597487368805,-0.0133470058503432,-0.002));
#5240=CARTESIAN_POINT('',(-0.0368597487368805,-0.0133470058503432,4.33680868994202E-19));
#5241=CARTESIAN_POINT('',(-0.0363462630315336,-0.014048600763062,-0.002));
#5242=CARTESIAN_POINT('',(-0.0363462630315336,-0.014048600763062,-4.33680868994202E-19));
#5243=CARTESIAN_POINT('',(-0.0359219976500524,-0.0146299863118232,-0.002));
#5244=CARTESIAN_POINT('',(-0.0359219976500524,-0.0146299863118232,0.));
#5245=CARTESIAN_POINT('',(-0.0356356202355938,-0.0150220277719563,-0.002));
#5246=CARTESIAN_POINT('',(-0.0356356202355938,-0.0150220277719563,0.));
#5247=CARTESIAN_POINT('',(-0.0666776423066954,-0.0124152427916396,0.));
#5248=CARTESIAN_POINT('',(-0.0665951791530711,-0.0123648480831674,0.));
#5249=CARTESIAN_POINT('',(-0.0664126800085048,-0.0122407139047888,0.));
#5250=CARTESIAN_POINT('',(-0.0660807663158722,-0.0119784472459134,0.));
#5251=CARTESIAN_POINT('',(-0.0657065548958818,-0.0116654558378365,0.));
#5252=CARTESIAN_POINT('',(-0.0651602859303814,-0.0111798399103557,0.));
#5253=CARTESIAN_POINT('',(-0.0644011755970555,-0.0104894318984397,0.));
#5254=CARTESIAN_POINT('',(-0.0635407128338939,-0.00972731218636529,0.));
#5255=CARTESIAN_POINT('',(-0.0625710234246305,-0.00892833732571185,0.));
#5256=CARTESIAN_POINT('',(-0.0616611454007957,-0.00826278726423524,0.));
#5257=CARTESIAN_POINT('',(-0.0608614838881687,-0.00775058260880018,0.));
#5258=CARTESIAN_POINT('',(-0.0602250148855987,-0.00738345733540404,0.));
#5259=CARTESIAN_POINT('',(-0.0595452047507233,-0.00703769254429172,0.));
#5260=CARTESIAN_POINT('',(-0.0585945509151676,-0.00662353550429479,0.));
#5261=CARTESIAN_POINT('',(-0.0573942690787808,-0.0062211987451887,0.));
#5262=CARTESIAN_POINT('',(-0.0559405838647562,-0.00589333702297492,0.));
#5263=CARTESIAN_POINT('',(-0.0544905600302646,-0.00570246204714967,0.));
#5264=CARTESIAN_POINT('',(-0.0530531237909498,-0.00563043209126425,0.));
#5265=CARTESIAN_POINT('',(-0.0511641222252509,-0.00567335112699285,0.));
#5266=CARTESIAN_POINT('',(-0.0488731853150783,-0.00595548718426075,0.));
#5267=CARTESIAN_POINT('',(-0.0462943000855166,-0.0065814380018314,0.));
#5268=CARTESIAN_POINT('',(-0.0439365984979108,-0.00744192686820645,0.));
#5269=CARTESIAN_POINT('',(-0.042202989392917,-0.00833482011795771,0.));
#5270=CARTESIAN_POINT('',(-0.0409669393225287,-0.00914023822116066,0.));
#5271=CARTESIAN_POINT('',(-0.0401122977871457,-0.00978503675852503,0.));
#5272=CARTESIAN_POINT('',(-0.0393311731013333,-0.0104626590840273,0.));
#5273=CARTESIAN_POINT('',(-0.0387396404153647,-0.0110474895037815,0.));
#5274=CARTESIAN_POINT('',(-0.0383001234289144,-0.0115229150383208,0.));
#5275=CARTESIAN_POINT('',(-0.0379867719146596,-0.0118820858173132,0.));
#5276=CARTESIAN_POINT('',(-0.037738561531027,-0.012182695814889,0.));
#5277=CARTESIAN_POINT('',(-0.037547500248168,-0.012423210687902,0.));
#5278=CARTESIAN_POINT('',(-0.0374075092273813,-0.0126039376151769,0.));
#5279=CARTESIAN_POINT('',(-0.0372938252485727,-0.0127543559922126,0.));
#5280=CARTESIAN_POINT('',(-0.0372048413110385,-0.012874094513073,0.));
#5281=CARTESIAN_POINT('',(-0.037137867637014,-0.0129653991253676,0.));
#5282=CARTESIAN_POINT('',(-0.037084672822846,-0.0130383277479502,0.));
#5283=CARTESIAN_POINT('',(-0.0370146474037873,-0.013134196688197,0.));
#5284=CARTESIAN_POINT('',(-0.0369239576492957,-0.0132583299651549,0.));
#5285=CARTESIAN_POINT('',(-0.0368171230878762,-0.0134045973253282,0.));
#5286=CARTESIAN_POINT('',(-0.0366737141798331,-0.0136009099645767,0.));
#5287=CARTESIAN_POINT('',(-0.0364947327890205,-0.0138459288655134,0.));
#5288=CARTESIAN_POINT('',(-0.0362799745996913,-0.0141399277829838,0.));
#5289=CARTESIAN_POINT('',(-0.0359935888947278,-0.0145319799689935,0.));
#5290=CARTESIAN_POINT('',(-0.0357788089428231,-0.0148260070418897,0.));
#5291=CARTESIAN_POINT('',(-0.0356356202355938,-0.0150220277719563,0.));
#5292=CARTESIAN_POINT('',(-0.0356356202355938,-0.0150220277719563,0.));
#5293=CARTESIAN_POINT('',(-0.0356356202355938,-0.0150220277719563,-0.002));
#5294=CARTESIAN_POINT('',(-0.0356356202355938,-0.0150220277719563,-0.002));
#5295=CARTESIAN_POINT('',(-0.0666776423066954,-0.0124152427916396,-0.002));
#5296=CARTESIAN_POINT('',(-0.0665951791530711,-0.0123648480831674,-0.002));
#5297=CARTESIAN_POINT('',(-0.0664126800085048,-0.0122407139047888,-0.002));
#5298=CARTESIAN_POINT('',(-0.0660807663158722,-0.0119784472459134,-0.002));
#5299=CARTESIAN_POINT('',(-0.0657065548958818,-0.0116654558378365,-0.002));
#5300=CARTESIAN_POINT('',(-0.0651602859303814,-0.0111798399103557,-0.002));
#5301=CARTESIAN_POINT('',(-0.0644011755970555,-0.0104894318984397,-0.002));
#5302=CARTESIAN_POINT('',(-0.0635407128338939,-0.00972731218636529,-0.002));
#5303=CARTESIAN_POINT('',(-0.0625710234246305,-0.00892833732571185,-0.002));
#5304=CARTESIAN_POINT('',(-0.0616611454007957,-0.00826278726423524,-0.002));
#5305=CARTESIAN_POINT('',(-0.0608614838881687,-0.00775058260880018,-0.002));
#5306=CARTESIAN_POINT('',(-0.0602250148855987,-0.00738345733540404,-0.002));
#5307=CARTESIAN_POINT('',(-0.0595452047507233,-0.00703769254429172,-0.002));
#5308=CARTESIAN_POINT('',(-0.0585945509151676,-0.00662353550429479,-0.002));
#5309=CARTESIAN_POINT('',(-0.0573942690787808,-0.0062211987451887,-0.002));
#5310=CARTESIAN_POINT('',(-0.0559405838647562,-0.00589333702297492,-0.002));
#5311=CARTESIAN_POINT('',(-0.0544905600302646,-0.00570246204714967,-0.002));
#5312=CARTESIAN_POINT('',(-0.0530531237909498,-0.00563043209126425,-0.002));
#5313=CARTESIAN_POINT('',(-0.0511641222252509,-0.00567335112699285,-0.002));
#5314=CARTESIAN_POINT('',(-0.0488731853150783,-0.00595548718426075,-0.002));
#5315=CARTESIAN_POINT('',(-0.0462943000855166,-0.0065814380018314,-0.002));
#5316=CARTESIAN_POINT('',(-0.0439365984979108,-0.00744192686820645,-0.002));
#5317=CARTESIAN_POINT('',(-0.042202989392917,-0.00833482011795771,-0.002));
#5318=CARTESIAN_POINT('',(-0.0409669393225287,-0.00914023822116066,-0.002));
#5319=CARTESIAN_POINT('',(-0.0401122977871457,-0.00978503675852503,-0.002));
#5320=CARTESIAN_POINT('',(-0.0393311731013333,-0.0104626590840273,-0.002));
#5321=CARTESIAN_POINT('',(-0.0387396404153647,-0.0110474895037815,-0.002));
#5322=CARTESIAN_POINT('',(-0.0383001234289144,-0.0115229150383208,-0.002));
#5323=CARTESIAN_POINT('',(-0.0379867719146596,-0.0118820858173132,-0.002));
#5324=CARTESIAN_POINT('',(-0.037738561531027,-0.012182695814889,-0.002));
#5325=CARTESIAN_POINT('',(-0.037547500248168,-0.012423210687902,-0.002));
#5326=CARTESIAN_POINT('',(-0.0374075092273813,-0.0126039376151769,-0.002));
#5327=CARTESIAN_POINT('',(-0.0372938252485727,-0.0127543559922126,-0.002));
#5328=CARTESIAN_POINT('',(-0.0372048413110385,-0.012874094513073,-0.002));
#5329=CARTESIAN_POINT('',(-0.037137867637014,-0.0129653991253676,-0.002));
#5330=CARTESIAN_POINT('',(-0.037084672822846,-0.0130383277479502,-0.002));
#5331=CARTESIAN_POINT('',(-0.0370146474037873,-0.013134196688197,-0.002));
#5332=CARTESIAN_POINT('',(-0.0369239576492957,-0.0132583299651549,-0.002));
#5333=CARTESIAN_POINT('',(-0.0368171230878762,-0.0134045973253282,-0.002));
#5334=CARTESIAN_POINT('',(-0.0366737141798331,-0.0136009099645767,-0.002));
#5335=CARTESIAN_POINT('',(-0.0364947327890205,-0.0138459288655134,-0.002));
#5336=CARTESIAN_POINT('',(-0.0362799745996913,-0.0141399277829838,-0.002));
#5337=CARTESIAN_POINT('',(-0.0359935888947278,-0.0145319799689935,-0.002));
#5338=CARTESIAN_POINT('',(-0.0357788089428231,-0.0148260070418897,-0.002));
#5339=CARTESIAN_POINT('',(-0.0356356202355938,-0.0150220277719563,-0.002));
#5340=CARTESIAN_POINT('',(-0.0356356202355938,-0.0150220277719563,-0.002));
#5341=CARTESIAN_POINT('',(-0.0356356202355938,-0.0150220277719563,0.));
#5342=CARTESIAN_POINT('',(-0.0359194657874817,-0.0154830453289004,-0.002));
#5343=CARTESIAN_POINT('',(-0.0359194657874817,-0.0154830453289004,0.));
#5344=CARTESIAN_POINT('',(-0.0364805769390012,-0.0163980662996159,-0.002));
#5345=CARTESIAN_POINT('',(-0.0364805769390012,-0.0163980662996159,4.33680868994202E-19));
#5346=CARTESIAN_POINT('',(-0.0373601306996559,-0.0178105831916003,-0.002));
#5347=CARTESIAN_POINT('',(-0.0373601306996559,-0.0178105831916003,-8.67361737988404E-19));
#5348=CARTESIAN_POINT('',(-0.0379973627954604,-0.0189263828420482,-0.002));
#5349=CARTESIAN_POINT('',(-0.0379973627954604,-0.0189263828420482,8.67361737988404E-19));
#5350=CARTESIAN_POINT('',(-0.0383592987866239,-0.0198417510032836,-0.002));
#5351=CARTESIAN_POINT('',(-0.0383592987866239,-0.0198417510032836,-4.33680868994202E-19));
#5352=CARTESIAN_POINT('',(-0.0385134197514887,-0.020689864799583,-0.002));
#5353=CARTESIAN_POINT('',(-0.0385134197514887,-0.020689864799583,-4.33680868994202E-19));
#5354=CARTESIAN_POINT('',(-0.038462775259278,-0.0218332133777582,-0.002));
#5355=CARTESIAN_POINT('',(-0.038462775259278,-0.0218332133777582,4.33680868994202E-19));
#5356=CARTESIAN_POINT('',(-0.0380070382448358,-0.0235472205459553,-0.002));
#5357=CARTESIAN_POINT('',(-0.0380070382448358,-0.0235472205459553,-4.33680868994202E-19));
#5358=CARTESIAN_POINT('',(-0.03684103238056,-0.0260438059434415,-0.002));
#5359=CARTESIAN_POINT('',(-0.03684103238056,-0.0260438059434415,0.));
#5360=CARTESIAN_POINT('',(-0.0350394805703708,-0.0290957966316998,-0.002));
#5361=CARTESIAN_POINT('',(-0.0350394805703708,-0.0290957966316998,0.));
#5362=CARTESIAN_POINT('',(-0.032019080737803,-0.0336003505715175,-0.002));
#5363=CARTESIAN_POINT('',(-0.032019080737803,-0.0336003505715175,0.));
#5364=CARTESIAN_POINT('',(-0.027444935308699,-0.0396810095583855,-0.002));
#5365=CARTESIAN_POINT('',(-0.027444935308699,-0.0396810095583855,0.));
#5366=CARTESIAN_POINT('',(-0.0218056686838803,-0.0466706003059686,-0.002));
#5367=CARTESIAN_POINT('',(-0.0218056686838803,-0.0466706003059686,0.));
#5368=CARTESIAN_POINT('',(-0.0186643936373943,-0.050507933966304,-0.002));
#5369=CARTESIAN_POINT('',(-0.0186643936373943,-0.050507933966304,0.));
#5370=CARTESIAN_POINT('',(-0.01741090489768,-0.0520896057367968,-0.002));
#5371=CARTESIAN_POINT('',(-0.01741090489768,-0.0520896057367968,0.));
#5372=CARTESIAN_POINT('',(-0.0356356202355938,-0.0150220277719563,0.));
#5373=CARTESIAN_POINT('',(-0.0357775430115377,-0.0152525365504284,0.));
#5374=CARTESIAN_POINT('',(-0.036061786038245,-0.0157141239007427,0.));
#5375=CARTESIAN_POINT('',(-0.0364857657293898,-0.0164030861659929,0.));
#5376=CARTESIAN_POINT('',(-0.0369164997115785,-0.0171019146688922,0.));
#5377=CARTESIAN_POINT('',(-0.0373304949169584,-0.01777437509069,0.));
#5378=CARTESIAN_POINT('',(-0.0376799831536732,-0.0183673668764133,0.));
#5379=CARTESIAN_POINT('',(-0.0379625912262949,-0.0189012949665159,0.));
#5380=CARTESIAN_POINT('',(-0.0381785326092687,-0.0193853188205996,0.));
#5381=CARTESIAN_POINT('',(-0.0383339453154809,-0.0198343582200416,0.));
#5382=CARTESIAN_POINT('',(-0.0384336638222523,-0.0202604999539995,0.));
#5383=CARTESIAN_POINT('',(-0.0384884184700962,-0.0207294314987672,0.));
#5384=CARTESIAN_POINT('',(-0.0384884153492195,-0.0212561976303054,0.));
#5385=CARTESIAN_POINT('',(-0.0384125622965706,-0.0219046810046007,0.));
#5386=CARTESIAN_POINT('',(-0.0382628391310407,-0.0225632945073194,0.));
#5387=CARTESIAN_POINT('',(-0.0380744307554172,-0.0231723554950614,0.));
#5388=CARTESIAN_POINT('',(-0.0378959182553309,-0.0236695197178019,0.));
#5389=CARTESIAN_POINT('',(-0.0376738568424404,-0.0242154671387517,0.));
#5390=CARTESIAN_POINT('',(-0.0373162373220094,-0.0250114761906226,0.));
#5391=CARTESIAN_POINT('',(-0.0367610184371388,-0.0261138855959368,0.));
#5392=CARTESIAN_POINT('',(-0.0359392934899077,-0.0275717042581141,0.));
#5393=CARTESIAN_POINT('',(-0.034662468309693,-0.0296578087395456,0.));
#5394=CARTESIAN_POINT('',(-0.0327741561581944,-0.0324742114455295,0.));
#5395=CARTESIAN_POINT('',(-0.0301888705475413,-0.0360338851637503,0.));
#5396=CARTESIAN_POINT('',(-0.0274263122792113,-0.0396422740848352,0.));
#5397=CARTESIAN_POINT('',(-0.0246252000779134,-0.0431758758105635,0.));
#5398=CARTESIAN_POINT('',(-0.0219220188204794,-0.0465158238432355,0.));
#5399=CARTESIAN_POINT('',(-0.0194480907985405,-0.049550840395226,0.));
#5400=CARTESIAN_POINT('',(-0.0180376492675372,-0.0512987698515504,0.));
#5401=CARTESIAN_POINT('',(-0.01741090489768,-0.0520896057367968,0.));
#5402=CARTESIAN_POINT('',(-0.01741090489768,-0.0520896057367968,0.));
#5403=CARTESIAN_POINT('',(-0.01741090489768,-0.0520896057367968,-0.002));
#5404=CARTESIAN_POINT('',(-0.01741090489768,-0.0520896057367968,-0.002));
#5405=CARTESIAN_POINT('',(-0.0356356202355938,-0.0150220277719563,-0.002));
#5406=CARTESIAN_POINT('',(-0.0357775430115377,-0.0152525365504284,-0.002));
#5407=CARTESIAN_POINT('',(-0.036061786038245,-0.0157141239007427,-0.002));
#5408=CARTESIAN_POINT('',(-0.0364857657293898,-0.0164030861659929,-0.002));
#5409=CARTESIAN_POINT('',(-0.0369164997115785,-0.0171019146688922,-0.002));
#5410=CARTESIAN_POINT('',(-0.0373304949169584,-0.01777437509069,-0.002));
#5411=CARTESIAN_POINT('',(-0.0376799831536732,-0.0183673668764133,-0.002));
#5412=CARTESIAN_POINT('',(-0.0379625912262949,-0.0189012949665159,-0.002));
#5413=CARTESIAN_POINT('',(-0.0381785326092687,-0.0193853188205996,-0.002));
#5414=CARTESIAN_POINT('',(-0.0383339453154809,-0.0198343582200416,-0.002));
#5415=CARTESIAN_POINT('',(-0.0384336638222523,-0.0202604999539995,-0.002));
#5416=CARTESIAN_POINT('',(-0.0384884184700962,-0.0207294314987672,-0.002));
#5417=CARTESIAN_POINT('',(-0.0384884153492195,-0.0212561976303054,-0.002));
#5418=CARTESIAN_POINT('',(-0.0384125622965706,-0.0219046810046007,-0.002));
#5419=CARTESIAN_POINT('',(-0.0382628391310407,-0.0225632945073194,-0.002));
#5420=CARTESIAN_POINT('',(-0.0380744307554172,-0.0231723554950614,-0.002));
#5421=CARTESIAN_POINT('',(-0.0378959182553309,-0.0236695197178019,-0.002));
#5422=CARTESIAN_POINT('',(-0.0376738568424404,-0.0242154671387517,-0.002));
#5423=CARTESIAN_POINT('',(-0.0373162373220094,-0.0250114761906226,-0.002));
#5424=CARTESIAN_POINT('',(-0.0367610184371388,-0.0261138855959368,-0.002));
#5425=CARTESIAN_POINT('',(-0.0359392934899077,-0.0275717042581141,-0.002));
#5426=CARTESIAN_POINT('',(-0.034662468309693,-0.0296578087395456,-0.002));
#5427=CARTESIAN_POINT('',(-0.0327741561581944,-0.0324742114455295,-0.002));
#5428=CARTESIAN_POINT('',(-0.0301888705475413,-0.0360338851637503,-0.002));
#5429=CARTESIAN_POINT('',(-0.0274263122792113,-0.0396422740848352,-0.002));
#5430=CARTESIAN_POINT('',(-0.0246252000779134,-0.0431758758105635,-0.002));
#5431=CARTESIAN_POINT('',(-0.0219220188204794,-0.0465158238432355,-0.002));
#5432=CARTESIAN_POINT('',(-0.0194480907985405,-0.049550840395226,-0.002));
#5433=CARTESIAN_POINT('',(-0.0180376492675372,-0.0512987698515504,-0.002));
#5434=CARTESIAN_POINT('',(-0.01741090489768,-0.0520896057367968,-0.002));
#5435=CARTESIAN_POINT('',(-0.01741090489768,-0.0520896057367968,-0.002));
#5436=CARTESIAN_POINT('',(-0.01741090489768,-0.0520896057367968,2.60208521396521E-18));
#5437=CARTESIAN_POINT('',(-0.0170684282029813,-0.0514779927984536,-0.002));
#5438=CARTESIAN_POINT('',(-0.0170684282029813,-0.0514779927984536,2.60208521396521E-18));
#5439=CARTESIAN_POINT('',(-0.0164524869792128,-0.0502000827448655,-0.002));
#5440=CARTESIAN_POINT('',(-0.0164524869792128,-0.0502000827448655,3.03576608295941E-18));
#5441=CARTESIAN_POINT('',(-0.0160279655987066,-0.0486246540158327,-0.002));
#5442=CARTESIAN_POINT('',(-0.0160279655987066,-0.0486246540158327,2.16840434497101E-18));
#5443=CARTESIAN_POINT('',(-0.0159918552047521,-0.04726377029947,-0.002));
#5444=CARTESIAN_POINT('',(-0.0159918552047521,-0.04726377029947,2.60208521396521E-18));
#5445=CARTESIAN_POINT('',(-0.0162654297942777,-0.0460907300023359,-0.002));
#5446=CARTESIAN_POINT('',(-0.0162654297942777,-0.0460907300023359,3.03576608295941E-18));
#5447=CARTESIAN_POINT('',(-0.0168592537756005,-0.0449790786681624,-0.002));
#5448=CARTESIAN_POINT('',(-0.0168592537756005,-0.0449790786681624,2.16840434497101E-18));
#5449=CARTESIAN_POINT('',(-0.0177322045080902,-0.0440409857920572,-0.002));
#5450=CARTESIAN_POINT('',(-0.0177322045080902,-0.0440409857920572,2.60208521396521E-18));
#5451=CARTESIAN_POINT('',(-0.0187056596561817,-0.0433167457164792,-0.002));
#5452=CARTESIAN_POINT('',(-0.0187056596561817,-0.0433167457164792,3.03576608295941E-18));
#5453=CARTESIAN_POINT('',(-0.0196509391732196,-0.0427570481801138,-0.002));
#5454=CARTESIAN_POINT('',(-0.0196509391732196,-0.0427570481801138,2.60208521396521E-18));
#5455=CARTESIAN_POINT('',(-0.0207729075166601,-0.0421974540629767,-0.002));
#5456=CARTESIAN_POINT('',(-0.0207729075166601,-0.0421974540629767,3.03576608295941E-18));
#5457=CARTESIAN_POINT('',(-0.0219778895762706,-0.0416677751947546,-0.002));
#5458=CARTESIAN_POINT('',(-0.0219778895762706,-0.0416677751947546,2.60208521396521E-18));
#5459=CARTESIAN_POINT('',(-0.023199249180336,-0.041173575825271,-0.002));
#5460=CARTESIAN_POINT('',(-0.023199249180336,-0.041173575825271,3.03576608295941E-18));
#5461=CARTESIAN_POINT('',(-0.0241795985661082,-0.0407915315127246,-0.002));
#5462=CARTESIAN_POINT('',(-0.0241795985661082,-0.0407915315127246,1.73472347597681E-18));
#5463=CARTESIAN_POINT('',(-0.0249220817994893,-0.0404975038754342,-0.002));
#5464=CARTESIAN_POINT('',(-0.0249220817994893,-0.0404975038754342,2.60208521396521E-18));
#5465=CARTESIAN_POINT('',(-0.02545735087534,-0.0402787379727949,-0.002));
#5466=CARTESIAN_POINT('',(-0.02545735087534,-0.0402787379727949,3.46944695195361E-18));
#5467=CARTESIAN_POINT('',(-0.0259752804789805,-0.0400548954008732,-0.002));
#5468=CARTESIAN_POINT('',(-0.0259752804789805,-0.0400548954008732,2.60208521396521E-18));
#5469=CARTESIAN_POINT('',(-0.0264911051207457,-0.0398095677495908,-0.002));
#5470=CARTESIAN_POINT('',(-0.0264911051207457,-0.0398095677495908,2.60208521396521E-18));
#5471=CARTESIAN_POINT('',(-0.0269492139287992,-0.0395600364207201,-0.002));
#5472=CARTESIAN_POINT('',(-0.0269492139287992,-0.0395600364207201,2.16840434497101E-18));
#5473=CARTESIAN_POINT('',(-0.027383923360638,-0.0392719981121553,-0.002));
#5474=CARTESIAN_POINT('',(-0.027383923360638,-0.0392719981121553,2.60208521396521E-18));
#5475=CARTESIAN_POINT('',(-0.0277615099909575,-0.0389776305614453,-0.002));
#5476=CARTESIAN_POINT('',(-0.0277615099909575,-0.0389776305614453,1.73472347597681E-18));
#5477=CARTESIAN_POINT('',(-0.0282281254372099,-0.0385194693147984,-0.002));
#5478=CARTESIAN_POINT('',(-0.0282281254372099,-0.0385194693147984,3.03576608295941E-18));
#5479=CARTESIAN_POINT('',(-0.0287664450179239,-0.0377758486850538,-0.002));
#5480=CARTESIAN_POINT('',(-0.0287664450179239,-0.0377758486850538,2.16840434497101E-18));
#5481=CARTESIAN_POINT('',(-0.0292568928023678,-0.036456704484824,-0.002));
#5482=CARTESIAN_POINT('',(-0.0292568928023678,-0.036456704484824,2.16840434497101E-18));
#5483=CARTESIAN_POINT('',(-0.0291219869800166,-0.034676346521066,-0.002));
#5484=CARTESIAN_POINT('',(-0.0291219869800166,-0.034676346521066,2.16840434497101E-18));
#5485=CARTESIAN_POINT('',(-0.0283307071499108,-0.0333337576162338,-0.002));
#5486=CARTESIAN_POINT('',(-0.0283307071499108,-0.0333337576162338,2.60208521396521E-18));
#5487=CARTESIAN_POINT('',(-0.0275303156767272,-0.0326401943266037,-0.002));
#5488=CARTESIAN_POINT('',(-0.0275303156767272,-0.0326401943266037,1.73472347597681E-18));
#5489=CARTESIAN_POINT('',(-0.0269436858755308,-0.0322960436983407,-0.002));
#5490=CARTESIAN_POINT('',(-0.0269436858755308,-0.0322960436983407,3.03576608295941E-18));
#5491=CARTESIAN_POINT('',(-0.0263247973042591,-0.0320246935671813,-0.002));
#5492=CARTESIAN_POINT('',(-0.0263247973042591,-0.0320246935671813,1.30104260698261E-18));
#5493=CARTESIAN_POINT('',(-0.0257461797741335,-0.03185378352905,-0.002));
#5494=CARTESIAN_POINT('',(-0.0257461797741335,-0.03185378352905,2.60208521396521E-18));
#5495=CARTESIAN_POINT('',(-0.0251237638893472,-0.0317174878413199,-0.002));
#5496=CARTESIAN_POINT('',(-0.0251237638893472,-0.0317174878413199,3.03576608295941E-18));
#5497=CARTESIAN_POINT('',(-0.0245124558332768,-0.0316176040203262,-0.002));
#5498=CARTESIAN_POINT('',(-0.0245124558332768,-0.0316176040203262,2.60208521396521E-18));
#5499=CARTESIAN_POINT('',(-0.0238884811847155,-0.0315376431326495,-0.002));
#5500=CARTESIAN_POINT('',(-0.0238884811847155,-0.0315376431326495,2.60208521396521E-18));
#5501=CARTESIAN_POINT('',(-0.0232450283294019,-0.0314721082879003,-0.002));
#5502=CARTESIAN_POINT('',(-0.0232450283294019,-0.0314721082879003,2.60208521396521E-18));
#5503=CARTESIAN_POINT('',(-0.022366020549238,-0.031400288042345,-0.002));
#5504=CARTESIAN_POINT('',(-0.022366020549238,-0.031400288042345,2.60208521396521E-18));
#5505=CARTESIAN_POINT('',(-0.0212429087297259,-0.0313356332531317,-0.002));
#5506=CARTESIAN_POINT('',(-0.0212429087297259,-0.0313356332531317,2.60208521396521E-18));
#5507=CARTESIAN_POINT('',(-0.0199300325442552,-0.0312919627507542,-0.002));
#5508=CARTESIAN_POINT('',(-0.0199300325442552,-0.0312919627507542,2.16840434497101E-18));
#5509=CARTESIAN_POINT('',(-0.0189342688712484,-0.031281134713034,-0.002));
#5510=CARTESIAN_POINT('',(-0.0189342688712484,-0.031281134713034,3.90312782094782E-18));
#5511=CARTESIAN_POINT('',(-0.0182308570144251,-0.0312871121734937,-0.002));
#5512=CARTESIAN_POINT('',(-0.0182308570144251,-0.0312871121734937,1.30104260698261E-18));
#5513=CARTESIAN_POINT('',(-0.0177522738446006,-0.0312996004153465,-0.002));
#5514=CARTESIAN_POINT('',(-0.0177522738446006,-0.0312996004153465,3.03576608295941E-18));
#5515=CARTESIAN_POINT('',(-0.0173117957306187,-0.0313211955124438,-0.002));
#5516=CARTESIAN_POINT('',(-0.0173117957306187,-0.0313211955124438,2.60208521396521E-18));
#5517=CARTESIAN_POINT('',(-0.0168628188420662,-0.0313642929240523,-0.002));
#5518=CARTESIAN_POINT('',(-0.0168628188420662,-0.0313642929240523,2.16840434497101E-18));
#5519=CARTESIAN_POINT('',(-0.0162834915267431,-0.0314539613105686,-0.002));
#5520=CARTESIAN_POINT('',(-0.0162834915267431,-0.0314539613105686,3.46944695195361E-18));
#5521=CARTESIAN_POINT('',(-0.0156745530671528,-0.0316904595718205,-0.002));
#5522=CARTESIAN_POINT('',(-0.0156745530671528,-0.0316904595718205,2.60208521396521E-18));
#5523=CARTESIAN_POINT('',(-0.0153058627861452,-0.0318691107689417,-0.002));
#5524=CARTESIAN_POINT('',(-0.0153058627861452,-0.0318691107689417,2.60208521396521E-18));
#5525=CARTESIAN_POINT('',(-0.0150262580238424,-0.0320479879533262,-0.002));
#5526=CARTESIAN_POINT('',(-0.0150262580238424,-0.0320479879533262,2.60208521396521E-18));
#5527=CARTESIAN_POINT('',(-0.0148953071214108,-0.0321443450329578,-0.002));
#5528=CARTESIAN_POINT('',(-0.0148953071214108,-0.0321443450329578,2.60208521396521E-18));
#5529=CARTESIAN_POINT('',(-0.01741090489768,-0.0520896057367968,0.));
#5530=CARTESIAN_POINT('',(-0.0172396665503306,-0.0517837992676252,0.));
#5531=CARTESIAN_POINT('',(-0.016914920609217,-0.0511617805784756,0.));
#5532=CARTESIAN_POINT('',(-0.0165824070095889,-0.0503974210096274,0.));
#5533=CARTESIAN_POINT('',(-0.0163758394261082,-0.0498232524772466,0.));
#5534=CARTESIAN_POINT('',(-0.0162534009727454,-0.0494207324788072,0.));
#5535=CARTESIAN_POINT('',(-0.0161582639662595,-0.0490328152314687,0.));
#5536=CARTESIAN_POINT('',(-0.0160190980646878,-0.0482832632254694,0.));
#5537=CARTESIAN_POINT('',(-0.0159974290142254,-0.0474918160167733,0.));
#5538=CARTESIAN_POINT('',(-0.0161293589202706,-0.0466754728005646,0.));
#5539=CARTESIAN_POINT('',(-0.0163048115582794,-0.0460991483210762,0.));
#5540=CARTESIAN_POINT('',(-0.0165642230040749,-0.0455337028921065,0.));
#5541=CARTESIAN_POINT('',(-0.0169161829895631,-0.0449770233164255,0.));
#5542=CARTESIAN_POINT('',(-0.0173802845889407,-0.044418615734013,0.));
#5543=CARTESIAN_POINT('',(-0.017875142199736,-0.0439537160845796,0.));
#5544=CARTESIAN_POINT('',(-0.0183441656485514,-0.0435859237767688,0.));
#5545=CARTESIAN_POINT('',(-0.0187324426597887,-0.0433148654797794,0.));
#5546=CARTESIAN_POINT('',(-0.0191752098053533,-0.0430385711233066,0.));
#5547=CARTESIAN_POINT('',(-0.0198397185624315,-0.0426628155795679,0.));
#5548=CARTESIAN_POINT('',(-0.0207722935756503,-0.0421977854171334,0.));
#5549=CARTESIAN_POINT('',(-0.0217771163907263,-0.0417560278580112,0.));
#5550=CARTESIAN_POINT('',(-0.0225885892826018,-0.0414206581057863,0.));
#5551=CARTESIAN_POINT('',(-0.0231935821020052,-0.0411780718957419,0.));
#5552=CARTESIAN_POINT('',(-0.0237876370502544,-0.0409442554573004,0.));
#5553=CARTESIAN_POINT('',(-0.0243651682590818,-0.0407180542425144,0.));
#5554=CARTESIAN_POINT('',(-0.0249221080225208,-0.0404974790994275,0.));
#5555=CARTESIAN_POINT('',(-0.025457297098586,-0.040278807437709,0.));
#5556=CARTESIAN_POINT('',(-0.025975469362965,-0.0400546423172234,0.));
#5557=CARTESIAN_POINT('',(-0.0264045810284627,-0.0398511992356004,0.));
#5558=CARTESIAN_POINT('',(-0.0267669286023606,-0.0396585611895659,0.));
#5559=CARTESIAN_POINT('',(-0.0270096567650547,-0.0395163674267374,0.));
#5560=CARTESIAN_POINT('',(-0.0272199615590552,-0.0393808036133291,0.));
#5561=CARTESIAN_POINT('',(-0.0273909144362764,-0.0392618237945412,0.));
#5562=CARTESIAN_POINT('',(-0.0275714754161081,-0.0391255510621515,0.));
#5563=CARTESIAN_POINT('',(-0.0277420136004994,-0.0389826949571788,0.));
#5564=CARTESIAN_POINT('',(-0.0278791248167185,-0.0388570337010153,0.));
#5565=CARTESIAN_POINT('',(-0.0280290078865292,-0.0387114285176683,0.));
#5566=CARTESIAN_POINT('',(-0.0281978301699921,-0.0385278929135698,0.));
#5567=CARTESIAN_POINT('',(-0.0283667736097422,-0.0383140085246819,0.));
#5568=CARTESIAN_POINT('',(-0.0284946114602937,-0.0381354813523834,0.));
#5569=CARTESIAN_POINT('',(-0.0286285601378866,-0.0379242085539508,0.));
#5570=CARTESIAN_POINT('',(-0.0288028699407396,-0.0376063827961515,0.));
#5571=CARTESIAN_POINT('',(-0.0289672664858239,-0.0372176232908097,0.));
#5572=CARTESIAN_POINT('',(-0.0290922357831104,-0.036762292823499,0.));
#5573=CARTESIAN_POINT('',(-0.0291588804290751,-0.0363827193864904,0.));
#5574=CARTESIAN_POINT('',(-0.0291833514948466,-0.0360519888777105,0.));
#5575=CARTESIAN_POINT('',(-0.029182731886873,-0.0357783033979996,0.));
#5576=CARTESIAN_POINT('',(-0.0291667723213734,-0.035495348670979,0.));
#5577=CARTESIAN_POINT('',(-0.0291189929907659,-0.0351513252905562,0.));
#5578=CARTESIAN_POINT('',(-0.029019280279756,-0.0347457502786095,0.));
#5579=CARTESIAN_POINT('',(-0.0288794337625557,-0.0343615217803294,0.));
#5580=CARTESIAN_POINT('',(-0.0287140585875242,-0.0340174312952227,0.));
#5581=CARTESIAN_POINT('',(-0.0285263718232603,-0.033705511617892,0.));
#5582=CARTESIAN_POINT('',(-0.0282641846908065,-0.0333459266460243,0.));
#5583=CARTESIAN_POINT('',(-0.0279954823840868,-0.0330596096314713,0.));
#5584=CARTESIAN_POINT('',(-0.0277448810504494,-0.0328373272043888,0.));
#5585=CARTESIAN_POINT('',(-0.027563281457922,-0.0326941258768184,0.));
#5586=CARTESIAN_POINT('',(-0.0273976488502124,-0.0325767479093265,0.));
#5587=CARTESIAN_POINT('',(-0.0271879008059785,-0.0324417893974631,0.));
#5588=CARTESIAN_POINT('',(-0.0269618295983723,-0.032314772316732,0.));
#5589=CARTESIAN_POINT('',(-0.0267041451849387,-0.0321906181394003,0.));
#5590=CARTESIAN_POINT('',(-0.0264907989584267,-0.0321015749333277,0.));
#5591=CARTESIAN_POINT('',(-0.0262877729374026,-0.0320255797774431,0.));
#5592=CARTESIAN_POINT('',(-0.0260400839577473,-0.0319430794889463,0.));
#5593=CARTESIAN_POINT('',(-0.0257542481997669,-0.0318616992850472,0.));
#5594=CARTESIAN_POINT('',(-0.0254347598877545,-0.0317853448624125,0.));
#5595=CARTESIAN_POINT('',(-0.0250220015309244,-0.031701008422331,0.));
#5596=CARTESIAN_POINT('',(-0.0245124146949065,-0.0316175471735978,0.));
#5597=CARTESIAN_POINT('',(-0.0238884907294161,-0.0315376576888052,0.));
#5598=CARTESIAN_POINT('',(-0.0232450312889701,-0.0314721069100058,0.));
#5599=CARTESIAN_POINT('',(-0.0225857511113053,-0.031418234059156,0.));
#5600=CARTESIAN_POINT('',(-0.02191685839376,-0.0313744636828655,0.));
#5601=CARTESIAN_POINT('',(-0.0212472564637172,-0.0313398644379088,0.));
#5602=CARTESIAN_POINT('',(-0.020586426127671,-0.0313137933289683,0.));
#5603=CARTESIAN_POINT('',(-0.0199448317769712,-0.0312957964954308,0.));
#5604=CARTESIAN_POINT('',(-0.0193324018078386,-0.0312854740509471,0.));
#5605=CARTESIAN_POINT('',(-0.0187584180348694,-0.0312826251277443,0.));
#5606=CARTESIAN_POINT('',(-0.0182310210357308,-0.031287119852287,0.));
#5607=CARTESIAN_POINT('',(-0.0177516156315507,-0.0312995736505777,0.));
#5608=CARTESIAN_POINT('',(-0.017387156406519,-0.0313176746857008,0.));
#5609=CARTESIAN_POINT('',(-0.0171218360540255,-0.0313394917996463,0.));
#5610=CARTESIAN_POINT('',(-0.0169556873470315,-0.0313572055157939,0.));
#5611=CARTESIAN_POINT('',(-0.0168110046703704,-0.0313760704128535,0.));
#5612=CARTESIAN_POINT('',(-0.0166537474920063,-0.0314007308141857,0.));
#5613=CARTESIAN_POINT('',(-0.0164560032578206,-0.031439535446852,0.));
#5614=CARTESIAN_POINT('',(-0.0162399202908628,-0.0314924372862801,0.));
#5615=CARTESIAN_POINT('',(-0.0160208659497795,-0.0315590444639512,0.));
#5616=CARTESIAN_POINT('',(-0.0158292520981308,-0.0316295357649062,0.));
#5617=CARTESIAN_POINT('',(-0.0156273174520519,-0.0317135701075289,0.));
#5618=CARTESIAN_POINT('',(-0.0154423092870265,-0.0318038595839491,0.));
#5619=CARTESIAN_POINT('',(-0.0152622064366996,-0.031903160039039,0.));
#5620=CARTESIAN_POINT('',(-0.0151236944434324,-0.0319868010402162,0.));
#5621=CARTESIAN_POINT('',(-0.0149989703087191,-0.0320695457052152,0.));
#5622=CARTESIAN_POINT('',(-0.0149280448470187,-0.0321202557630499,0.));
#5623=CARTESIAN_POINT('',(-0.0148953071214108,-0.0321443450329578,0.));
#5624=CARTESIAN_POINT('',(-0.0148953071214109,-0.0321443450329577,0.));
#5625=CARTESIAN_POINT('',(-0.0148953071214109,-0.0321443450329577,-0.002));
#5626=CARTESIAN_POINT('',(-0.0148953071214109,-0.0321443450329577,-0.002));
#5627=CARTESIAN_POINT('',(-0.01741090489768,-0.0520896057367968,-0.002));
#5628=CARTESIAN_POINT('',(-0.0172396665503306,-0.0517837992676252,-0.002));
#5629=CARTESIAN_POINT('',(-0.016914920609217,-0.0511617805784756,-0.002));
#5630=CARTESIAN_POINT('',(-0.0165824070095889,-0.0503974210096274,-0.002));
#5631=CARTESIAN_POINT('',(-0.0163758394261082,-0.0498232524772466,-0.002));
#5632=CARTESIAN_POINT('',(-0.0162534009727454,-0.0494207324788072,-0.002));
#5633=CARTESIAN_POINT('',(-0.0161582639662595,-0.0490328152314687,-0.002));
#5634=CARTESIAN_POINT('',(-0.0160190980646878,-0.0482832632254694,-0.002));
#5635=CARTESIAN_POINT('',(-0.0159974290142254,-0.0474918160167733,-0.002));
#5636=CARTESIAN_POINT('',(-0.0161293589202706,-0.0466754728005646,-0.002));
#5637=CARTESIAN_POINT('',(-0.0163048115582794,-0.0460991483210762,-0.002));
#5638=CARTESIAN_POINT('',(-0.0165642230040749,-0.0455337028921065,-0.002));
#5639=CARTESIAN_POINT('',(-0.0169161829895631,-0.0449770233164255,-0.002));
#5640=CARTESIAN_POINT('',(-0.0173802845889407,-0.044418615734013,-0.002));
#5641=CARTESIAN_POINT('',(-0.017875142199736,-0.0439537160845796,-0.002));
#5642=CARTESIAN_POINT('',(-0.0183441656485514,-0.0435859237767688,-0.002));
#5643=CARTESIAN_POINT('',(-0.0187324426597887,-0.0433148654797794,-0.002));
#5644=CARTESIAN_POINT('',(-0.0191752098053533,-0.0430385711233066,-0.002));
#5645=CARTESIAN_POINT('',(-0.0198397185624315,-0.0426628155795679,-0.002));
#5646=CARTESIAN_POINT('',(-0.0207722935756503,-0.0421977854171334,-0.002));
#5647=CARTESIAN_POINT('',(-0.0217771163907263,-0.0417560278580112,-0.002));
#5648=CARTESIAN_POINT('',(-0.0225885892826018,-0.0414206581057863,-0.002));
#5649=CARTESIAN_POINT('',(-0.0231935821020052,-0.0411780718957419,-0.002));
#5650=CARTESIAN_POINT('',(-0.0237876370502544,-0.0409442554573004,-0.002));
#5651=CARTESIAN_POINT('',(-0.0243651682590818,-0.0407180542425144,-0.002));
#5652=CARTESIAN_POINT('',(-0.0249221080225208,-0.0404974790994275,-0.002));
#5653=CARTESIAN_POINT('',(-0.025457297098586,-0.040278807437709,-0.002));
#5654=CARTESIAN_POINT('',(-0.025975469362965,-0.0400546423172234,-0.002));
#5655=CARTESIAN_POINT('',(-0.0264045810284627,-0.0398511992356004,-0.002));
#5656=CARTESIAN_POINT('',(-0.0267669286023606,-0.0396585611895659,-0.002));
#5657=CARTESIAN_POINT('',(-0.0270096567650547,-0.0395163674267374,-0.002));
#5658=CARTESIAN_POINT('',(-0.0272199615590552,-0.0393808036133291,-0.002));
#5659=CARTESIAN_POINT('',(-0.0273909144362764,-0.0392618237945412,-0.002));
#5660=CARTESIAN_POINT('',(-0.0275714754161081,-0.0391255510621515,-0.002));
#5661=CARTESIAN_POINT('',(-0.0277420136004994,-0.0389826949571788,-0.002));
#5662=CARTESIAN_POINT('',(-0.0278791248167185,-0.0388570337010153,-0.002));
#5663=CARTESIAN_POINT('',(-0.0280290078865292,-0.0387114285176683,-0.002));
#5664=CARTESIAN_POINT('',(-0.0281978301699921,-0.0385278929135698,-0.002));
#5665=CARTESIAN_POINT('',(-0.0283667736097422,-0.0383140085246819,-0.002));
#5666=CARTESIAN_POINT('',(-0.0284946114602937,-0.0381354813523834,-0.002));
#5667=CARTESIAN_POINT('',(-0.0286285601378866,-0.0379242085539508,-0.002));
#5668=CARTESIAN_POINT('',(-0.0288028699407396,-0.0376063827961515,-0.002));
#5669=CARTESIAN_POINT('',(-0.0289672664858239,-0.0372176232908097,-0.002));
#5670=CARTESIAN_POINT('',(-0.0290922357831104,-0.036762292823499,-0.002));
#5671=CARTESIAN_POINT('',(-0.0291588804290751,-0.0363827193864904,-0.002));
#5672=CARTESIAN_POINT('',(-0.0291833514948466,-0.0360519888777105,-0.002));
#5673=CARTESIAN_POINT('',(-0.029182731886873,-0.0357783033979996,-0.002));
#5674=CARTESIAN_POINT('',(-0.0291667723213734,-0.035495348670979,-0.002));
#5675=CARTESIAN_POINT('',(-0.0291189929907659,-0.0351513252905562,-0.002));
#5676=CARTESIAN_POINT('',(-0.029019280279756,-0.0347457502786095,-0.002));
#5677=CARTESIAN_POINT('',(-0.0288794337625557,-0.0343615217803294,-0.002));
#5678=CARTESIAN_POINT('',(-0.0287140585875242,-0.0340174312952227,-0.002));
#5679=CARTESIAN_POINT('',(-0.0285263718232603,-0.033705511617892,-0.002));
#5680=CARTESIAN_POINT('',(-0.0282641846908065,-0.0333459266460243,-0.002));
#5681=CARTESIAN_POINT('',(-0.0279954823840868,-0.0330596096314713,-0.002));
#5682=CARTESIAN_POINT('',(-0.0277448810504494,-0.0328373272043888,-0.002));
#5683=CARTESIAN_POINT('',(-0.027563281457922,-0.0326941258768184,-0.002));
#5684=CARTESIAN_POINT('',(-0.0273976488502124,-0.0325767479093265,-0.002));
#5685=CARTESIAN_POINT('',(-0.0271879008059785,-0.0324417893974631,-0.002));
#5686=CARTESIAN_POINT('',(-0.0269618295983723,-0.032314772316732,-0.002));
#5687=CARTESIAN_POINT('',(-0.0267041451849387,-0.0321906181394003,-0.002));
#5688=CARTESIAN_POINT('',(-0.0264907989584267,-0.0321015749333277,-0.002));
#5689=CARTESIAN_POINT('',(-0.0262877729374026,-0.0320255797774431,-0.002));
#5690=CARTESIAN_POINT('',(-0.0260400839577473,-0.0319430794889463,-0.002));
#5691=CARTESIAN_POINT('',(-0.0257542481997669,-0.0318616992850472,-0.002));
#5692=CARTESIAN_POINT('',(-0.0254347598877545,-0.0317853448624125,-0.002));
#5693=CARTESIAN_POINT('',(-0.0250220015309244,-0.031701008422331,-0.002));
#5694=CARTESIAN_POINT('',(-0.0245124146949065,-0.0316175471735978,-0.002));
#5695=CARTESIAN_POINT('',(-0.0238884907294161,-0.0315376576888052,-0.002));
#5696=CARTESIAN_POINT('',(-0.0232450312889701,-0.0314721069100058,-0.002));
#5697=CARTESIAN_POINT('',(-0.0225857511113053,-0.031418234059156,-0.002));
#5698=CARTESIAN_POINT('',(-0.02191685839376,-0.0313744636828655,-0.002));
#5699=CARTESIAN_POINT('',(-0.0212472564637172,-0.0313398644379088,-0.002));
#5700=CARTESIAN_POINT('',(-0.020586426127671,-0.0313137933289683,-0.002));
#5701=CARTESIAN_POINT('',(-0.0199448317769712,-0.0312957964954308,-0.002));
#5702=CARTESIAN_POINT('',(-0.0193324018078386,-0.0312854740509471,-0.002));
#5703=CARTESIAN_POINT('',(-0.0187584180348694,-0.0312826251277443,-0.002));
#5704=CARTESIAN_POINT('',(-0.0182310210357308,-0.031287119852287,-0.002));
#5705=CARTESIAN_POINT('',(-0.0177516156315507,-0.0312995736505777,-0.002));
#5706=CARTESIAN_POINT('',(-0.017387156406519,-0.0313176746857008,-0.002));
#5707=CARTESIAN_POINT('',(-0.0171218360540255,-0.0313394917996463,-0.002));
#5708=CARTESIAN_POINT('',(-0.0169556873470315,-0.0313572055157939,-0.002));
#5709=CARTESIAN_POINT('',(-0.0168110046703704,-0.0313760704128535,-0.002));
#5710=CARTESIAN_POINT('',(-0.0166537474920063,-0.0314007308141857,-0.002));
#5711=CARTESIAN_POINT('',(-0.0164560032578206,-0.031439535446852,-0.002));
#5712=CARTESIAN_POINT('',(-0.0162399202908628,-0.0314924372862801,-0.002));
#5713=CARTESIAN_POINT('',(-0.0160208659497795,-0.0315590444639512,-0.002));
#5714=CARTESIAN_POINT('',(-0.0158292520981308,-0.0316295357649062,-0.002));
#5715=CARTESIAN_POINT('',(-0.0156273174520519,-0.0317135701075289,-0.002));
#5716=CARTESIAN_POINT('',(-0.0154423092870265,-0.0318038595839491,-0.002));
#5717=CARTESIAN_POINT('',(-0.0152622064366996,-0.031903160039039,-0.002));
#5718=CARTESIAN_POINT('',(-0.0151236944434324,-0.0319868010402162,-0.002));
#5719=CARTESIAN_POINT('',(-0.0149989703087191,-0.0320695457052152,-0.002));
#5720=CARTESIAN_POINT('',(-0.0149280448470187,-0.0321202557630499,-0.002));
#5721=CARTESIAN_POINT('',(-0.0148953071214108,-0.0321443450329578,-0.002));
#5722=CARTESIAN_POINT('',(-0.0148953071214107,-0.0321443450329578,-0.002));
#5723=CARTESIAN_POINT('',(-0.0148953071214107,-0.0321443450329578,0.));
#5724=CARTESIAN_POINT('',(-0.0147333612816019,-0.0322255260353082,-0.002));
#5725=CARTESIAN_POINT('',(-0.0147333612816019,-0.0322255260353082,0.));
#5726=CARTESIAN_POINT('',(-0.0141854134807739,-0.0324857705370644,-0.002));
#5727=CARTESIAN_POINT('',(-0.0141854134807739,-0.0324857705370644,4.33680868994202E-19));
#5728=CARTESIAN_POINT('',(-0.0130222707657157,-0.0330443235522489,-0.002));
#5729=CARTESIAN_POINT('',(-0.0130222707657157,-0.0330443235522489,0.));
#5730=CARTESIAN_POINT('',(-0.0116769508726704,-0.0337546432327854,-0.002));
#5731=CARTESIAN_POINT('',(-0.0116769508726704,-0.0337546432327854,-8.67361737988404E-19));
#5732=CARTESIAN_POINT('',(-0.0102838229805866,-0.0346050157726906,-0.002));
#5733=CARTESIAN_POINT('',(-0.0102838229805866,-0.0346050157726906,-4.33680868994202E-19));
#5734=CARTESIAN_POINT('',(-0.00882435638383783,-0.0357766692968041,-0.002));
#5735=CARTESIAN_POINT('',(-0.00882435638383783,-0.0357766692968041,8.67361737988404E-19));
#5736=CARTESIAN_POINT('',(-0.00769516458904103,-0.0371705278108597,-0.002));
#5737=CARTESIAN_POINT('',(-0.00769516458904103,-0.0371705278108597,0.));
#5738=CARTESIAN_POINT('',(-0.00696239141071576,-0.0385217499959701,-0.002));
#5739=CARTESIAN_POINT('',(-0.00696239141071576,-0.0385217499959701,0.));
#5740=CARTESIAN_POINT('',(-0.00649398435888269,-0.0396782456678125,-0.002));
#5741=CARTESIAN_POINT('',(-0.00649398435888269,-0.0396782456678125,0.));
#5742=CARTESIAN_POINT('',(-0.00620656576657771,-0.0404473284317944,-0.002));
#5743=CARTESIAN_POINT('',(-0.00620656576657771,-0.0404473284317944,4.33680868994202E-19));
#5744=CARTESIAN_POINT('',(-0.00598201898423298,-0.040994573729888,-0.002));
#5745=CARTESIAN_POINT('',(-0.00598201898423298,-0.040994573729888,-8.67361737988404E-19));
#5746=CARTESIAN_POINT('',(-0.00575689757556556,-0.0414939522621833,-0.002));
#5747=CARTESIAN_POINT('',(-0.00575689757556556,-0.0414939522621833,8.67361737988404E-19));
#5748=CARTESIAN_POINT('',(-0.00534201161197379,-0.0422963640649523,-0.002));
#5749=CARTESIAN_POINT('',(-0.00534201161197379,-0.0422963640649523,-4.33680868994202E-19));
#5750=CARTESIAN_POINT('',(-0.00448161089124784,-0.0438549845604508,-0.002));
#5751=CARTESIAN_POINT('',(-0.00448161089124784,-0.0438549845604508,-8.67361737988404E-19));
#5752=CARTESIAN_POINT('',(-0.0032153449870898,-0.0462358299589929,-0.002));
#5753=CARTESIAN_POINT('',(-0.0032153449870898,-0.0462358299589929,8.67361737988404E-19));
#5754=CARTESIAN_POINT('',(-0.00216034834442989,-0.0491854014614461,-0.002));
#5755=CARTESIAN_POINT('',(-0.00216034834442989,-0.0491854014614461,-1.30104260698261E-18));
#5756=CARTESIAN_POINT('',(-0.00187407444415809,-0.0520152652497379,-0.002));
#5757=CARTESIAN_POINT('',(-0.00187407444415809,-0.0520152652497379,0.));
#5758=CARTESIAN_POINT('',(-0.0021357309708701,-0.0548534575761235,-0.002));
#5759=CARTESIAN_POINT('',(-0.0021357309708701,-0.0548534575761235,4.33680868994202E-19));
#5760=CARTESIAN_POINT('',(-0.00328119292589531,-0.0581161906614445,-0.002));
#5761=CARTESIAN_POINT('',(-0.00328119292589531,-0.0581161906614445,0.));
#5762=CARTESIAN_POINT('',(-0.00557520282672531,-0.0615698119653033,-0.002));
#5763=CARTESIAN_POINT('',(-0.00557520282672531,-0.0615698119653033,0.));
#5764=CARTESIAN_POINT('',(-0.00806230263976431,-0.0640217641821842,-0.002));
#5765=CARTESIAN_POINT('',(-0.00806230263976431,-0.0640217641821842,0.));
#5766=CARTESIAN_POINT('',(-0.0103518003082492,-0.0656924044158146,-0.002));
#5767=CARTESIAN_POINT('',(-0.0103518003082492,-0.0656924044158146,-4.33680868994202E-19));
#5768=CARTESIAN_POINT('',(-0.0121261344633456,-0.066745075169135,-0.002));
#5769=CARTESIAN_POINT('',(-0.0121261344633456,-0.066745075169135,4.33680868994202E-19));
#5770=CARTESIAN_POINT('',(-0.0138810342226569,-0.0676093317463526,-0.002));
#5771=CARTESIAN_POINT('',(-0.0138810342226569,-0.0676093317463526,-4.33680868994202E-19));
#5772=CARTESIAN_POINT('',(-0.0155721361995675,-0.0682948001732005,-0.002));
#5773=CARTESIAN_POINT('',(-0.0155721361995675,-0.0682948001732005,0.));
#5774=CARTESIAN_POINT('',(-0.0168905629654769,-0.0687183184750916,-0.002));
#5775=CARTESIAN_POINT('',(-0.0168905629654769,-0.0687183184750916,-4.33680868994202E-19));
#5776=CARTESIAN_POINT('',(-0.0178952527849164,-0.0689680923092412,-0.002));
#5777=CARTESIAN_POINT('',(-0.0178952527849164,-0.0689680923092412,0.));
#5778=CARTESIAN_POINT('',(-0.0186322235275565,-0.0691086954118331,-0.002));
#5779=CARTESIAN_POINT('',(-0.0186322235275565,-0.0691086954118331,-4.33680868994202E-19));
#5780=CARTESIAN_POINT('',(-0.019395677156585,-0.0691978988812173,-0.002));
#5781=CARTESIAN_POINT('',(-0.019395677156585,-0.0691978988812173,0.));
#5782=CARTESIAN_POINT('',(-0.0202318849784649,-0.0692083765039031,-0.002));
#5783=CARTESIAN_POINT('',(-0.0202318849784649,-0.0692083765039031,0.));
#5784=CARTESIAN_POINT('',(-0.0214303163594223,-0.0690523858915679,-0.002));
#5785=CARTESIAN_POINT('',(-0.0214303163594223,-0.0690523858915679,4.33680868994202E-19));
#5786=CARTESIAN_POINT('',(-0.0225438902529586,-0.0684575222364829,-0.002));
#5787=CARTESIAN_POINT('',(-0.0225438902529586,-0.0684575222364829,-4.33680868994202E-19));
#5788=CARTESIAN_POINT('',(-0.0229971725380252,-0.0680400714105003,-0.002));
#5789=CARTESIAN_POINT('',(-0.0229971725380252,-0.0680400714105003,-4.33680868994202E-19));
#5790=CARTESIAN_POINT('',(-0.0148953071214107,-0.0321443450329578,0.));
#5791=CARTESIAN_POINT('',(-0.0147333612816019,-0.0322255260353082,0.));
#5792=CARTESIAN_POINT('',(-0.0141855670935953,-0.0324855736010409,0.));
#5793=CARTESIAN_POINT('',(-0.0132157054496331,-0.0329517729571161,0.));
#5794=CARTESIAN_POINT('',(-0.0123503404800948,-0.0333985479464056,0.));
#5795=CARTESIAN_POINT('',(-0.0116720116316516,-0.0337710419432894,0.));
#5796=CARTESIAN_POINT('',(-0.0110915937971776,-0.0341161707709796,0.));
#5797=CARTESIAN_POINT('',(-0.0106238175451444,-0.0344169677742294,0.));
#5798=CARTESIAN_POINT('',(-0.0102733697835294,-0.034655433869951,0.));
#5799=CARTESIAN_POINT('',(-0.00991930249959275,-0.0349126723663187,0.));
#5800=CARTESIAN_POINT('',(-0.00956306591684053,-0.0351930161507968,0.));
#5801=CARTESIAN_POINT('',(-0.00921455380540403,-0.035492179661897,0.));
#5802=CARTESIAN_POINT('',(-0.00876235253829353,-0.0359187223864661,0.));
#5803=CARTESIAN_POINT('',(-0.00825709089078622,-0.0364761521392363,0.));
#5804=CARTESIAN_POINT('',(-0.00774554686831615,-0.0371642117239162,0.));
#5805=CARTESIAN_POINT('',(-0.00732812778666705,-0.0378475315013119,0.));
#5806=CARTESIAN_POINT('',(-0.00688476329502878,-0.038713622198228,0.));
#5807=CARTESIAN_POINT('',(-0.00657157496970394,-0.0394860655322614,0.));
#5808=CARTESIAN_POINT('',(-0.0063222584264425,-0.0401389185948911,0.));
#5809=CARTESIAN_POINT('',(-0.00615007622327894,-0.0405846850183603,0.));
#5810=CARTESIAN_POINT('',(-0.00601060033066366,-0.0409250886805838,0.));
#5811=CARTESIAN_POINT('',(-0.00589674562797761,-0.0411836745237666,0.));
#5812=CARTESIAN_POINT('',(-0.00577663618248537,-0.0414422794807691,0.));
#5813=CARTESIAN_POINT('',(-0.00559073093097249,-0.0418159151282869,0.));
#5814=CARTESIAN_POINT('',(-0.0052345738701293,-0.0424906485827309,0.));
#5815=CARTESIAN_POINT('',(-0.00469676123299496,-0.0434652261090237,0.));
#5816=CARTESIAN_POINT('',(-0.00397477909773971,-0.0448083670175571,0.));
#5817=CARTESIAN_POINT('',(-0.00324608190086393,-0.0463199356029955,0.));
#5818=CARTESIAN_POINT('',(-0.00269641892942838,-0.0477277739747588,0.));
#5819=CARTESIAN_POINT('',(-0.00233750672483954,-0.0489540001523119,0.));
#5820=CARTESIAN_POINT('',(-0.00212364835360984,-0.0499233337929966,0.));
#5821=CARTESIAN_POINT('',(-0.00197944078382083,-0.0509449724199807,0.));
#5822=CARTESIAN_POINT('',(-0.00192581358943905,-0.0520166330972762,0.));
#5823=CARTESIAN_POINT('',(-0.00197269934360936,-0.0530863330929126,0.));
#5824=CARTESIAN_POINT('',(-0.00215715916850928,-0.0544760746191685,0.));
#5825=CARTESIAN_POINT('',(-0.00259521464988603,-0.0561572980581639,0.));
#5826=CARTESIAN_POINT('',(-0.00339579782005514,-0.0580587924755456,0.));
#5827=CARTESIAN_POINT('',(-0.00442820718006458,-0.0598430176097934,0.));
#5828=CARTESIAN_POINT('',(-0.00566085884244242,-0.0615057536546585,0.));
#5829=CARTESIAN_POINT('',(-0.00707008428533412,-0.0630415609197905,0.));
#5830=CARTESIAN_POINT('',(-0.00837485748424574,-0.0642067708688302,0.));
#5831=CARTESIAN_POINT('',(-0.00949022529646091,-0.0650650425889544,0.));
#5832=CARTESIAN_POINT('',(-0.0106492672473613,-0.0658683526725584,0.));
#5833=CARTESIAN_POINT('',(-0.0121255001745112,-0.0667449056846646,0.));
#5834=CARTESIAN_POINT('',(-0.0138813510243121,-0.0676093720299116,0.));
#5835=CARTESIAN_POINT('',(-0.0152898112388695,-0.0681805691078478,0.));
#5836=CARTESIAN_POINT('',(-0.0163639832349648,-0.0685488784872038,0.));
#5837=CARTESIAN_POINT('',(-0.0171414857106103,-0.0687807718777608,0.));
#5838=CARTESIAN_POINT('',(-0.0178954606479706,-0.0689680851998454,0.));
#5839=CARTESIAN_POINT('',(-0.018508944928883,-0.0690852757877111,0.));
#5840=CARTESIAN_POINT('',(-0.01901471902428,-0.0691532729610464,0.));
#5841=CARTESIAN_POINT('',(-0.0194032767032031,-0.0691880064978896,0.));
#5842=CARTESIAN_POINT('',(-0.019749705529924,-0.0692008081563153,0.));
#5843=CARTESIAN_POINT('',(-0.0200510235914059,-0.0691958116362925,0.));
#5844=CARTESIAN_POINT('',(-0.0202875413068551,-0.06918296520728,0.));
#5845=CARTESIAN_POINT('',(-0.0205523446110394,-0.0691561183229852,0.));
#5846=CARTESIAN_POINT('',(-0.0208328140095251,-0.0691127126932987,0.));
#5847=CARTESIAN_POINT('',(-0.0211553940874976,-0.0690421368178945,0.));
#5848=CARTESIAN_POINT('',(-0.0215050995283718,-0.068936760559622,0.));
#5849=CARTESIAN_POINT('',(-0.0218158794338068,-0.0688134862788814,0.));
#5850=CARTESIAN_POINT('',(-0.0220729499864278,-0.0686889310810902,0.));
#5851=CARTESIAN_POINT('',(-0.0223355082872153,-0.0685440713650439,0.));
#5852=CARTESIAN_POINT('',(-0.0226455285909754,-0.0683396891649827,0.));
#5853=CARTESIAN_POINT('',(-0.0228838519667584,-0.068144434116996,0.));
#5854=CARTESIAN_POINT('',(-0.0229971725380251,-0.0680400714105003,0.));
#5855=CARTESIAN_POINT('',(-0.0148953071214107,-0.0321443450329578,-0.002));
#5856=CARTESIAN_POINT('',(-0.0147333612816019,-0.0322255260353082,-0.002));
#5857=CARTESIAN_POINT('',(-0.0141855670935953,-0.0324855736010409,-0.002));
#5858=CARTESIAN_POINT('',(-0.0132157054496331,-0.0329517729571161,-0.002));
#5859=CARTESIAN_POINT('',(-0.0123503404800948,-0.0333985479464056,-0.002));
#5860=CARTESIAN_POINT('',(-0.0116720116316516,-0.0337710419432894,-0.002));
#5861=CARTESIAN_POINT('',(-0.0110915937971776,-0.0341161707709796,-0.002));
#5862=CARTESIAN_POINT('',(-0.0106238175451444,-0.0344169677742294,-0.002));
#5863=CARTESIAN_POINT('',(-0.0102733697835294,-0.034655433869951,-0.002));
#5864=CARTESIAN_POINT('',(-0.00991930249959275,-0.0349126723663187,-0.002));
#5865=CARTESIAN_POINT('',(-0.00956306591684053,-0.0351930161507968,-0.002));
#5866=CARTESIAN_POINT('',(-0.00921455380540403,-0.035492179661897,-0.002));
#5867=CARTESIAN_POINT('',(-0.00876235253829353,-0.0359187223864661,-0.002));
#5868=CARTESIAN_POINT('',(-0.00825709089078622,-0.0364761521392363,-0.002));
#5869=CARTESIAN_POINT('',(-0.00774554686831615,-0.0371642117239162,-0.002));
#5870=CARTESIAN_POINT('',(-0.00732812778666705,-0.0378475315013119,-0.002));
#5871=CARTESIAN_POINT('',(-0.00688476329502878,-0.038713622198228,-0.002));
#5872=CARTESIAN_POINT('',(-0.00657157496970394,-0.0394860655322614,-0.002));
#5873=CARTESIAN_POINT('',(-0.0063222584264425,-0.0401389185948911,-0.002));
#5874=CARTESIAN_POINT('',(-0.00615007622327894,-0.0405846850183603,-0.002));
#5875=CARTESIAN_POINT('',(-0.00601060033066366,-0.0409250886805838,-0.002));
#5876=CARTESIAN_POINT('',(-0.00589674562797761,-0.0411836745237666,-0.002));
#5877=CARTESIAN_POINT('',(-0.00577663618248537,-0.0414422794807691,-0.002));
#5878=CARTESIAN_POINT('',(-0.00559073093097249,-0.0418159151282869,-0.002));
#5879=CARTESIAN_POINT('',(-0.0052345738701293,-0.0424906485827309,-0.002));
#5880=CARTESIAN_POINT('',(-0.00469676123299496,-0.0434652261090237,-0.002));
#5881=CARTESIAN_POINT('',(-0.00397477909773971,-0.0448083670175571,-0.002));
#5882=CARTESIAN_POINT('',(-0.00324608190086393,-0.0463199356029955,-0.002));
#5883=CARTESIAN_POINT('',(-0.00269641892942838,-0.0477277739747588,-0.002));
#5884=CARTESIAN_POINT('',(-0.00233750672483954,-0.0489540001523119,-0.002));
#5885=CARTESIAN_POINT('',(-0.00212364835360984,-0.0499233337929966,-0.002));
#5886=CARTESIAN_POINT('',(-0.00197944078382083,-0.0509449724199807,-0.002));
#5887=CARTESIAN_POINT('',(-0.00192581358943905,-0.0520166330972762,-0.002));
#5888=CARTESIAN_POINT('',(-0.00197269934360936,-0.0530863330929126,-0.002));
#5889=CARTESIAN_POINT('',(-0.00215715916850928,-0.0544760746191685,-0.002));
#5890=CARTESIAN_POINT('',(-0.00259521464988603,-0.0561572980581639,-0.002));
#5891=CARTESIAN_POINT('',(-0.00339579782005514,-0.0580587924755456,-0.002));
#5892=CARTESIAN_POINT('',(-0.00442820718006458,-0.0598430176097934,-0.002));
#5893=CARTESIAN_POINT('',(-0.00566085884244242,-0.0615057536546585,-0.002));
#5894=CARTESIAN_POINT('',(-0.00707008428533412,-0.0630415609197905,-0.002));
#5895=CARTESIAN_POINT('',(-0.00837485748424574,-0.0642067708688302,-0.002));
#5896=CARTESIAN_POINT('',(-0.00949022529646091,-0.0650650425889544,-0.002));
#5897=CARTESIAN_POINT('',(-0.0106492672473613,-0.0658683526725584,-0.002));
#5898=CARTESIAN_POINT('',(-0.0121255001745112,-0.0667449056846646,-0.002));
#5899=CARTESIAN_POINT('',(-0.0138813510243121,-0.0676093720299116,-0.002));
#5900=CARTESIAN_POINT('',(-0.0152898112388695,-0.0681805691078478,-0.002));
#5901=CARTESIAN_POINT('',(-0.0163639832349648,-0.0685488784872038,-0.002));
#5902=CARTESIAN_POINT('',(-0.0171414857106103,-0.0687807718777608,-0.002));
#5903=CARTESIAN_POINT('',(-0.0178954606479706,-0.0689680851998454,-0.002));
#5904=CARTESIAN_POINT('',(-0.018508944928883,-0.0690852757877111,-0.002));
#5905=CARTESIAN_POINT('',(-0.01901471902428,-0.0691532729610464,-0.002));
#5906=CARTESIAN_POINT('',(-0.0194032767032031,-0.0691880064978896,-0.002));
#5907=CARTESIAN_POINT('',(-0.019749705529924,-0.0692008081563153,-0.002));
#5908=CARTESIAN_POINT('',(-0.0200510235914059,-0.0691958116362925,-0.002));
#5909=CARTESIAN_POINT('',(-0.0202875413068551,-0.06918296520728,-0.002));
#5910=CARTESIAN_POINT('',(-0.0205523446110394,-0.0691561183229852,-0.002));
#5911=CARTESIAN_POINT('',(-0.0208328140095251,-0.0691127126932987,-0.002));
#5912=CARTESIAN_POINT('',(-0.0211553940874976,-0.0690421368178945,-0.002));
#5913=CARTESIAN_POINT('',(-0.0215050995283718,-0.068936760559622,-0.002));
#5914=CARTESIAN_POINT('',(-0.0218158794338068,-0.0688134862788814,-0.002));
#5915=CARTESIAN_POINT('',(-0.0220729499864278,-0.0686889310810902,-0.002));
#5916=CARTESIAN_POINT('',(-0.0223355082872153,-0.0685440713650439,-0.002));
#5917=CARTESIAN_POINT('',(-0.0226455285909754,-0.0683396891649827,-0.002));
#5918=CARTESIAN_POINT('',(-0.0228838519667584,-0.068144434116996,-0.002));
#5919=CARTESIAN_POINT('',(-0.0229971725380251,-0.0680400714105003,-0.002));
#5920=CARTESIAN_POINT('',(-0.0499327465399714,-0.06836422815815,-0.002));
#5921=CARTESIAN_POINT('',(-0.0499327465399714,-0.06836422815815,0.));
#5922=CARTESIAN_POINT('',(-0.0501343406595822,-0.0685711236551292,-0.002));
#5923=CARTESIAN_POINT('',(-0.0501343406595822,-0.0685711236551292,0.));
#5924=CARTESIAN_POINT('',(-0.0506415204042576,-0.0689895550754968,-0.002));
#5925=CARTESIAN_POINT('',(-0.0506415204042576,-0.0689895550754968,8.67361737988404E-19));
#5926=CARTESIAN_POINT('',(-0.0515703897588448,-0.0694091350188333,-0.002));
#5927=CARTESIAN_POINT('',(-0.0515703897588448,-0.0694091350188333,4.33680868994202E-19));
#5928=CARTESIAN_POINT('',(-0.052467881128055,-0.069653150363039,-0.002));
#5929=CARTESIAN_POINT('',(-0.052467881128055,-0.069653150363039,-4.33680868994202E-19));
#5930=CARTESIAN_POINT('',(-0.0537436728563396,-0.0698741499037666,-0.002));
#5931=CARTESIAN_POINT('',(-0.0537436728563396,-0.0698741499037666,4.33680868994202E-19));
#5932=CARTESIAN_POINT('',(-0.0554470299807271,-0.069984183388444,-0.002));
#5933=CARTESIAN_POINT('',(-0.0554470299807271,-0.069984183388444,8.67361737988404E-19));
#5934=CARTESIAN_POINT('',(-0.0571717143948971,-0.0699183607634589,-0.002));
#5935=CARTESIAN_POINT('',(-0.0571717143948971,-0.0699183607634589,-1.73472347597681E-18));
#5936=CARTESIAN_POINT('',(-0.0584673316997284,-0.0697565339589152,-0.002));
#5937=CARTESIAN_POINT('',(-0.0584673316997284,-0.0697565339589152,1.30104260698261E-18));
#5938=CARTESIAN_POINT('',(-0.0593838267510721,-0.0695728869614016,-0.002));
#5939=CARTESIAN_POINT('',(-0.0593838267510721,-0.0695728869614016,-4.33680868994202E-19));
#5940=CARTESIAN_POINT('',(-0.0601038021835543,-0.0693516648639626,-0.002));
#5941=CARTESIAN_POINT('',(-0.0601038021835543,-0.0693516648639626,0.));
#5942=CARTESIAN_POINT('',(-0.0606792236396632,-0.0690919348781866,-0.002));
#5943=CARTESIAN_POINT('',(-0.0606792236396632,-0.0690919348781866,0.));
#5944=CARTESIAN_POINT('',(-0.0611237016546789,-0.0688245368002375,-0.002));
#5945=CARTESIAN_POINT('',(-0.0611237016546789,-0.0688245368002375,4.33680868994202E-19));
#5946=CARTESIAN_POINT('',(-0.061591693462583,-0.0684313559924638,-0.002));
#5947=CARTESIAN_POINT('',(-0.061591693462583,-0.0684313559924638,4.33680868994202E-19));
#5948=CARTESIAN_POINT('',(-0.0620462271964058,-0.0677924105665515,-0.002));
#5949=CARTESIAN_POINT('',(-0.0620462271964058,-0.0677924105665515,0.));
#5950=CARTESIAN_POINT('',(-0.0622774100418351,-0.0669903765907058,-0.002));
#5951=CARTESIAN_POINT('',(-0.0622774100418351,-0.0669903765907058,4.33680868994202E-19));
#5952=CARTESIAN_POINT('',(-0.062243712123478,-0.0662386032625592,-0.002));
#5953=CARTESIAN_POINT('',(-0.062243712123478,-0.0662386032625592,-8.67361737988404E-19));
#5954=CARTESIAN_POINT('',(-0.0620637989942431,-0.0656511480297881,-0.002));
#5955=CARTESIAN_POINT('',(-0.0620637989942431,-0.0656511480297881,8.67361737988404E-19));
#5956=CARTESIAN_POINT('',(-0.0617552086792955,-0.065049219859397,-0.002));
#5957=CARTESIAN_POINT('',(-0.0617552086792955,-0.065049219859397,-4.33680868994202E-19));
#5958=CARTESIAN_POINT('',(-0.0613314368371757,-0.0645043264857363,-0.002));
#5959=CARTESIAN_POINT('',(-0.0613314368371757,-0.0645043264857363,-4.33680868994202E-19));
#5960=CARTESIAN_POINT('',(-0.0607996636305015,-0.0639542262903781,-0.002));
#5961=CARTESIAN_POINT('',(-0.0607996636305015,-0.0639542262903781,0.));
#5962=CARTESIAN_POINT('',(-0.06005473906315,-0.0632668540268669,-0.002));
#5963=CARTESIAN_POINT('',(-0.06005473906315,-0.0632668540268669,0.));
#5964=CARTESIAN_POINT('',(-0.0590834408567333,-0.0624171869487377,-0.002));
#5965=CARTESIAN_POINT('',(-0.0590834408567333,-0.0624171869487377,-4.33680868994202E-19));
#5966=CARTESIAN_POINT('',(-0.0580827903021376,-0.0614189538146345,-0.002));
#5967=CARTESIAN_POINT('',(-0.0580827903021376,-0.0614189538146345,-4.33680868994202E-19));
#5968=CARTESIAN_POINT('',(-0.057412767168065,-0.060464349636734,-0.002));
#5969=CARTESIAN_POINT('',(-0.057412767168065,-0.060464349636734,-8.67361737988404E-19));
#5970=CARTESIAN_POINT('',(-0.0568804931980843,-0.059372147103731,-0.002));
#5971=CARTESIAN_POINT('',(-0.0568804931980843,-0.059372147103731,4.33680868994202E-19));
#5972=CARTESIAN_POINT('',(-0.0563552281704526,-0.0577630228130623,-0.002));
#5973=CARTESIAN_POINT('',(-0.0563552281704526,-0.0577630228130623,-4.33680868994202E-19));
#5974=CARTESIAN_POINT('',(-0.0561194340322191,-0.056373468837101,-0.002));
#5975=CARTESIAN_POINT('',(-0.0561194340322191,-0.056373468837101,0.));
#5976=CARTESIAN_POINT('',(-0.0559898805336529,-0.0553918054442652,-0.002));
#5977=CARTESIAN_POINT('',(-0.0559898805336529,-0.0553918054442652,0.));
#5978=CARTESIAN_POINT('',(-0.0499327465399714,-0.06836422815815,0.));
#5979=CARTESIAN_POINT('',(-0.0500335435997768,-0.0684676759066396,0.));
#5980=CARTESIAN_POINT('',(-0.050258642369571,-0.0686749492142877,0.));
#5981=CARTESIAN_POINT('',(-0.0505925101511495,-0.0689134419618116,0.));
#5982=CARTESIAN_POINT('',(-0.050890364335577,-0.0690854462587648,0.));
#5983=CARTESIAN_POINT('',(-0.0511919825198757,-0.0692357100204983,0.));
#5984=CARTESIAN_POINT('',(-0.0515643899829382,-0.0693861568175065,0.));
#5985=CARTESIAN_POINT('',(-0.0520158996086764,-0.0695289975827465,0.));
#5986=CARTESIAN_POINT('',(-0.0526291751112553,-0.0696819841158216,0.));
#5987=CARTESIAN_POINT('',(-0.053424523943658,-0.0698187462678085,0.));
#5988=CARTESIAN_POINT('',(-0.0544235954118183,-0.0699172969783573,0.));
#5989=CARTESIAN_POINT('',(-0.0554504312157074,-0.0699580449517696,0.));
#5990=CARTESIAN_POINT('',(-0.0564824523574543,-0.0699445962136333,0.));
#5991=CARTESIAN_POINT('',(-0.057495432343184,-0.0698779672016409,0.));
#5992=CARTESIAN_POINT('',(-0.0584674654831871,-0.0697563750014632,0.));
#5993=CARTESIAN_POINT('',(-0.0592308092431635,-0.069603945543487,0.));
#5994=CARTESIAN_POINT('',(-0.0598162682527019,-0.0694393741459289,0.));
#5995=CARTESIAN_POINT('',(-0.0602475453409496,-0.0692869596032419,0.));
#5996=CARTESIAN_POINT('',(-0.0606792162240507,-0.0690918054923023,0.));
#5997=CARTESIAN_POINT('',(-0.0611238435237609,-0.0688248271080513,0.));
#5998=CARTESIAN_POINT('',(-0.0615132517555158,-0.0684960746405865,0.));
#5999=CARTESIAN_POINT('',(-0.0618197294860277,-0.0681132858936562,0.));
#6000=CARTESIAN_POINT('',(-0.0620178141916357,-0.0677715171763634,0.));
#6001=CARTESIAN_POINT('',(-0.062163026037471,-0.0673920202502657,0.));
#6002=CARTESIAN_POINT('',(-0.0622710943450632,-0.0668647227744806,0.));
#6003=CARTESIAN_POINT('',(-0.0622439694251365,-0.0662386942581818,0.));
#6004=CARTESIAN_POINT('',(-0.062063660500396,-0.0656512321602645,0.));
#6005=CARTESIAN_POINT('',(-0.0618326529317625,-0.0651992743844668,0.));
#6006=CARTESIAN_POINT('',(-0.0615846517413745,-0.0648328884495685,0.));
#6007=CARTESIAN_POINT('',(-0.0612433986209267,-0.0644116875482134,0.));
#6008=CARTESIAN_POINT('',(-0.0607995887720965,-0.0639546967368685,0.));
#6009=CARTESIAN_POINT('',(-0.0602405458850901,-0.0634380560820364,0.));
#6010=CARTESIAN_POINT('',(-0.0596679919185791,-0.0629290807919578,0.));
#6011=CARTESIAN_POINT('',(-0.059104733469161,-0.0624203414463147,0.));
#6012=CARTESIAN_POINT('',(-0.0585786266382812,-0.0619140424748617,0.));
#6013=CARTESIAN_POINT('',(-0.0581980250951617,-0.0615036302983971,0.));
#6014=CARTESIAN_POINT('',(-0.0579415141177272,-0.0611893328899179,0.));
#6015=CARTESIAN_POINT('',(-0.057699825812592,-0.0608647740105771,0.));
#6016=CARTESIAN_POINT('',(-0.0574288350076588,-0.0604458821350567,0.));
#6017=CARTESIAN_POINT('',(-0.0571449881682684,-0.0599164185393937,0.));
#6018=CARTESIAN_POINT('',(-0.0568157509369886,-0.0591720631532694,0.));
#6019=CARTESIAN_POINT('',(-0.0564865116951681,-0.0581649437670765,0.));
#6020=CARTESIAN_POINT('',(-0.0561970574197983,-0.0568367540435892,0.));
#6021=CARTESIAN_POINT('',(-0.056054657282936,-0.0558826371406831,0.));
#6022=CARTESIAN_POINT('',(-0.0559898805336529,-0.0553918054442652,0.));
#6023=CARTESIAN_POINT('',(-0.0499327465399714,-0.06836422815815,-0.002));
#6024=CARTESIAN_POINT('',(-0.0500335435997768,-0.0684676759066396,-0.002));
#6025=CARTESIAN_POINT('',(-0.050258642369571,-0.0686749492142877,-0.002));
#6026=CARTESIAN_POINT('',(-0.0505925101511495,-0.0689134419618116,-0.002));
#6027=CARTESIAN_POINT('',(-0.050890364335577,-0.0690854462587648,-0.002));
#6028=CARTESIAN_POINT('',(-0.0511919825198757,-0.0692357100204983,-0.002));
#6029=CARTESIAN_POINT('',(-0.0515643899829382,-0.0693861568175065,-0.002));
#6030=CARTESIAN_POINT('',(-0.0520158996086764,-0.0695289975827465,-0.002));
#6031=CARTESIAN_POINT('',(-0.0526291751112553,-0.0696819841158216,-0.002));
#6032=CARTESIAN_POINT('',(-0.053424523943658,-0.0698187462678085,-0.002));
#6033=CARTESIAN_POINT('',(-0.0544235954118183,-0.0699172969783573,-0.002));
#6034=CARTESIAN_POINT('',(-0.0554504312157074,-0.0699580449517696,-0.002));
#6035=CARTESIAN_POINT('',(-0.0564824523574543,-0.0699445962136333,-0.002));
#6036=CARTESIAN_POINT('',(-0.057495432343184,-0.0698779672016409,-0.002));
#6037=CARTESIAN_POINT('',(-0.0584674654831871,-0.0697563750014632,-0.002));
#6038=CARTESIAN_POINT('',(-0.0592308092431635,-0.069603945543487,-0.002));
#6039=CARTESIAN_POINT('',(-0.0598162682527019,-0.0694393741459289,-0.002));
#6040=CARTESIAN_POINT('',(-0.0602475453409496,-0.0692869596032419,-0.002));
#6041=CARTESIAN_POINT('',(-0.0606792162240507,-0.0690918054923023,-0.002));
#6042=CARTESIAN_POINT('',(-0.0611238435237609,-0.0688248271080513,-0.002));
#6043=CARTESIAN_POINT('',(-0.0615132517555158,-0.0684960746405865,-0.002));
#6044=CARTESIAN_POINT('',(-0.0618197294860277,-0.0681132858936562,-0.002));
#6045=CARTESIAN_POINT('',(-0.0620178141916357,-0.0677715171763634,-0.002));
#6046=CARTESIAN_POINT('',(-0.062163026037471,-0.0673920202502657,-0.002));
#6047=CARTESIAN_POINT('',(-0.0622710943450632,-0.0668647227744806,-0.002));
#6048=CARTESIAN_POINT('',(-0.0622439694251365,-0.0662386942581818,-0.002));
#6049=CARTESIAN_POINT('',(-0.062063660500396,-0.0656512321602645,-0.002));
#6050=CARTESIAN_POINT('',(-0.0618326529317625,-0.0651992743844668,-0.002));
#6051=CARTESIAN_POINT('',(-0.0615846517413745,-0.0648328884495685,-0.002));
#6052=CARTESIAN_POINT('',(-0.0612433986209267,-0.0644116875482134,-0.002));
#6053=CARTESIAN_POINT('',(-0.0607995887720965,-0.0639546967368685,-0.002));
#6054=CARTESIAN_POINT('',(-0.0602405458850901,-0.0634380560820364,-0.002));
#6055=CARTESIAN_POINT('',(-0.0596679919185791,-0.0629290807919578,-0.002));
#6056=CARTESIAN_POINT('',(-0.059104733469161,-0.0624203414463147,-0.002));
#6057=CARTESIAN_POINT('',(-0.0585786266382812,-0.0619140424748617,-0.002));
#6058=CARTESIAN_POINT('',(-0.0581980250951617,-0.0615036302983971,-0.002));
#6059=CARTESIAN_POINT('',(-0.0579415141177272,-0.0611893328899179,-0.002));
#6060=CARTESIAN_POINT('',(-0.057699825812592,-0.0608647740105771,-0.002));
#6061=CARTESIAN_POINT('',(-0.0574288350076588,-0.0604458821350567,-0.002));
#6062=CARTESIAN_POINT('',(-0.0571449881682684,-0.0599164185393937,-0.002));
#6063=CARTESIAN_POINT('',(-0.0568157509369886,-0.0591720631532694,-0.002));
#6064=CARTESIAN_POINT('',(-0.0564865116951681,-0.0581649437670765,-0.002));
#6065=CARTESIAN_POINT('',(-0.0561970574197983,-0.0568367540435892,-0.002));
#6066=CARTESIAN_POINT('',(-0.056054657282936,-0.0558826371406831,-0.002));
#6067=CARTESIAN_POINT('',(-0.0559898805336529,-0.0553918054442652,-0.002));
#6068=CARTESIAN_POINT('',(-0.0392185878135432,-0.070268258886819,-0.002));
#6069=CARTESIAN_POINT('',(-0.0392185878135432,-0.070268258886819,0.));
#6070=MECHANICAL_DESIGN_GEOMETRIC_PRESENTATION_REPRESENTATION('',(#806),
#6072);
#6071=MECHANICAL_DESIGN_GEOMETRIC_PRESENTATION_REPRESENTATION('',(#807),
#6073);
#6072=(
GEOMETRIC_REPRESENTATION_CONTEXT(3)
GLOBAL_UNCERTAINTY_ASSIGNED_CONTEXT((#6074))
GLOBAL_UNIT_ASSIGNED_CONTEXT((#6080,#6078,#6076))
REPRESENTATION_CONTEXT('Part 3','TOP_LEVEL_ASSEMBLY_PART')
);
#6073=(
GEOMETRIC_REPRESENTATION_CONTEXT(3)
GLOBAL_UNCERTAINTY_ASSIGNED_CONTEXT((#6075))
GLOBAL_UNIT_ASSIGNED_CONTEXT((#6081,#6079,#6077))
REPRESENTATION_CONTEXT('Part 4','TOP_LEVEL_ASSEMBLY_PART')
);
#6074=UNCERTAINTY_MEASURE_WITH_UNIT(LENGTH_MEASURE(2.E-5),#6080,
'DISTANCE_ACCURACY_VALUE','Maximum Tolerance applied to model');
#6075=UNCERTAINTY_MEASURE_WITH_UNIT(LENGTH_MEASURE(2.E-5),#6081,
'DISTANCE_ACCURACY_VALUE','Maximum Tolerance applied to model');
#6076=(
NAMED_UNIT(*)
SI_UNIT($,.STERADIAN.)
SOLID_ANGLE_UNIT()
);
#6077=(
NAMED_UNIT(*)
SI_UNIT($,.STERADIAN.)
SOLID_ANGLE_UNIT()
);
#6078=(
NAMED_UNIT(*)
PLANE_ANGLE_UNIT()
SI_UNIT($,.RADIAN.)
);
#6079=(
NAMED_UNIT(*)
PLANE_ANGLE_UNIT()
SI_UNIT($,.RADIAN.)
);
#6080=(
LENGTH_UNIT()
NAMED_UNIT(*)
SI_UNIT($,.METRE.)
);
#6081=(
LENGTH_UNIT()
NAMED_UNIT(*)
SI_UNIT($,.METRE.)
);
#6082=PRODUCT_DEFINITION_SHAPE('','',#6084);
#6083=PRODUCT_DEFINITION_SHAPE('','',#6085);
#6084=PRODUCT_DEFINITION('','',#6088,#6086);
#6085=PRODUCT_DEFINITION('','',#6089,#6087);
#6086=PRODUCT_DEFINITION_CONTEXT('',#6100,'design');
#6087=PRODUCT_DEFINITION_CONTEXT('',#6101,'design');
#6088=PRODUCT_DEFINITION_FORMATION_WITH_SPECIFIED_SOURCE('','',#6092,
 .NOT_KNOWN.);
#6089=PRODUCT_DEFINITION_FORMATION_WITH_SPECIFIED_SOURCE('','',#6093,
 .NOT_KNOWN.);
#6090=PRODUCT_RELATED_PRODUCT_CATEGORY('','',(#6092));
#6091=PRODUCT_RELATED_PRODUCT_CATEGORY('','',(#6093));
#6092=PRODUCT('Part 3','Part 3','Part 3',(#6096));
#6093=PRODUCT('Part 4','Part 4','Part 4',(#6097));
#6094=PRODUCT_CATEGORY('','');
#6095=PRODUCT_CATEGORY('','');
#6096=PRODUCT_CONTEXT('',#6100,'mechanical');
#6097=PRODUCT_CONTEXT('',#6101,'mechanical');
#6098=APPLICATION_PROTOCOL_DEFINITION('international standard',
'ap242_managed_model_based_3d_engineering',2020,#6100);
#6099=APPLICATION_PROTOCOL_DEFINITION('international standard',
'ap242_managed_model_based_3d_engineering',2020,#6101);
#6100=APPLICATION_CONTEXT('managed model based 3d engineering');
#6101=APPLICATION_CONTEXT('managed model based 3d engineering');
ENDSEC;
END-ISO-10303-21;
